observation_month,published_at,available_at,cape,source,source_url,source_sha256,downloaded_at
1881-01-01,2026-06-01T09:02:10,1881-01-14,18.47395230140494,yale_shiller_ie_data,http://www.econ.yale.edu/~shiller/data/ie_data.xls,0df9392b7dacf91f756e92c8db508ad903c4588b43f3253680eec3dd8b40db68,2026-06-01T09:02:10
1881-02-01,2026-06-01T09:02:10,1881-02-15,18.14725816499023,yale_shiller_ie_data,http://www.econ.yale.edu/~shiller/data/ie_data.xls,0df9392b7dacf91f756e92c8db508ad903c4588b43f3253680eec3dd8b40db68,2026-06-01T09:02:10
1881-03-01,2026-06-01T09:02:10,1881-03-15,18.27011914020499,yale_shiller_ie_data,http://www.econ.yale.edu/~shiller/data/ie_data.xls,0df9392b7dacf91f756e92c8db508ad903c4588b43f3253680eec3dd8b40db68,2026-06-01T09:02:10
1881-04-01,2026-06-01T09:02:10,1881-04-15,17.95010827822289,yale_shiller_ie_data,http://www.econ.yale.edu/~shiller/data/ie_data.xls,0df9392b7dacf91f756e92c8db508ad903c4588b43f3253680eec3dd8b40db68,2026-06-01T09:02:10
1881-05-01,2026-06-01T09:02:10,1881-05-13,18.869718693152592,yale_shiller_ie_data,http://www.econ.yale.edu/~shiller/data/ie_data.xls,0df9392b7dacf91f756e92c8db508ad903c4588b43f3253680eec3dd8b40db68,2026-06-01T09:02:10
1881-06-01,2026-06-01T09:02:10,1881-06-15,19.02871073111578,yale_shiller_ie_data,http://www.econ.yale.edu/~shiller/data/ie_data.xls,0df9392b7dacf91f756e92c8db508ad903c4588b43f3253680eec3dd8b40db68,2026-06-01T09:02:10
1881-07-01,2026-06-01T09:02:10,1881-07-15,18.116367187389738,yale_shiller_ie_data,http://www.econ.yale.edu/~shiller/data/ie_data.xls,0df9392b7dacf91f756e92c8db508ad903c4588b43f3253680eec3dd8b40db68,2026-06-01T09:02:10
1881-08-01,2026-06-01T09:02:10,1881-08-15,17.286243553973446,yale_shiller_ie_data,http://www.econ.yale.edu/~shiller/data/ie_data.xls,0df9392b7dacf91f756e92c8db508ad903c4588b43f3253680eec3dd8b40db68,2026-06-01T09:02:10
1881-09-01,2026-06-01T09:02:10,1881-09-15,16.724836648772897,yale_shiller_ie_data,http://www.econ.yale.edu/~shiller/data/ie_data.xls,0df9392b7dacf91f756e92c8db508ad903c4588b43f3253680eec3dd8b40db68,2026-06-01T09:02:10
1881-10-01,2026-06-01T09:02:10,1881-10-14,16.261989411181354,yale_shiller_ie_data,http://www.econ.yale.edu/~shiller/data/ie_data.xls,0df9392b7dacf91f756e92c8db508ad903c4588b43f3253680eec3dd8b40db68,2026-06-01T09:02:10
1881-11-01,2026-06-01T09:02:10,1881-11-15,16.47864231664487,yale_shiller_ie_data,http://www.econ.yale.edu/~shiller/data/ie_data.xls,0df9392b7dacf91f756e92c8db508ad903c4588b43f3253680eec3dd8b40db68,2026-06-01T09:02:10
1881-12-01,2026-06-01T09:02:10,1881-12-15,15.958754206105079,yale_shiller_ie_data,http://www.econ.yale.edu/~shiller/data/ie_data.xls,0df9392b7dacf91f756e92c8db508ad903c4588b43f3253680eec3dd8b40db68,2026-06-01T09:02:10
1882-01-01,2026-06-01T09:02:10,1882-01-13,15.678764160028743,yale_shiller_ie_data,http://www.econ.yale.edu/~shiller/data/ie_data.xls,0df9392b7dacf91f756e92c8db508ad903c4588b43f3253680eec3dd8b40db68,2026-06-01T09:02:10
1882-02-01,2026-06-01T09:02:10,1882-02-15,15.153861528363038,yale_shiller_ie_data,http://www.econ.yale.edu/~shiller/data/ie_data.xls,0df9392b7dacf91f756e92c8db508ad903c4588b43f3253680eec3dd8b40db68,2026-06-01T09:02:10
1882-03-01,2026-06-01T09:02:10,1882-03-15,15.091670299486745,yale_shiller_ie_data,http://www.econ.yale.edu/~shiller/data/ie_data.xls,0df9392b7dacf91f756e92c8db508ad903c4588b43f3253680eec3dd8b40db68,2026-06-01T09:02:10
1882-04-01,2026-06-01T09:02:10,1882-04-14,14.916997168375302,yale_shiller_ie_data,http://www.econ.yale.edu/~shiller/data/ie_data.xls,0df9392b7dacf91f756e92c8db508ad903c4588b43f3253680eec3dd8b40db68,2026-06-01T09:02:10
1882-05-01,2026-06-01T09:02:10,1882-05-15,14.567103202191758,yale_shiller_ie_data,http://www.econ.yale.edu/~shiller/data/ie_data.xls,0df9392b7dacf91f756e92c8db508ad903c4588b43f3253680eec3dd8b40db68,2026-06-01T09:02:10
1882-06-01,2026-06-01T09:02:10,1882-06-15,14.327404890131673,yale_shiller_ie_data,http://www.econ.yale.edu/~shiller/data/ie_data.xls,0df9392b7dacf91f756e92c8db508ad903c4588b43f3253680eec3dd8b40db68,2026-06-01T09:02:10
1882-07-01,2026-06-01T09:02:10,1882-07-14,15.240559761217828,yale_shiller_ie_data,http://www.econ.yale.edu/~shiller/data/ie_data.xls,0df9392b7dacf91f756e92c8db508ad903c4588b43f3253680eec3dd8b40db68,2026-06-01T09:02:10
1882-08-01,2026-06-01T09:02:10,1882-08-15,15.525429331463034,yale_shiller_ie_data,http://www.econ.yale.edu/~shiller/data/ie_data.xls,0df9392b7dacf91f756e92c8db508ad903c4588b43f3253680eec3dd8b40db68,2026-06-01T09:02:10
1882-09-01,2026-06-01T09:02:10,1882-09-15,16.081106624462315,yale_shiller_ie_data,http://www.econ.yale.edu/~shiller/data/ie_data.xls,0df9392b7dacf91f756e92c8db508ad903c4588b43f3253680eec3dd8b40db68,2026-06-01T09:02:10
1882-10-01,2026-06-01T09:02:10,1882-10-13,15.75558103052656,yale_shiller_ie_data,http://www.econ.yale.edu/~shiller/data/ie_data.xls,0df9392b7dacf91f756e92c8db508ad903c4588b43f3253680eec3dd8b40db68,2026-06-01T09:02:10
1882-11-01,2026-06-01T09:02:10,1882-11-15,15.192670313165339,yale_shiller_ie_data,http://www.econ.yale.edu/~shiller/data/ie_data.xls,0df9392b7dacf91f756e92c8db508ad903c4588b43f3253680eec3dd8b40db68,2026-06-01T09:02:10
1882-12-01,2026-06-01T09:02:10,1882-12-15,15.382128332081967,yale_shiller_ie_data,http://www.econ.yale.edu/~shiller/data/ie_data.xls,0df9392b7dacf91f756e92c8db508ad903c4588b43f3253680eec3dd8b40db68,2026-06-01T09:02:10
1883-01-01,2026-06-01T09:02:10,1883-01-15,15.27025911909857,yale_shiller_ie_data,http://www.econ.yale.edu/~shiller/data/ie_data.xls,0df9392b7dacf91f756e92c8db508ad903c4588b43f3253680eec3dd8b40db68,2026-06-01T09:02:10
1883-02-01,2026-06-01T09:02:10,1883-02-15,14.75759014617622,yale_shiller_ie_data,http://www.econ.yale.edu/~shiller/data/ie_data.xls,0df9392b7dacf91f756e92c8db508ad903c4588b43f3253680eec3dd8b40db68,2026-06-01T09:02:10
1883-03-01,2026-06-01T09:02:10,1883-03-15,15.05125412140164,yale_shiller_ie_data,http://www.econ.yale.edu/~shiller/data/ie_data.xls,0df9392b7dacf91f756e92c8db508ad903c4588b43f3253680eec3dd8b40db68,2026-06-01T09:02:10
1883-04-01,2026-06-01T09:02:10,1883-04-13,15.482067222036674,yale_shiller_ie_data,http://www.econ.yale.edu/~shiller/data/ie_data.xls,0df9392b7dacf91f756e92c8db508ad903c4588b43f3253680eec3dd8b40db68,2026-06-01T09:02:10
1883-05-01,2026-06-01T09:02:10,1883-05-15,15.335497637337067,yale_shiller_ie_data,http://www.econ.yale.edu/~shiller/data/ie_data.xls,0df9392b7dacf91f756e92c8db508ad903c4588b43f3253680eec3dd8b40db68,2026-06-01T09:02:10
1883-06-01,2026-06-01T09:02:10,1883-06-15,15.903388388583796,yale_shiller_ie_data,http://www.econ.yale.edu/~shiller/data/ie_data.xls,0df9392b7dacf91f756e92c8db508ad903c4588b43f3253680eec3dd8b40db68,2026-06-01T09:02:10
1883-07-01,2026-06-01T09:02:10,1883-07-13,15.948783127017029,yale_shiller_ie_data,http://www.econ.yale.edu/~shiller/data/ie_data.xls,0df9392b7dacf91f756e92c8db508ad903c4588b43f3253680eec3dd8b40db68,2026-06-01T09:02:10
1883-08-01,2026-06-01T09:02:10,1883-08-15,15.196810876629849,yale_shiller_ie_data,http://www.econ.yale.edu/~shiller/data/ie_data.xls,0df9392b7dacf91f756e92c8db508ad903c4588b43f3253680eec3dd8b40db68,2026-06-01T09:02:10
1883-09-01,2026-06-01T09:02:10,1883-09-14,15.494692425793458,yale_shiller_ie_data,http://www.econ.yale.edu/~shiller/data/ie_data.xls,0df9392b7dacf91f756e92c8db508ad903c4588b43f3253680eec3dd8b40db68,2026-06-01T09:02:10
1883-10-01,2026-06-01T09:02:10,1883-10-15,15.048056270223839,yale_shiller_ie_data,http://www.econ.yale.edu/~shiller/data/ie_data.xls,0df9392b7dacf91f756e92c8db508ad903c4588b43f3253680eec3dd8b40db68,2026-06-01T09:02:10
1883-11-01,2026-06-01T09:02:10,1883-11-15,15.408218142448874,yale_shiller_ie_data,http://www.econ.yale.edu/~shiller/data/ie_data.xls,0df9392b7dacf91f756e92c8db508ad903c4588b43f3253680eec3dd8b40db68,2026-06-01T09:02:10
1883-12-01,2026-06-01T09:02:10,1883-12-14,14.896403941887169,yale_shiller_ie_data,http://www.econ.yale.edu/~shiller/data/ie_data.xls,0df9392b7dacf91f756e92c8db508ad903c4588b43f3253680eec3dd8b40db68,2026-06-01T09:02:10
1884-01-01,2026-06-01T09:02:10,1884-01-15,14.432821721970727,yale_shiller_ie_data,http://www.econ.yale.edu/~shiller/data/ie_data.xls,0df9392b7dacf91f756e92c8db508ad903c4588b43f3253680eec3dd8b40db68,2026-06-01T09:02:10
1884-02-01,2026-06-01T09:02:10,1884-02-15,14.805960228816714,yale_shiller_ie_data,http://www.econ.yale.edu/~shiller/data/ie_data.xls,0df9392b7dacf91f756e92c8db508ad903c4588b43f3253680eec3dd8b40db68,2026-06-01T09:02:10
1884-03-01,2026-06-01T09:02:10,1884-03-14,14.736023454014473,yale_shiller_ie_data,http://www.econ.yale.edu/~shiller/data/ie_data.xls,0df9392b7dacf91f756e92c8db508ad903c4588b43f3253680eec3dd8b40db68,2026-06-01T09:02:10
1884-04-01,2026-06-01T09:02:10,1884-04-15,14.353453682579477,yale_shiller_ie_data,http://www.econ.yale.edu/~shiller/data/ie_data.xls,0df9392b7dacf91f756e92c8db508ad903c4588b43f3253680eec3dd8b40db68,2026-06-01T09:02:10
1884-05-01,2026-06-01T09:02:10,1884-05-15,13.46505031380491,yale_shiller_ie_data,http://www.econ.yale.edu/~shiller/data/ie_data.xls,0df9392b7dacf91f756e92c8db508ad903c4588b43f3253680eec3dd8b40db68,2026-06-01T09:02:10
1884-06-01,2026-06-01T09:02:10,1884-06-13,12.906876483666865,yale_shiller_ie_data,http://www.econ.yale.edu/~shiller/data/ie_data.xls,0df9392b7dacf91f756e92c8db508ad903c4588b43f3253680eec3dd8b40db68,2026-06-01T09:02:10
1884-07-01,2026-06-01T09:02:10,1884-07-15,13.043931585991672,yale_shiller_ie_data,http://www.econ.yale.edu/~shiller/data/ie_data.xls,0df9392b7dacf91f756e92c8db508ad903c4588b43f3253680eec3dd8b40db68,2026-06-01T09:02:10
1884-08-01,2026-06-01T09:02:10,1884-08-15,13.859813341769325,yale_shiller_ie_data,http://www.econ.yale.edu/~shiller/data/ie_data.xls,0df9392b7dacf91f756e92c8db508ad903c4588b43f3253680eec3dd8b40db68,2026-06-01T09:02:10
1884-09-01,2026-06-01T09:02:10,1884-09-15,13.569154744335725,yale_shiller_ie_data,http://www.econ.yale.edu/~shiller/data/ie_data.xls,0df9392b7dacf91f756e92c8db508ad903c4588b43f3253680eec3dd8b40db68,2026-06-01T09:02:10
1884-10-01,2026-06-01T09:02:10,1884-10-15,13.27325131913416,yale_shiller_ie_data,http://www.econ.yale.edu/~shiller/data/ie_data.xls,0df9392b7dacf91f756e92c8db508ad903c4588b43f3253680eec3dd8b40db68,2026-06-01T09:02:10
1884-11-01,2026-06-01T09:02:10,1884-11-14,13.304437602119732,yale_shiller_ie_data,http://www.econ.yale.edu/~shiller/data/ie_data.xls,0df9392b7dacf91f756e92c8db508ad903c4588b43f3253680eec3dd8b40db68,2026-06-01T09:02:10
1884-12-01,2026-06-01T09:02:10,1884-12-15,13.432292746944762,yale_shiller_ie_data,http://www.econ.yale.edu/~shiller/data/ie_data.xls,0df9392b7dacf91f756e92c8db508ad903c4588b43f3253680eec3dd8b40db68,2026-06-01T09:02:10
1885-01-01,2026-06-01T09:02:10,1885-01-15,13.129817425635967,yale_shiller_ie_data,http://www.econ.yale.edu/~shiller/data/ie_data.xls,0df9392b7dacf91f756e92c8db508ad903c4588b43f3253680eec3dd8b40db68,2026-06-01T09:02:10
1885-02-01,2026-06-01T09:02:10,1885-02-13,13.384817593597964,yale_shiller_ie_data,http://www.econ.yale.edu/~shiller/data/ie_data.xls,0df9392b7dacf91f756e92c8db508ad903c4588b43f3253680eec3dd8b40db68,2026-06-01T09:02:10
1885-03-01,2026-06-01T09:02:10,1885-03-13,13.734194093452514,yale_shiller_ie_data,http://www.econ.yale.edu/~shiller/data/ie_data.xls,0df9392b7dacf91f756e92c8db508ad903c4588b43f3253680eec3dd8b40db68,2026-06-01T09:02:10
1885-04-01,2026-06-01T09:02:10,1885-04-15,13.54854854103006,yale_shiller_ie_data,http://www.econ.yale.edu/~shiller/data/ie_data.xls,0df9392b7dacf91f756e92c8db508ad903c4588b43f3253680eec3dd8b40db68,2026-06-01T09:02:10
1885-05-01,2026-06-01T09:02:10,1885-05-15,13.71137187256194,yale_shiller_ie_data,http://www.econ.yale.edu/~shiller/data/ie_data.xls,0df9392b7dacf91f756e92c8db508ad903c4588b43f3253680eec3dd8b40db68,2026-06-01T09:02:10
1885-06-01,2026-06-01T09:02:10,1885-06-15,13.978784368698355,yale_shiller_ie_data,http://www.econ.yale.edu/~shiller/data/ie_data.xls,0df9392b7dacf91f756e92c8db508ad903c4588b43f3253680eec3dd8b40db68,2026-06-01T09:02:10
1885-07-01,2026-06-01T09:02:10,1885-07-15,14.32665877708933,yale_shiller_ie_data,http://www.econ.yale.edu/~shiller/data/ie_data.xls,0df9392b7dacf91f756e92c8db508ad903c4588b43f3253680eec3dd8b40db68,2026-06-01T09:02:10
1885-08-01,2026-06-01T09:02:10,1885-08-14,15.130410796707158,yale_shiller_ie_data,http://www.econ.yale.edu/~shiller/data/ie_data.xls,0df9392b7dacf91f756e92c8db508ad903c4588b43f3253680eec3dd8b40db68,2026-06-01T09:02:10
1885-09-01,2026-06-01T09:02:10,1885-09-15,15.11628502872425,yale_shiller_ie_data,http://www.econ.yale.edu/~shiller/data/ie_data.xls,0df9392b7dacf91f756e92c8db508ad903c4588b43f3253680eec3dd8b40db68,2026-06-01T09:02:10
1885-10-01,2026-06-01T09:02:10,1885-10-15,15.991023962168986,yale_shiller_ie_data,http://www.econ.yale.edu/~shiller/data/ie_data.xls,0df9392b7dacf91f756e92c8db508ad903c4588b43f3253680eec3dd8b40db68,2026-06-01T09:02:10
1885-11-01,2026-06-01T09:02:10,1885-11-13,16.824034498619024,yale_shiller_ie_data,http://www.econ.yale.edu/~shiller/data/ie_data.xls,0df9392b7dacf91f756e92c8db508ad903c4588b43f3253680eec3dd8b40db68,2026-06-01T09:02:10
1885-12-01,2026-06-01T09:02:10,1885-12-15,16.30447595227853,yale_shiller_ie_data,http://www.econ.yale.edu/~shiller/data/ie_data.xls,0df9392b7dacf91f756e92c8db508ad903c4588b43f3253680eec3dd8b40db68,2026-06-01T09:02:10
1886-01-01,2026-06-01T09:02:10,1886-01-15,16.69231747079766,yale_shiller_ie_data,http://www.econ.yale.edu/~shiller/data/ie_data.xls,0df9392b7dacf91f756e92c8db508ad903c4588b43f3253680eec3dd8b40db68,2026-06-01T09:02:10
1886-02-01,2026-06-01T09:02:10,1886-02-15,17.006648259461006,yale_shiller_ie_data,http://www.econ.yale.edu/~shiller/data/ie_data.xls,0df9392b7dacf91f756e92c8db508ad903c4588b43f3253680eec3dd8b40db68,2026-06-01T09:02:10
1886-03-01,2026-06-01T09:02:10,1886-03-15,16.843266101570144,yale_shiller_ie_data,http://www.econ.yale.edu/~shiller/data/ie_data.xls,0df9392b7dacf91f756e92c8db508ad903c4588b43f3253680eec3dd8b40db68,2026-06-01T09:02:10
1886-04-01,2026-06-01T09:02:10,1886-04-15,16.801716131246312,yale_shiller_ie_data,http://www.econ.yale.edu/~shiller/data/ie_data.xls,0df9392b7dacf91f756e92c8db508ad903c4588b43f3253680eec3dd8b40db68,2026-06-01T09:02:10
1886-05-01,2026-06-01T09:02:10,1886-05-14,16.86319551509784,yale_shiller_ie_data,http://www.econ.yale.edu/~shiller/data/ie_data.xls,0df9392b7dacf91f756e92c8db508ad903c4588b43f3253680eec3dd8b40db68,2026-06-01T09:02:10
1886-06-01,2026-06-01T09:02:10,1886-06-15,17.83149405537689,yale_shiller_ie_data,http://www.econ.yale.edu/~shiller/data/ie_data.xls,0df9392b7dacf91f756e92c8db508ad903c4588b43f3253680eec3dd8b40db68,2026-06-01T09:02:10
1886-07-01,2026-06-01T09:02:10,1886-07-15,17.84584504153222,yale_shiller_ie_data,http://www.econ.yale.edu/~shiller/data/ie_data.xls,0df9392b7dacf91f756e92c8db508ad903c4588b43f3253680eec3dd8b40db68,2026-06-01T09:02:10
1886-08-01,2026-06-01T09:02:10,1886-08-13,17.72391279961928,yale_shiller_ie_data,http://www.econ.yale.edu/~shiller/data/ie_data.xls,0df9392b7dacf91f756e92c8db508ad903c4588b43f3253680eec3dd8b40db68,2026-06-01T09:02:10
1886-09-01,2026-06-01T09:02:10,1886-09-15,18.147143925800037,yale_shiller_ie_data,http://www.econ.yale.edu/~shiller/data/ie_data.xls,0df9392b7dacf91f756e92c8db508ad903c4588b43f3253680eec3dd8b40db68,2026-06-01T09:02:10
1886-10-01,2026-06-01T09:02:10,1886-10-15,18.562381342866576,yale_shiller_ie_data,http://www.econ.yale.edu/~shiller/data/ie_data.xls,0df9392b7dacf91f756e92c8db508ad903c4588b43f3253680eec3dd8b40db68,2026-06-01T09:02:10
1886-11-01,2026-06-01T09:02:10,1886-11-15,18.968312634942848,yale_shiller_ie_data,http://www.econ.yale.edu/~shiller/data/ie_data.xls,0df9392b7dacf91f756e92c8db508ad903c4588b43f3253680eec3dd8b40db68,2026-06-01T09:02:10
1886-12-01,2026-06-01T09:02:10,1886-12-15,18.19405755688645,yale_shiller_ie_data,http://www.econ.yale.edu/~shiller/data/ie_data.xls,0df9392b7dacf91f756e92c8db508ad903c4588b43f3253680eec3dd8b40db68,2026-06-01T09:02:10
1887-01-01,2026-06-01T09:02:10,1887-01-14,17.512222096304964,yale_shiller_ie_data,http://www.econ.yale.edu/~shiller/data/ie_data.xls,0df9392b7dacf91f756e92c8db508ad903c4588b43f3253680eec3dd8b40db68,2026-06-01T09:02:10
1887-02-01,2026-06-01T09:02:10,1887-02-15,17.125366596972327,yale_shiller_ie_data,http://www.econ.yale.edu/~shiller/data/ie_data.xls,0df9392b7dacf91f756e92c8db508ad903c4588b43f3253680eec3dd8b40db68,2026-06-01T09:02:10
1887-03-01,2026-06-01T09:02:10,1887-03-15,17.473213711513765,yale_shiller_ie_data,http://www.econ.yale.edu/~shiller/data/ie_data.xls,0df9392b7dacf91f756e92c8db508ad903c4588b43f3253680eec3dd8b40db68,2026-06-01T09:02:10
1887-04-01,2026-06-01T09:02:10,1887-04-15,17.822983639100723,yale_shiller_ie_data,http://www.econ.yale.edu/~shiller/data/ie_data.xls,0df9392b7dacf91f756e92c8db508ad903c4588b43f3253680eec3dd8b40db68,2026-06-01T09:02:10
1887-05-01,2026-06-01T09:02:10,1887-05-13,18.075445427458252,yale_shiller_ie_data,http://www.econ.yale.edu/~shiller/data/ie_data.xls,0df9392b7dacf91f756e92c8db508ad903c4588b43f3253680eec3dd8b40db68,2026-06-01T09:02:10
1887-06-01,2026-06-01T09:02:10,1887-06-15,17.707695663272997,yale_shiller_ie_data,http://www.econ.yale.edu/~shiller/data/ie_data.xls,0df9392b7dacf91f756e92c8db508ad903c4588b43f3253680eec3dd8b40db68,2026-06-01T09:02:10
1887-07-01,2026-06-01T09:02:10,1887-07-15,17.431460535613088,yale_shiller_ie_data,http://www.econ.yale.edu/~shiller/data/ie_data.xls,0df9392b7dacf91f756e92c8db508ad903c4588b43f3253680eec3dd8b40db68,2026-06-01T09:02:10
1887-08-01,2026-06-01T09:02:10,1887-08-15,16.73984961482072,yale_shiller_ie_data,http://www.econ.yale.edu/~shiller/data/ie_data.xls,0df9392b7dacf91f756e92c8db508ad903c4588b43f3253680eec3dd8b40db68,2026-06-01T09:02:10
1887-09-01,2026-06-01T09:02:10,1887-09-15,16.676629667380155,yale_shiller_ie_data,http://www.econ.yale.edu/~shiller/data/ie_data.xls,0df9392b7dacf91f756e92c8db508ad903c4588b43f3253680eec3dd8b40db68,2026-06-01T09:02:10
1887-10-01,2026-06-01T09:02:10,1887-10-14,15.880666812517322,yale_shiller_ie_data,http://www.econ.yale.edu/~shiller/data/ie_data.xls,0df9392b7dacf91f756e92c8db508ad903c4588b43f3253680eec3dd8b40db68,2026-06-01T09:02:10
1887-11-01,2026-06-01T09:02:10,1887-11-15,15.950712201066784,yale_shiller_ie_data,http://www.econ.yale.edu/~shiller/data/ie_data.xls,0df9392b7dacf91f756e92c8db508ad903c4588b43f3253680eec3dd8b40db68,2026-06-01T09:02:10
1887-12-01,2026-06-01T09:02:10,1887-12-15,15.455513454469953,yale_shiller_ie_data,http://www.econ.yale.edu/~shiller/data/ie_data.xls,0df9392b7dacf91f756e92c8db508ad903c4588b43f3253680eec3dd8b40db68,2026-06-01T09:02:10
1888-01-01,2026-06-01T09:02:10,1888-01-13,15.358662514259917,yale_shiller_ie_data,http://www.econ.yale.edu/~shiller/data/ie_data.xls,0df9392b7dacf91f756e92c8db508ad903c4588b43f3253680eec3dd8b40db68,2026-06-01T09:02:10
1888-02-01,2026-06-01T09:02:10,1888-02-15,15.418178318820546,yale_shiller_ie_data,http://www.econ.yale.edu/~shiller/data/ie_data.xls,0df9392b7dacf91f756e92c8db508ad903c4588b43f3253680eec3dd8b40db68,2026-06-01T09:02:10
1888-03-01,2026-06-01T09:02:10,1888-03-15,14.808972366946579,yale_shiller_ie_data,http://www.econ.yale.edu/~shiller/data/ie_data.xls,0df9392b7dacf91f756e92c8db508ad903c4588b43f3253680eec3dd8b40db68,2026-06-01T09:02:10
1888-04-01,2026-06-01T09:02:10,1888-04-13,15.020108681844473,yale_shiller_ie_data,http://www.econ.yale.edu/~shiller/data/ie_data.xls,0df9392b7dacf91f756e92c8db508ad903c4588b43f3253680eec3dd8b40db68,2026-06-01T09:02:10
1888-05-01,2026-06-01T09:02:10,1888-05-15,15.38791695722914,yale_shiller_ie_data,http://www.econ.yale.edu/~shiller/data/ie_data.xls,0df9392b7dacf91f756e92c8db508ad903c4588b43f3253680eec3dd8b40db68,2026-06-01T09:02:10
1888-06-01,2026-06-01T09:02:10,1888-06-15,15.077628818434698,yale_shiller_ie_data,http://www.econ.yale.edu/~shiller/data/ie_data.xls,0df9392b7dacf91f756e92c8db508ad903c4588b43f3253680eec3dd8b40db68,2026-06-01T09:02:10
1888-07-01,2026-06-01T09:02:10,1888-07-13,15.279642515498182,yale_shiller_ie_data,http://www.econ.yale.edu/~shiller/data/ie_data.xls,0df9392b7dacf91f756e92c8db508ad903c4588b43f3253680eec3dd8b40db68,2026-06-01T09:02:10
1888-08-01,2026-06-01T09:02:10,1888-08-15,15.602911670088815,yale_shiller_ie_data,http://www.econ.yale.edu/~shiller/data/ie_data.xls,0df9392b7dacf91f756e92c8db508ad903c4588b43f3253680eec3dd8b40db68,2026-06-01T09:02:10
1888-09-01,2026-06-01T09:02:10,1888-09-14,15.987828821761426,yale_shiller_ie_data,http://www.econ.yale.edu/~shiller/data/ie_data.xls,0df9392b7dacf91f756e92c8db508ad903c4588b43f3253680eec3dd8b40db68,2026-06-01T09:02:10
1888-10-01,2026-06-01T09:02:10,1888-10-15,15.715941874329712,yale_shiller_ie_data,http://www.econ.yale.edu/~shiller/data/ie_data.xls,0df9392b7dacf91f756e92c8db508ad903c4588b43f3253680eec3dd8b40db68,2026-06-01T09:02:10
1888-11-01,2026-06-01T09:02:10,1888-11-15,15.22374901694629,yale_shiller_ie_data,http://www.econ.yale.edu/~shiller/data/ie_data.xls,0df9392b7dacf91f756e92c8db508ad903c4588b43f3253680eec3dd8b40db68,2026-06-01T09:02:10
1888-12-01,2026-06-01T09:02:10,1888-12-14,14.946748301089235,yale_shiller_ie_data,http://www.econ.yale.edu/~shiller/data/ie_data.xls,0df9392b7dacf91f756e92c8db508ad903c4588b43f3253680eec3dd8b40db68,2026-06-01T09:02:10
1889-01-01,2026-06-01T09:02:10,1889-01-15,15.802286071028167,yale_shiller_ie_data,http://www.econ.yale.edu/~shiller/data/ie_data.xls,0df9392b7dacf91f756e92c8db508ad903c4588b43f3253680eec3dd8b40db68,2026-06-01T09:02:10
1889-02-01,2026-06-01T09:02:10,1889-02-15,16.192720447849002,yale_shiller_ie_data,http://www.econ.yale.edu/~shiller/data/ie_data.xls,0df9392b7dacf91f756e92c8db508ad903c4588b43f3253680eec3dd8b40db68,2026-06-01T09:02:10
1889-03-01,2026-06-01T09:02:10,1889-03-15,16.065045360769297,yale_shiller_ie_data,http://www.econ.yale.edu/~shiller/data/ie_data.xls,0df9392b7dacf91f756e92c8db508ad903c4588b43f3253680eec3dd8b40db68,2026-06-01T09:02:10
1889-04-01,2026-06-01T09:02:10,1889-04-15,16.050104533967488,yale_shiller_ie_data,http://www.econ.yale.edu/~shiller/data/ie_data.xls,0df9392b7dacf91f756e92c8db508ad903c4588b43f3253680eec3dd8b40db68,2026-06-01T09:02:10
1889-05-01,2026-06-01T09:02:10,1889-05-15,16.915421076068384,yale_shiller_ie_data,http://www.econ.yale.edu/~shiller/data/ie_data.xls,0df9392b7dacf91f756e92c8db508ad903c4588b43f3253680eec3dd8b40db68,2026-06-01T09:02:10
1889-06-01,2026-06-01T09:02:10,1889-06-14,17.21930294394769,yale_shiller_ie_data,http://www.econ.yale.edu/~shiller/data/ie_data.xls,0df9392b7dacf91f756e92c8db508ad903c4588b43f3253680eec3dd8b40db68,2026-06-01T09:02:10
1889-07-01,2026-06-01T09:02:10,1889-07-15,16.889214491107516,yale_shiller_ie_data,http://www.econ.yale.edu/~shiller/data/ie_data.xls,0df9392b7dacf91f756e92c8db508ad903c4588b43f3253680eec3dd8b40db68,2026-06-01T09:02:10
1889-08-01,2026-06-01T09:02:10,1889-08-15,17.131853975345734,yale_shiller_ie_data,http://www.econ.yale.edu/~shiller/data/ie_data.xls,0df9392b7dacf91f756e92c8db508ad903c4588b43f3253680eec3dd8b40db68,2026-06-01T09:02:10
1889-09-01,2026-06-01T09:02:10,1889-09-13,17.3507880263486,yale_shiller_ie_data,http://www.econ.yale.edu/~shiller/data/ie_data.xls,0df9392b7dacf91f756e92c8db508ad903c4588b43f3253680eec3dd8b40db68,2026-06-01T09:02:10
1889-10-01,2026-06-01T09:02:10,1889-10-15,17.053214402955494,yale_shiller_ie_data,http://www.econ.yale.edu/~shiller/data/ie_data.xls,0df9392b7dacf91f756e92c8db508ad903c4588b43f3253680eec3dd8b40db68,2026-06-01T09:02:10
1889-11-01,2026-06-01T09:02:10,1889-11-15,16.90602117024937,yale_shiller_ie_data,http://www.econ.yale.edu/~shiller/data/ie_data.xls,0df9392b7dacf91f756e92c8db508ad903c4588b43f3253680eec3dd8b40db68,2026-06-01T09:02:10
1889-12-01,2026-06-01T09:02:10,1889-12-13,16.61033807660339,yale_shiller_ie_data,http://www.econ.yale.edu/~shiller/data/ie_data.xls,0df9392b7dacf91f756e92c8db508ad903c4588b43f3253680eec3dd8b40db68,2026-06-01T09:02:10
1890-01-01,2026-06-01T09:02:10,1890-01-15,17.220071982181903,yale_shiller_ie_data,http://www.econ.yale.edu/~shiller/data/ie_data.xls,0df9392b7dacf91f756e92c8db508ad903c4588b43f3253680eec3dd8b40db68,2026-06-01T09:02:10
1890-02-01,2026-06-01T09:02:10,1890-02-14,17.02681498267141,yale_shiller_ie_data,http://www.econ.yale.edu/~shiller/data/ie_data.xls,0df9392b7dacf91f756e92c8db508ad903c4588b43f3253680eec3dd8b40db68,2026-06-01T09:02:10
1890-03-01,2026-06-01T09:02:10,1890-03-14,16.90112228858991,yale_shiller_ie_data,http://www.econ.yale.edu/~shiller/data/ie_data.xls,0df9392b7dacf91f756e92c8db508ad903c4588b43f3253680eec3dd8b40db68,2026-06-01T09:02:10
1890-04-01,2026-06-01T09:02:10,1890-04-15,17.257854542603198,yale_shiller_ie_data,http://www.econ.yale.edu/~shiller/data/ie_data.xls,0df9392b7dacf91f756e92c8db508ad903c4588b43f3253680eec3dd8b40db68,2026-06-01T09:02:10
1890-05-01,2026-06-01T09:02:10,1890-05-15,17.786430487858624,yale_shiller_ie_data,http://www.econ.yale.edu/~shiller/data/ie_data.xls,0df9392b7dacf91f756e92c8db508ad903c4588b43f3253680eec3dd8b40db68,2026-06-01T09:02:10
1890-06-01,2026-06-01T09:02:10,1890-06-13,17.684360844450165,yale_shiller_ie_data,http://www.econ.yale.edu/~shiller/data/ie_data.xls,0df9392b7dacf91f756e92c8db508ad903c4588b43f3253680eec3dd8b40db68,2026-06-01T09:02:10
1890-07-01,2026-06-01T09:02:10,1890-07-15,17.589295440864863,yale_shiller_ie_data,http://www.econ.yale.edu/~shiller/data/ie_data.xls,0df9392b7dacf91f756e92c8db508ad903c4588b43f3253680eec3dd8b40db68,2026-06-01T09:02:10
1890-08-01,2026-06-01T09:02:10,1890-08-15,16.5967911339791,yale_shiller_ie_data,http://www.econ.yale.edu/~shiller/data/ie_data.xls,0df9392b7dacf91f756e92c8db508ad903c4588b43f3253680eec3dd8b40db68,2026-06-01T09:02:10
1890-09-01,2026-06-01T09:02:10,1890-09-15,16.16970200061531,yale_shiller_ie_data,http://www.econ.yale.edu/~shiller/data/ie_data.xls,0df9392b7dacf91f756e92c8db508ad903c4588b43f3253680eec3dd8b40db68,2026-06-01T09:02:10
1890-10-01,2026-06-01T09:02:10,1890-10-15,15.48284916334444,yale_shiller_ie_data,http://www.econ.yale.edu/~shiller/data/ie_data.xls,0df9392b7dacf91f756e92c8db508ad903c4588b43f3253680eec3dd8b40db68,2026-06-01T09:02:10
1890-11-01,2026-06-01T09:02:10,1890-11-14,14.745043493292805,yale_shiller_ie_data,http://www.econ.yale.edu/~shiller/data/ie_data.xls,0df9392b7dacf91f756e92c8db508ad903c4588b43f3253680eec3dd8b40db68,2026-06-01T09:02:10
1890-12-01,2026-06-01T09:02:10,1890-12-15,14.442991231338441,yale_shiller_ie_data,http://www.econ.yale.edu/~shiller/data/ie_data.xls,0df9392b7dacf91f756e92c8db508ad903c4588b43f3253680eec3dd8b40db68,2026-06-01T09:02:10
1891-01-01,2026-06-01T09:02:10,1891-01-15,15.428980086469101,yale_shiller_ie_data,http://www.econ.yale.edu/~shiller/data/ie_data.xls,0df9392b7dacf91f756e92c8db508ad903c4588b43f3253680eec3dd8b40db68,2026-06-01T09:02:10
1891-02-01,2026-06-01T09:02:10,1891-02-13,15.476522332432543,yale_shiller_ie_data,http://www.econ.yale.edu/~shiller/data/ie_data.xls,0df9392b7dacf91f756e92c8db508ad903c4588b43f3253680eec3dd8b40db68,2026-06-01T09:02:10
1891-03-01,2026-06-01T09:02:10,1891-03-13,15.051623357657386,yale_shiller_ie_data,http://www.econ.yale.edu/~shiller/data/ie_data.xls,0df9392b7dacf91f756e92c8db508ad903c4588b43f3253680eec3dd8b40db68,2026-06-01T09:02:10
1891-04-01,2026-06-01T09:02:10,1891-04-15,15.408945125474125,yale_shiller_ie_data,http://www.econ.yale.edu/~shiller/data/ie_data.xls,0df9392b7dacf91f756e92c8db508ad903c4588b43f3253680eec3dd8b40db68,2026-06-01T09:02:10
1891-05-01,2026-06-01T09:02:10,1891-05-15,15.566495230713256,yale_shiller_ie_data,http://www.econ.yale.edu/~shiller/data/ie_data.xls,0df9392b7dacf91f756e92c8db508ad903c4588b43f3253680eec3dd8b40db68,2026-06-01T09:02:10
1891-06-01,2026-06-01T09:02:10,1891-06-15,15.658211395638151,yale_shiller_ie_data,http://www.econ.yale.edu/~shiller/data/ie_data.xls,0df9392b7dacf91f756e92c8db508ad903c4588b43f3253680eec3dd8b40db68,2026-06-01T09:02:10
1891-07-01,2026-06-01T09:02:10,1891-07-15,15.617919238645992,yale_shiller_ie_data,http://www.econ.yale.edu/~shiller/data/ie_data.xls,0df9392b7dacf91f756e92c8db508ad903c4588b43f3253680eec3dd8b40db68,2026-06-01T09:02:10
1891-08-01,2026-06-01T09:02:10,1891-08-14,16.16399850996304,yale_shiller_ie_data,http://www.econ.yale.edu/~shiller/data/ie_data.xls,0df9392b7dacf91f756e92c8db508ad903c4588b43f3253680eec3dd8b40db68,2026-06-01T09:02:10
1891-09-01,2026-06-01T09:02:10,1891-09-15,17.71126141325653,yale_shiller_ie_data,http://www.econ.yale.edu/~shiller/data/ie_data.xls,0df9392b7dacf91f756e92c8db508ad903c4588b43f3253680eec3dd8b40db68,2026-06-01T09:02:10
1891-10-01,2026-06-01T09:02:10,1891-10-15,17.71656858982637,yale_shiller_ie_data,http://www.econ.yale.edu/~shiller/data/ie_data.xls,0df9392b7dacf91f756e92c8db508ad903c4588b43f3253680eec3dd8b40db68,2026-06-01T09:02:10
1891-11-01,2026-06-01T09:02:10,1891-11-13,17.671739174764006,yale_shiller_ie_data,http://www.econ.yale.edu/~shiller/data/ie_data.xls,0df9392b7dacf91f756e92c8db508ad903c4588b43f3253680eec3dd8b40db68,2026-06-01T09:02:10
1891-12-01,2026-06-01T09:02:10,1891-12-15,18.20630300020994,yale_shiller_ie_data,http://www.econ.yale.edu/~shiller/data/ie_data.xls,0df9392b7dacf91f756e92c8db508ad903c4588b43f3253680eec3dd8b40db68,2026-06-01T09:02:10
1892-01-01,2026-06-01T09:02:10,1892-01-15,19.016388404225278,yale_shiller_ie_data,http://www.econ.yale.edu/~shiller/data/ie_data.xls,0df9392b7dacf91f756e92c8db508ad903c4588b43f3253680eec3dd8b40db68,2026-06-01T09:02:10
1892-02-01,2026-06-01T09:02:10,1892-02-15,19.03642504097844,yale_shiller_ie_data,http://www.econ.yale.edu/~shiller/data/ie_data.xls,0df9392b7dacf91f756e92c8db508ad903c4588b43f3253680eec3dd8b40db68,2026-06-01T09:02:10
1892-03-01,2026-06-01T09:02:10,1892-03-15,19.738054849323017,yale_shiller_ie_data,http://www.econ.yale.edu/~shiller/data/ie_data.xls,0df9392b7dacf91f756e92c8db508ad903c4588b43f3253680eec3dd8b40db68,2026-06-01T09:02:10
1892-04-01,2026-06-01T09:02:10,1892-04-15,19.943265241638652,yale_shiller_ie_data,http://www.econ.yale.edu/~shiller/data/ie_data.xls,0df9392b7dacf91f756e92c8db508ad903c4588b43f3253680eec3dd8b40db68,2026-06-01T09:02:10
1892-05-01,2026-06-01T09:02:10,1892-05-13,19.911465213489812,yale_shiller_ie_data,http://www.econ.yale.edu/~shiller/data/ie_data.xls,0df9392b7dacf91f756e92c8db508ad903c4588b43f3253680eec3dd8b40db68,2026-06-01T09:02:10
1892-06-01,2026-06-01T09:02:10,1892-06-15,19.769284397136747,yale_shiller_ie_data,http://www.econ.yale.edu/~shiller/data/ie_data.xls,0df9392b7dacf91f756e92c8db508ad903c4588b43f3253680eec3dd8b40db68,2026-06-01T09:02:10
1892-07-01,2026-06-01T09:02:10,1892-07-15,19.21188643450556,yale_shiller_ie_data,http://www.econ.yale.edu/~shiller/data/ie_data.xls,0df9392b7dacf91f756e92c8db508ad903c4588b43f3253680eec3dd8b40db68,2026-06-01T09:02:10
1892-08-01,2026-06-01T09:02:10,1892-08-15,19.204303803173826,yale_shiller_ie_data,http://www.econ.yale.edu/~shiller/data/ie_data.xls,0df9392b7dacf91f756e92c8db508ad903c4588b43f3253680eec3dd8b40db68,2026-06-01T09:02:10
1892-09-01,2026-06-01T09:02:10,1892-09-15,18.6942718095882,yale_shiller_ie_data,http://www.econ.yale.edu/~shiller/data/ie_data.xls,0df9392b7dacf91f756e92c8db508ad903c4588b43f3253680eec3dd8b40db68,2026-06-01T09:02:10
1892-10-01,2026-06-01T09:02:10,1892-10-14,19.04021491532471,yale_shiller_ie_data,http://www.econ.yale.edu/~shiller/data/ie_data.xls,0df9392b7dacf91f756e92c8db508ad903c4588b43f3253680eec3dd8b40db68,2026-06-01T09:02:10
1892-11-01,2026-06-01T09:02:10,1892-11-15,18.463312690800002,yale_shiller_ie_data,http://www.econ.yale.edu/~shiller/data/ie_data.xls,0df9392b7dacf91f756e92c8db508ad903c4588b43f3253680eec3dd8b40db68,2026-06-01T09:02:10
1892-12-01,2026-06-01T09:02:10,1892-12-15,18.01300925127574,yale_shiller_ie_data,http://www.econ.yale.edu/~shiller/data/ie_data.xls,0df9392b7dacf91f756e92c8db508ad903c4588b43f3253680eec3dd8b40db68,2026-06-01T09:02:10
1893-01-01,2026-06-01T09:02:10,1893-01-13,17.65664370809878,yale_shiller_ie_data,http://www.econ.yale.edu/~shiller/data/ie_data.xls,0df9392b7dacf91f756e92c8db508ad903c4588b43f3253680eec3dd8b40db68,2026-06-01T09:02:10
1893-02-01,2026-06-01T09:02:10,1893-02-15,17.125193854872453,yale_shiller_ie_data,http://www.econ.yale.edu/~shiller/data/ie_data.xls,0df9392b7dacf91f756e92c8db508ad903c4588b43f3253680eec3dd8b40db68,2026-06-01T09:02:10
1893-03-01,2026-06-01T09:02:10,1893-03-15,16.899589031582327,yale_shiller_ie_data,http://www.econ.yale.edu/~shiller/data/ie_data.xls,0df9392b7dacf91f756e92c8db508ad903c4588b43f3253680eec3dd8b40db68,2026-06-01T09:02:10
1893-04-01,2026-06-01T09:02:10,1893-04-14,17.102541578254918,yale_shiller_ie_data,http://www.econ.yale.edu/~shiller/data/ie_data.xls,0df9392b7dacf91f756e92c8db508ad903c4588b43f3253680eec3dd8b40db68,2026-06-01T09:02:10
1893-05-01,2026-06-01T09:02:10,1893-05-15,15.78098731077625,yale_shiller_ie_data,http://www.econ.yale.edu/~shiller/data/ie_data.xls,0df9392b7dacf91f756e92c8db508ad903c4588b43f3253680eec3dd8b40db68,2026-06-01T09:02:10
1893-06-01,2026-06-01T09:02:10,1893-06-15,15.41650386359769,yale_shiller_ie_data,http://www.econ.yale.edu/~shiller/data/ie_data.xls,0df9392b7dacf91f756e92c8db508ad903c4588b43f3253680eec3dd8b40db68,2026-06-01T09:02:10
1893-07-01,2026-06-01T09:02:10,1893-07-14,14.349854182760948,yale_shiller_ie_data,http://www.econ.yale.edu/~shiller/data/ie_data.xls,0df9392b7dacf91f756e92c8db508ad903c4588b43f3253680eec3dd8b40db68,2026-06-01T09:02:10
1893-08-01,2026-06-01T09:02:10,1893-08-15,14.58805653580781,yale_shiller_ie_data,http://www.econ.yale.edu/~shiller/data/ie_data.xls,0df9392b7dacf91f756e92c8db508ad903c4588b43f3253680eec3dd8b40db68,2026-06-01T09:02:10
1893-09-01,2026-06-01T09:02:10,1893-09-15,15.012069079138762,yale_shiller_ie_data,http://www.econ.yale.edu/~shiller/data/ie_data.xls,0df9392b7dacf91f756e92c8db508ad903c4588b43f3253680eec3dd8b40db68,2026-06-01T09:02:10
1893-10-01,2026-06-01T09:02:10,1893-10-13,15.271794153520183,yale_shiller_ie_data,http://www.econ.yale.edu/~shiller/data/ie_data.xls,0df9392b7dacf91f756e92c8db508ad903c4588b43f3253680eec3dd8b40db68,2026-06-01T09:02:10
1893-11-01,2026-06-01T09:02:10,1893-11-15,15.942411400571672,yale_shiller_ie_data,http://www.econ.yale.edu/~shiller/data/ie_data.xls,0df9392b7dacf91f756e92c8db508ad903c4588b43f3253680eec3dd8b40db68,2026-06-01T09:02:10
1893-12-01,2026-06-01T09:02:10,1893-12-15,15.612694335464933,yale_shiller_ie_data,http://www.econ.yale.edu/~shiller/data/ie_data.xls,0df9392b7dacf91f756e92c8db508ad903c4588b43f3253680eec3dd8b40db68,2026-06-01T09:02:10
1894-01-01,2026-06-01T09:02:10,1894-01-15,15.739869351948219,yale_shiller_ie_data,http://www.econ.yale.edu/~shiller/data/ie_data.xls,0df9392b7dacf91f756e92c8db508ad903c4588b43f3253680eec3dd8b40db68,2026-06-01T09:02:10
1894-02-01,2026-06-01T09:02:10,1894-02-15,16.20273659644992,yale_shiller_ie_data,http://www.econ.yale.edu/~shiller/data/ie_data.xls,0df9392b7dacf91f756e92c8db508ad903c4588b43f3253680eec3dd8b40db68,2026-06-01T09:02:10
1894-03-01,2026-06-01T09:02:10,1894-03-15,17.187622088121927,yale_shiller_ie_data,http://www.econ.yale.edu/~shiller/data/ie_data.xls,0df9392b7dacf91f756e92c8db508ad903c4588b43f3253680eec3dd8b40db68,2026-06-01T09:02:10
1894-04-01,2026-06-01T09:02:10,1894-04-13,17.434849078052448,yale_shiller_ie_data,http://www.econ.yale.edu/~shiller/data/ie_data.xls,0df9392b7dacf91f756e92c8db508ad903c4588b43f3253680eec3dd8b40db68,2026-06-01T09:02:10
1894-05-01,2026-06-01T09:02:10,1894-05-15,16.808751920918002,yale_shiller_ie_data,http://www.econ.yale.edu/~shiller/data/ie_data.xls,0df9392b7dacf91f756e92c8db508ad903c4588b43f3253680eec3dd8b40db68,2026-06-01T09:02:10
1894-06-01,2026-06-01T09:02:10,1894-06-15,16.60631969529252,yale_shiller_ie_data,http://www.econ.yale.edu/~shiller/data/ie_data.xls,0df9392b7dacf91f756e92c8db508ad903c4588b43f3253680eec3dd8b40db68,2026-06-01T09:02:10
1894-07-01,2026-06-01T09:02:10,1894-07-13,16.289679714916947,yale_shiller_ie_data,http://www.econ.yale.edu/~shiller/data/ie_data.xls,0df9392b7dacf91f756e92c8db508ad903c4588b43f3253680eec3dd8b40db68,2026-06-01T09:02:10
1894-08-01,2026-06-01T09:02:10,1894-08-15,16.45777707299836,yale_shiller_ie_data,http://www.econ.yale.edu/~shiller/data/ie_data.xls,0df9392b7dacf91f756e92c8db508ad903c4588b43f3253680eec3dd8b40db68,2026-06-01T09:02:10
1894-09-01,2026-06-01T09:02:10,1894-09-14,16.522315444877208,yale_shiller_ie_data,http://www.econ.yale.edu/~shiller/data/ie_data.xls,0df9392b7dacf91f756e92c8db508ad903c4588b43f3253680eec3dd8b40db68,2026-06-01T09:02:10
1894-10-01,2026-06-01T09:02:10,1894-10-15,16.50290420570842,yale_shiller_ie_data,http://www.econ.yale.edu/~shiller/data/ie_data.xls,0df9392b7dacf91f756e92c8db508ad903c4588b43f3253680eec3dd8b40db68,2026-06-01T09:02:10
1894-11-01,2026-06-01T09:02:10,1894-11-15,16.542784447444543,yale_shiller_ie_data,http://www.econ.yale.edu/~shiller/data/ie_data.xls,0df9392b7dacf91f756e92c8db508ad903c4588b43f3253680eec3dd8b40db68,2026-06-01T09:02:10
1894-12-01,2026-06-01T09:02:10,1894-12-14,16.67246633376772,yale_shiller_ie_data,http://www.econ.yale.edu/~shiller/data/ie_data.xls,0df9392b7dacf91f756e92c8db508ad903c4588b43f3253680eec3dd8b40db68,2026-06-01T09:02:10
1895-01-01,2026-06-01T09:02:10,1895-01-15,16.524443935162704,yale_shiller_ie_data,http://www.econ.yale.edu/~shiller/data/ie_data.xls,0df9392b7dacf91f756e92c8db508ad903c4588b43f3253680eec3dd8b40db68,2026-06-01T09:02:10
1895-02-01,2026-06-01T09:02:10,1895-02-15,16.3312376932114,yale_shiller_ie_data,http://www.econ.yale.edu/~shiller/data/ie_data.xls,0df9392b7dacf91f756e92c8db508ad903c4588b43f3253680eec3dd8b40db68,2026-06-01T09:02:10
1895-03-01,2026-06-01T09:02:10,1895-03-15,16.36462542717479,yale_shiller_ie_data,http://www.econ.yale.edu/~shiller/data/ie_data.xls,0df9392b7dacf91f756e92c8db508ad903c4588b43f3253680eec3dd8b40db68,2026-06-01T09:02:10
1895-04-01,2026-06-01T09:02:10,1895-04-15,16.387543823686293,yale_shiller_ie_data,http://www.econ.yale.edu/~shiller/data/ie_data.xls,0df9392b7dacf91f756e92c8db508ad903c4588b43f3253680eec3dd8b40db68,2026-06-01T09:02:10
1895-05-01,2026-06-01T09:02:10,1895-05-15,17.080369553382383,yale_shiller_ie_data,http://www.econ.yale.edu/~shiller/data/ie_data.xls,0df9392b7dacf91f756e92c8db508ad903c4588b43f3253680eec3dd8b40db68,2026-06-01T09:02:10
1895-06-01,2026-06-01T09:02:10,1895-06-14,17.20741353978338,yale_shiller_ie_data,http://www.econ.yale.edu/~shiller/data/ie_data.xls,0df9392b7dacf91f756e92c8db508ad903c4588b43f3253680eec3dd8b40db68,2026-06-01T09:02:10
1895-07-01,2026-06-01T09:02:10,1895-07-15,17.54601464874055,yale_shiller_ie_data,http://www.econ.yale.edu/~shiller/data/ie_data.xls,0df9392b7dacf91f756e92c8db508ad903c4588b43f3253680eec3dd8b40db68,2026-06-01T09:02:10
1895-08-01,2026-06-01T09:02:10,1895-08-15,18.074072547241787,yale_shiller_ie_data,http://www.econ.yale.edu/~shiller/data/ie_data.xls,0df9392b7dacf91f756e92c8db508ad903c4588b43f3253680eec3dd8b40db68,2026-06-01T09:02:10
1895-09-01,2026-06-01T09:02:10,1895-09-13,18.200335946605456,yale_shiller_ie_data,http://www.econ.yale.edu/~shiller/data/ie_data.xls,0df9392b7dacf91f756e92c8db508ad903c4588b43f3253680eec3dd8b40db68,2026-06-01T09:02:10
1895-10-01,2026-06-01T09:02:10,1895-10-15,17.944706622466466,yale_shiller_ie_data,http://www.econ.yale.edu/~shiller/data/ie_data.xls,0df9392b7dacf91f756e92c8db508ad903c4588b43f3253680eec3dd8b40db68,2026-06-01T09:02:10
1895-11-01,2026-06-01T09:02:10,1895-11-15,17.342998991921686,yale_shiller_ie_data,http://www.econ.yale.edu/~shiller/data/ie_data.xls,0df9392b7dacf91f756e92c8db508ad903c4588b43f3253680eec3dd8b40db68,2026-06-01T09:02:10
1895-12-01,2026-06-01T09:02:10,1895-12-13,16.54841515666795,yale_shiller_ie_data,http://www.econ.yale.edu/~shiller/data/ie_data.xls,0df9392b7dacf91f756e92c8db508ad903c4588b43f3253680eec3dd8b40db68,2026-06-01T09:02:10
1896-01-01,2026-06-01T09:02:10,1896-01-15,16.576224828568176,yale_shiller_ie_data,http://www.econ.yale.edu/~shiller/data/ie_data.xls,0df9392b7dacf91f756e92c8db508ad903c4588b43f3253680eec3dd8b40db68,2026-06-01T09:02:10
1896-02-01,2026-06-01T09:02:10,1896-02-14,17.515403352637264,yale_shiller_ie_data,http://www.econ.yale.edu/~shiller/data/ie_data.xls,0df9392b7dacf91f756e92c8db508ad903c4588b43f3253680eec3dd8b40db68,2026-06-01T09:02:10
1896-03-01,2026-06-01T09:02:10,1896-03-13,17.232362712298603,yale_shiller_ie_data,http://www.econ.yale.edu/~shiller/data/ie_data.xls,0df9392b7dacf91f756e92c8db508ad903c4588b43f3253680eec3dd8b40db68,2026-06-01T09:02:10
1896-04-01,2026-06-01T09:02:10,1896-04-15,17.643699378129995,yale_shiller_ie_data,http://www.econ.yale.edu/~shiller/data/ie_data.xls,0df9392b7dacf91f756e92c8db508ad903c4588b43f3253680eec3dd8b40db68,2026-06-01T09:02:10
1896-05-01,2026-06-01T09:02:10,1896-05-15,17.82826689423282,yale_shiller_ie_data,http://www.econ.yale.edu/~shiller/data/ie_data.xls,0df9392b7dacf91f756e92c8db508ad903c4588b43f3253680eec3dd8b40db68,2026-06-01T09:02:10
1896-06-01,2026-06-01T09:02:10,1896-06-15,17.777578616430457,yale_shiller_ie_data,http://www.econ.yale.edu/~shiller/data/ie_data.xls,0df9392b7dacf91f756e92c8db508ad903c4588b43f3253680eec3dd8b40db68,2026-06-01T09:02:10
1896-07-01,2026-06-01T09:02:10,1896-07-15,16.637100103394577,yale_shiller_ie_data,http://www.econ.yale.edu/~shiller/data/ie_data.xls,0df9392b7dacf91f756e92c8db508ad903c4588b43f3253680eec3dd8b40db68,2026-06-01T09:02:10
1896-08-01,2026-06-01T09:02:10,1896-08-14,15.70337054622687,yale_shiller_ie_data,http://www.econ.yale.edu/~shiller/data/ie_data.xls,0df9392b7dacf91f756e92c8db508ad903c4588b43f3253680eec3dd8b40db68,2026-06-01T09:02:10
1896-09-01,2026-06-01T09:02:10,1896-09-15,16.544339943032014,yale_shiller_ie_data,http://www.econ.yale.edu/~shiller/data/ie_data.xls,0df9392b7dacf91f756e92c8db508ad903c4588b43f3253680eec3dd8b40db68,2026-06-01T09:02:10
1896-10-01,2026-06-01T09:02:10,1896-10-15,16.43886680472588,yale_shiller_ie_data,http://www.econ.yale.edu/~shiller/data/ie_data.xls,0df9392b7dacf91f756e92c8db508ad903c4588b43f3253680eec3dd8b40db68,2026-06-01T09:02:10
1896-11-01,2026-06-01T09:02:10,1896-11-13,17.089425242371114,yale_shiller_ie_data,http://www.econ.yale.edu/~shiller/data/ie_data.xls,0df9392b7dacf91f756e92c8db508ad903c4588b43f3253680eec3dd8b40db68,2026-06-01T09:02:10
1896-12-01,2026-06-01T09:02:10,1896-12-15,16.501404180590086,yale_shiller_ie_data,http://www.econ.yale.edu/~shiller/data/ie_data.xls,0df9392b7dacf91f756e92c8db508ad903c4588b43f3253680eec3dd8b40db68,2026-06-01T09:02:10
1897-01-01,2026-06-01T09:02:10,1897-01-15,17.026521282380553,yale_shiller_ie_data,http://www.econ.yale.edu/~shiller/data/ie_data.xls,0df9392b7dacf91f756e92c8db508ad903c4588b43f3253680eec3dd8b40db68,2026-06-01T09:02:10
1897-02-01,2026-06-01T09:02:10,1897-02-15,16.89402588325409,yale_shiller_ie_data,http://www.econ.yale.edu/~shiller/data/ie_data.xls,0df9392b7dacf91f756e92c8db508ad903c4588b43f3253680eec3dd8b40db68,2026-06-01T09:02:10
1897-03-01,2026-06-01T09:02:10,1897-03-15,16.95803071672104,yale_shiller_ie_data,http://www.econ.yale.edu/~shiller/data/ie_data.xls,0df9392b7dacf91f756e92c8db508ad903c4588b43f3253680eec3dd8b40db68,2026-06-01T09:02:10
1897-04-01,2026-06-01T09:02:10,1897-04-15,16.69685743473466,yale_shiller_ie_data,http://www.econ.yale.edu/~shiller/data/ie_data.xls,0df9392b7dacf91f756e92c8db508ad903c4588b43f3253680eec3dd8b40db68,2026-06-01T09:02:10
1897-05-01,2026-06-01T09:02:10,1897-05-14,17.047755129229383,yale_shiller_ie_data,http://www.econ.yale.edu/~shiller/data/ie_data.xls,0df9392b7dacf91f756e92c8db508ad903c4588b43f3253680eec3dd8b40db68,2026-06-01T09:02:10
1897-06-01,2026-06-01T09:02:10,1897-06-15,17.85049728069061,yale_shiller_ie_data,http://www.econ.yale.edu/~shiller/data/ie_data.xls,0df9392b7dacf91f756e92c8db508ad903c4588b43f3253680eec3dd8b40db68,2026-06-01T09:02:10
1897-07-01,2026-06-01T09:02:10,1897-07-15,18.651975755820285,yale_shiller_ie_data,http://www.econ.yale.edu/~shiller/data/ie_data.xls,0df9392b7dacf91f756e92c8db508ad903c4588b43f3253680eec3dd8b40db68,2026-06-01T09:02:10
1897-08-01,2026-06-01T09:02:10,1897-08-13,19.006396010519442,yale_shiller_ie_data,http://www.econ.yale.edu/~shiller/data/ie_data.xls,0df9392b7dacf91f756e92c8db508ad903c4588b43f3253680eec3dd8b40db68,2026-06-01T09:02:10
1897-09-01,2026-06-01T09:02:10,1897-09-15,19.372370293397793,yale_shiller_ie_data,http://www.econ.yale.edu/~shiller/data/ie_data.xls,0df9392b7dacf91f756e92c8db508ad903c4588b43f3253680eec3dd8b40db68,2026-06-01T09:02:10
1897-10-01,2026-06-01T09:02:10,1897-10-15,19.02803122390242,yale_shiller_ie_data,http://www.econ.yale.edu/~shiller/data/ie_data.xls,0df9392b7dacf91f756e92c8db508ad903c4588b43f3253680eec3dd8b40db68,2026-06-01T09:02:10
1897-11-01,2026-06-01T09:02:10,1897-11-15,18.358448098050218,yale_shiller_ie_data,http://www.econ.yale.edu/~shiller/data/ie_data.xls,0df9392b7dacf91f756e92c8db508ad903c4588b43f3253680eec3dd8b40db68,2026-06-01T09:02:10
1897-12-01,2026-06-01T09:02:10,1897-12-15,18.748757662525502,yale_shiller_ie_data,http://www.econ.yale.edu/~shiller/data/ie_data.xls,0df9392b7dacf91f756e92c8db508ad903c4588b43f3253680eec3dd8b40db68,2026-06-01T09:02:10
1898-01-01,2026-06-01T09:02:10,1898-01-14,19.249000021813753,yale_shiller_ie_data,http://www.econ.yale.edu/~shiller/data/ie_data.xls,0df9392b7dacf91f756e92c8db508ad903c4588b43f3253680eec3dd8b40db68,2026-06-01T09:02:10
1898-02-01,2026-06-01T09:02:10,1898-02-15,18.91813188800214,yale_shiller_ie_data,http://www.econ.yale.edu/~shiller/data/ie_data.xls,0df9392b7dacf91f756e92c8db508ad903c4588b43f3253680eec3dd8b40db68,2026-06-01T09:02:10
1898-03-01,2026-06-01T09:02:10,1898-03-15,18.04217492346868,yale_shiller_ie_data,http://www.econ.yale.edu/~shiller/data/ie_data.xls,0df9392b7dacf91f756e92c8db508ad903c4588b43f3253680eec3dd8b40db68,2026-06-01T09:02:10
1898-04-01,2026-06-01T09:02:10,1898-04-15,17.705089426411774,yale_shiller_ie_data,http://www.econ.yale.edu/~shiller/data/ie_data.xls,0df9392b7dacf91f756e92c8db508ad903c4588b43f3253680eec3dd8b40db68,2026-06-01T09:02:10
1898-05-01,2026-06-01T09:02:10,1898-05-13,17.595635274512816,yale_shiller_ie_data,http://www.econ.yale.edu/~shiller/data/ie_data.xls,0df9392b7dacf91f756e92c8db508ad903c4588b43f3253680eec3dd8b40db68,2026-06-01T09:02:10
1898-06-01,2026-06-01T09:02:10,1898-06-15,19.544817480547998,yale_shiller_ie_data,http://www.econ.yale.edu/~shiller/data/ie_data.xls,0df9392b7dacf91f756e92c8db508ad903c4588b43f3253680eec3dd8b40db68,2026-06-01T09:02:10
1898-07-01,2026-06-01T09:02:10,1898-07-15,19.858943014167306,yale_shiller_ie_data,http://www.econ.yale.edu/~shiller/data/ie_data.xls,0df9392b7dacf91f756e92c8db508ad903c4588b43f3253680eec3dd8b40db68,2026-06-01T09:02:10
1898-08-01,2026-06-01T09:02:10,1898-08-15,20.544915179153282,yale_shiller_ie_data,http://www.econ.yale.edu/~shiller/data/ie_data.xls,0df9392b7dacf91f756e92c8db508ad903c4588b43f3253680eec3dd8b40db68,2026-06-01T09:02:10
1898-09-01,2026-06-01T09:02:10,1898-09-15,20.4427328626913,yale_shiller_ie_data,http://www.econ.yale.edu/~shiller/data/ie_data.xls,0df9392b7dacf91f756e92c8db508ad903c4588b43f3253680eec3dd8b40db68,2026-06-01T09:02:10
1898-10-01,2026-06-01T09:02:10,1898-10-14,19.94719982577366,yale_shiller_ie_data,http://www.econ.yale.edu/~shiller/data/ie_data.xls,0df9392b7dacf91f756e92c8db508ad903c4588b43f3253680eec3dd8b40db68,2026-06-01T09:02:10
1898-11-01,2026-06-01T09:02:10,1898-11-15,20.5274163248113,yale_shiller_ie_data,http://www.econ.yale.edu/~shiller/data/ie_data.xls,0df9392b7dacf91f756e92c8db508ad903c4588b43f3253680eec3dd8b40db68,2026-06-01T09:02:10
1898-12-01,2026-06-01T09:02:10,1898-12-15,21.403631985448186,yale_shiller_ie_data,http://www.econ.yale.edu/~shiller/data/ie_data.xls,0df9392b7dacf91f756e92c8db508ad903c4588b43f3253680eec3dd8b40db68,2026-06-01T09:02:10
1899-01-01,2026-06-01T09:02:10,1899-01-13,22.932807416487183,yale_shiller_ie_data,http://www.econ.yale.edu/~shiller/data/ie_data.xls,0df9392b7dacf91f756e92c8db508ad903c4588b43f3253680eec3dd8b40db68,2026-06-01T09:02:10
1899-02-01,2026-06-01T09:02:10,1899-02-15,23.048117549980198,yale_shiller_ie_data,http://www.econ.yale.edu/~shiller/data/ie_data.xls,0df9392b7dacf91f756e92c8db508ad903c4588b43f3253680eec3dd8b40db68,2026-06-01T09:02:10
1899-03-01,2026-06-01T09:02:10,1899-03-15,23.279682245508727,yale_shiller_ie_data,http://www.econ.yale.edu/~shiller/data/ie_data.xls,0df9392b7dacf91f756e92c8db508ad903c4588b43f3253680eec3dd8b40db68,2026-06-01T09:02:10
1899-04-01,2026-06-01T09:02:10,1899-04-14,23.152421525686492,yale_shiller_ie_data,http://www.econ.yale.edu/~shiller/data/ie_data.xls,0df9392b7dacf91f756e92c8db508ad903c4588b43f3253680eec3dd8b40db68,2026-06-01T09:02:10
1899-05-01,2026-06-01T09:02:10,1899-05-15,22.091269360834193,yale_shiller_ie_data,http://www.econ.yale.edu/~shiller/data/ie_data.xls,0df9392b7dacf91f756e92c8db508ad903c4588b43f3253680eec3dd8b40db68,2026-06-01T09:02:10
1899-06-01,2026-06-01T09:02:10,1899-06-15,21.21209192504684,yale_shiller_ie_data,http://www.econ.yale.edu/~shiller/data/ie_data.xls,0df9392b7dacf91f756e92c8db508ad903c4588b43f3253680eec3dd8b40db68,2026-06-01T09:02:10
1899-07-01,2026-06-01T09:02:10,1899-07-14,21.561425634523125,yale_shiller_ie_data,http://www.econ.yale.edu/~shiller/data/ie_data.xls,0df9392b7dacf91f756e92c8db508ad903c4588b43f3253680eec3dd8b40db68,2026-06-01T09:02:10
1899-08-01,2026-06-01T09:02:10,1899-08-15,21.72623737305546,yale_shiller_ie_data,http://www.econ.yale.edu/~shiller/data/ie_data.xls,0df9392b7dacf91f756e92c8db508ad903c4588b43f3253680eec3dd8b40db68,2026-06-01T09:02:10
1899-09-01,2026-06-01T09:02:10,1899-09-15,20.59114051411378,yale_shiller_ie_data,http://www.econ.yale.edu/~shiller/data/ie_data.xls,0df9392b7dacf91f756e92c8db508ad903c4588b43f3253680eec3dd8b40db68,2026-06-01T09:02:10
1899-10-01,2026-06-01T09:02:10,1899-10-13,20.153713460686614,yale_shiller_ie_data,http://www.econ.yale.edu/~shiller/data/ie_data.xls,0df9392b7dacf91f756e92c8db508ad903c4588b43f3253680eec3dd8b40db68,2026-06-01T09:02:10
1899-11-01,2026-06-01T09:02:10,1899-11-15,20.1964575208023,yale_shiller_ie_data,http://www.econ.yale.edu/~shiller/data/ie_data.xls,0df9392b7dacf91f756e92c8db508ad903c4588b43f3253680eec3dd8b40db68,2026-06-01T09:02:10
1899-12-01,2026-06-01T09:02:10,1899-12-15,18.512649643600202,yale_shiller_ie_data,http://www.econ.yale.edu/~shiller/data/ie_data.xls,0df9392b7dacf91f756e92c8db508ad903c4588b43f3253680eec3dd8b40db68,2026-06-01T09:02:10
1900-01-01,2026-06-01T09:02:10,1900-01-15,18.674275362444785,yale_shiller_ie_data,http://www.econ.yale.edu/~shiller/data/ie_data.xls,0df9392b7dacf91f756e92c8db508ad903c4588b43f3253680eec3dd8b40db68,2026-06-01T09:02:10
1900-02-01,2026-06-01T09:02:10,1900-02-15,18.70379741725144,yale_shiller_ie_data,http://www.econ.yale.edu/~shiller/data/ie_data.xls,0df9392b7dacf91f756e92c8db508ad903c4588b43f3253680eec3dd8b40db68,2026-06-01T09:02:10
1900-03-01,2026-06-01T09:02:10,1900-03-15,18.775793421238376,yale_shiller_ie_data,http://www.econ.yale.edu/~shiller/data/ie_data.xls,0df9392b7dacf91f756e92c8db508ad903c4588b43f3253680eec3dd8b40db68,2026-06-01T09:02:10
1900-04-01,2026-06-01T09:02:10,1900-04-13,18.93640203332273,yale_shiller_ie_data,http://www.econ.yale.edu/~shiller/data/ie_data.xls,0df9392b7dacf91f756e92c8db508ad903c4588b43f3253680eec3dd8b40db68,2026-06-01T09:02:10
1900-05-01,2026-06-01T09:02:10,1900-05-15,18.403197016950415,yale_shiller_ie_data,http://www.econ.yale.edu/~shiller/data/ie_data.xls,0df9392b7dacf91f756e92c8db508ad903c4588b43f3253680eec3dd8b40db68,2026-06-01T09:02:10
1900-06-01,2026-06-01T09:02:10,1900-06-15,17.99271158430398,yale_shiller_ie_data,http://www.econ.yale.edu/~shiller/data/ie_data.xls,0df9392b7dacf91f756e92c8db508ad903c4588b43f3253680eec3dd8b40db68,2026-06-01T09:02:10
1900-07-01,2026-06-01T09:02:10,1900-07-13,17.689545468952804,yale_shiller_ie_data,http://www.econ.yale.edu/~shiller/data/ie_data.xls,0df9392b7dacf91f756e92c8db508ad903c4588b43f3253680eec3dd8b40db68,2026-06-01T09:02:10
1900-08-01,2026-06-01T09:02:10,1900-08-15,18.069614666784194,yale_shiller_ie_data,http://www.econ.yale.edu/~shiller/data/ie_data.xls,0df9392b7dacf91f756e92c8db508ad903c4588b43f3253680eec3dd8b40db68,2026-06-01T09:02:10
1900-09-01,2026-06-01T09:02:10,1900-09-14,17.34187415122471,yale_shiller_ie_data,http://www.econ.yale.edu/~shiller/data/ie_data.xls,0df9392b7dacf91f756e92c8db508ad903c4588b43f3253680eec3dd8b40db68,2026-06-01T09:02:10
1900-10-01,2026-06-01T09:02:10,1900-10-15,18.102398784556055,yale_shiller_ie_data,http://www.econ.yale.edu/~shiller/data/ie_data.xls,0df9392b7dacf91f756e92c8db508ad903c4588b43f3253680eec3dd8b40db68,2026-06-01T09:02:10
1900-11-01,2026-06-01T09:02:10,1900-11-15,19.419584603760757,yale_shiller_ie_data,http://www.econ.yale.edu/~shiller/data/ie_data.xls,0df9392b7dacf91f756e92c8db508ad903c4588b43f3253680eec3dd8b40db68,2026-06-01T09:02:10
1900-12-01,2026-06-01T09:02:10,1900-12-14,20.74405116087085,yale_shiller_ie_data,http://www.econ.yale.edu/~shiller/data/ie_data.xls,0df9392b7dacf91f756e92c8db508ad903c4588b43f3253680eec3dd8b40db68,2026-06-01T09:02:10
1901-01-01,2026-06-01T09:02:10,1901-01-15,20.978581834536193,yale_shiller_ie_data,http://www.econ.yale.edu/~shiller/data/ie_data.xls,0df9392b7dacf91f756e92c8db508ad903c4588b43f3253680eec3dd8b40db68,2026-06-01T09:02:10
1901-02-01,2026-06-01T09:02:10,1901-02-15,21.679149848206194,yale_shiller_ie_data,http://www.econ.yale.edu/~shiller/data/ie_data.xls,0df9392b7dacf91f756e92c8db508ad903c4588b43f3253680eec3dd8b40db68,2026-06-01T09:02:10
1901-03-01,2026-06-01T09:02:10,1901-03-15,22.34758395068385,yale_shiller_ie_data,http://www.econ.yale.edu/~shiller/data/ie_data.xls,0df9392b7dacf91f756e92c8db508ad903c4588b43f3253680eec3dd8b40db68,2026-06-01T09:02:10
1901-04-01,2026-06-01T09:02:10,1901-04-15,24.409716994827217,yale_shiller_ie_data,http://www.econ.yale.edu/~shiller/data/ie_data.xls,0df9392b7dacf91f756e92c8db508ad903c4588b43f3253680eec3dd8b40db68,2026-06-01T09:02:10
1901-05-01,2026-06-01T09:02:10,1901-05-15,23.064012684863563,yale_shiller_ie_data,http://www.econ.yale.edu/~shiller/data/ie_data.xls,0df9392b7dacf91f756e92c8db508ad903c4588b43f3253680eec3dd8b40db68,2026-06-01T09:02:10
1901-06-01,2026-06-01T09:02:10,1901-06-14,25.238466205960346,yale_shiller_ie_data,http://www.econ.yale.edu/~shiller/data/ie_data.xls,0df9392b7dacf91f756e92c8db508ad903c4588b43f3253680eec3dd8b40db68,2026-06-01T09:02:10
1901-07-01,2026-06-01T09:02:10,1901-07-15,23.144848553708112,yale_shiller_ie_data,http://www.econ.yale.edu/~shiller/data/ie_data.xls,0df9392b7dacf91f756e92c8db508ad903c4588b43f3253680eec3dd8b40db68,2026-06-01T09:02:10
1901-08-01,2026-06-01T09:02:10,1901-08-15,23.07717771384438,yale_shiller_ie_data,http://www.econ.yale.edu/~shiller/data/ie_data.xls,0df9392b7dacf91f756e92c8db508ad903c4588b43f3253680eec3dd8b40db68,2026-06-01T09:02:10
1901-09-01,2026-06-01T09:02:10,1901-09-13,22.590468316860246,yale_shiller_ie_data,http://www.econ.yale.edu/~shiller/data/ie_data.xls,0df9392b7dacf91f756e92c8db508ad903c4588b43f3253680eec3dd8b40db68,2026-06-01T09:02:10
1901-10-01,2026-06-01T09:02:10,1901-10-15,22.252901618408934,yale_shiller_ie_data,http://www.econ.yale.edu/~shiller/data/ie_data.xls,0df9392b7dacf91f756e92c8db508ad903c4588b43f3253680eec3dd8b40db68,2026-06-01T09:02:10
1901-11-01,2026-06-01T09:02:10,1901-11-15,22.375074777652806,yale_shiller_ie_data,http://www.econ.yale.edu/~shiller/data/ie_data.xls,0df9392b7dacf91f756e92c8db508ad903c4588b43f3253680eec3dd8b40db68,2026-06-01T09:02:10
1901-12-01,2026-06-01T09:02:10,1901-12-13,21.68021514102968,yale_shiller_ie_data,http://www.econ.yale.edu/~shiller/data/ie_data.xls,0df9392b7dacf91f756e92c8db508ad903c4588b43f3253680eec3dd8b40db68,2026-06-01T09:02:10
1902-01-01,2026-06-01T09:02:10,1902-01-15,22.34029079603357,yale_shiller_ie_data,http://www.econ.yale.edu/~shiller/data/ie_data.xls,0df9392b7dacf91f756e92c8db508ad903c4588b43f3253680eec3dd8b40db68,2026-06-01T09:02:10
1902-02-01,2026-06-01T09:02:10,1902-02-14,22.459957452460408,yale_shiller_ie_data,http://www.econ.yale.edu/~shiller/data/ie_data.xls,0df9392b7dacf91f756e92c8db508ad903c4588b43f3253680eec3dd8b40db68,2026-06-01T09:02:10
1902-03-01,2026-06-01T09:02:10,1902-03-14,22.410652288217346,yale_shiller_ie_data,http://www.econ.yale.edu/~shiller/data/ie_data.xls,0df9392b7dacf91f756e92c8db508ad903c4588b43f3253680eec3dd8b40db68,2026-06-01T09:02:10
1902-04-01,2026-06-01T09:02:10,1902-04-15,22.823108698497855,yale_shiller_ie_data,http://www.econ.yale.edu/~shiller/data/ie_data.xls,0df9392b7dacf91f756e92c8db508ad903c4588b43f3253680eec3dd8b40db68,2026-06-01T09:02:10
1902-05-01,2026-06-01T09:02:10,1902-05-15,22.427954493329803,yale_shiller_ie_data,http://www.econ.yale.edu/~shiller/data/ie_data.xls,0df9392b7dacf91f756e92c8db508ad903c4588b43f3253680eec3dd8b40db68,2026-06-01T09:02:10
1902-06-01,2026-06-01T09:02:10,1902-06-13,21.963742295514628,yale_shiller_ie_data,http://www.econ.yale.edu/~shiller/data/ie_data.xls,0df9392b7dacf91f756e92c8db508ad903c4588b43f3253680eec3dd8b40db68,2026-06-01T09:02:10
1902-07-01,2026-06-01T09:02:10,1902-07-15,22.385686589401377,yale_shiller_ie_data,http://www.econ.yale.edu/~shiller/data/ie_data.xls,0df9392b7dacf91f756e92c8db508ad903c4588b43f3253680eec3dd8b40db68,2026-06-01T09:02:10
1902-08-01,2026-06-01T09:02:10,1902-08-15,23.168671834092873,yale_shiller_ie_data,http://www.econ.yale.edu/~shiller/data/ie_data.xls,0df9392b7dacf91f756e92c8db508ad903c4588b43f3253680eec3dd8b40db68,2026-06-01T09:02:10
1902-09-01,2026-06-01T09:02:10,1902-09-15,22.85656638195451,yale_shiller_ie_data,http://www.econ.yale.edu/~shiller/data/ie_data.xls,0df9392b7dacf91f756e92c8db508ad903c4588b43f3253680eec3dd8b40db68,2026-06-01T09:02:10
1902-10-01,2026-06-01T09:02:10,1902-10-15,20.604425401859817,yale_shiller_ie_data,http://www.econ.yale.edu/~shiller/data/ie_data.xls,0df9392b7dacf91f756e92c8db508ad903c4588b43f3253680eec3dd8b40db68,2026-06-01T09:02:10
1902-11-01,2026-06-01T09:02:10,1902-11-14,20.408541255072187,yale_shiller_ie_data,http://www.econ.yale.edu/~shiller/data/ie_data.xls,0df9392b7dacf91f756e92c8db508ad903c4588b43f3253680eec3dd8b40db68,2026-06-01T09:02:10
1902-12-01,2026-06-01T09:02:10,1902-12-15,19.63323212682385,yale_shiller_ie_data,http://www.econ.yale.edu/~shiller/data/ie_data.xls,0df9392b7dacf91f756e92c8db508ad903c4588b43f3253680eec3dd8b40db68,2026-06-01T09:02:10
1903-01-01,2026-06-01T09:02:10,1903-01-15,20.3181320538285,yale_shiller_ie_data,http://www.econ.yale.edu/~shiller/data/ie_data.xls,0df9392b7dacf91f756e92c8db508ad903c4588b43f3253680eec3dd8b40db68,2026-06-01T09:02:10
1903-02-01,2026-06-01T09:02:10,1903-02-13,20.107051517552808,yale_shiller_ie_data,http://www.econ.yale.edu/~shiller/data/ie_data.xls,0df9392b7dacf91f756e92c8db508ad903c4588b43f3253680eec3dd8b40db68,2026-06-01T09:02:10
1903-03-01,2026-06-01T09:02:10,1903-03-13,19.88456038487284,yale_shiller_ie_data,http://www.econ.yale.edu/~shiller/data/ie_data.xls,0df9392b7dacf91f756e92c8db508ad903c4588b43f3253680eec3dd8b40db68,2026-06-01T09:02:10
1903-04-01,2026-06-01T09:02:10,1903-04-15,18.980022601826267,yale_shiller_ie_data,http://www.econ.yale.edu/~shiller/data/ie_data.xls,0df9392b7dacf91f756e92c8db508ad903c4588b43f3253680eec3dd8b40db68,2026-06-01T09:02:10
1903-05-01,2026-06-01T09:02:10,1903-05-15,18.95485872303988,yale_shiller_ie_data,http://www.econ.yale.edu/~shiller/data/ie_data.xls,0df9392b7dacf91f756e92c8db508ad903c4588b43f3253680eec3dd8b40db68,2026-06-01T09:02:10
1903-06-01,2026-06-01T09:02:10,1903-06-15,17.81855172296852,yale_shiller_ie_data,http://www.econ.yale.edu/~shiller/data/ie_data.xls,0df9392b7dacf91f756e92c8db508ad903c4588b43f3253680eec3dd8b40db68,2026-06-01T09:02:10
1903-07-01,2026-06-01T09:02:10,1903-07-15,16.91817841476666,yale_shiller_ie_data,http://www.econ.yale.edu/~shiller/data/ie_data.xls,0df9392b7dacf91f756e92c8db508ad903c4588b43f3253680eec3dd8b40db68,2026-06-01T09:02:10
1903-08-01,2026-06-01T09:02:10,1903-08-14,16.2991187909035,yale_shiller_ie_data,http://www.econ.yale.edu/~shiller/data/ie_data.xls,0df9392b7dacf91f756e92c8db508ad903c4588b43f3253680eec3dd8b40db68,2026-06-01T09:02:10
1903-09-01,2026-06-01T09:02:10,1903-09-15,15.65435911519692,yale_shiller_ie_data,http://www.econ.yale.edu/~shiller/data/ie_data.xls,0df9392b7dacf91f756e92c8db508ad903c4588b43f3253680eec3dd8b40db68,2026-06-01T09:02:10
1903-10-01,2026-06-01T09:02:10,1903-10-15,15.252943825778841,yale_shiller_ie_data,http://www.econ.yale.edu/~shiller/data/ie_data.xls,0df9392b7dacf91f756e92c8db508ad903c4588b43f3253680eec3dd8b40db68,2026-06-01T09:02:10
1903-11-01,2026-06-01T09:02:10,1903-11-13,15.407877534297898,yale_shiller_ie_data,http://www.econ.yale.edu/~shiller/data/ie_data.xls,0df9392b7dacf91f756e92c8db508ad903c4588b43f3253680eec3dd8b40db68,2026-06-01T09:02:10
1903-12-01,2026-06-01T09:02:10,1903-12-15,16.042894140050144,yale_shiller_ie_data,http://www.econ.yale.edu/~shiller/data/ie_data.xls,0df9392b7dacf91f756e92c8db508ad903c4588b43f3253680eec3dd8b40db68,2026-06-01T09:02:10
1904-01-01,2026-06-01T09:02:10,1904-01-15,15.861833914033642,yale_shiller_ie_data,http://www.econ.yale.edu/~shiller/data/ie_data.xls,0df9392b7dacf91f756e92c8db508ad903c4588b43f3253680eec3dd8b40db68,2026-06-01T09:02:10
1904-02-01,2026-06-01T09:02:10,1904-02-15,15.02149838033144,yale_shiller_ie_data,http://www.econ.yale.edu/~shiller/data/ie_data.xls,0df9392b7dacf91f756e92c8db508ad903c4588b43f3253680eec3dd8b40db68,2026-06-01T09:02:10
1904-03-01,2026-06-01T09:02:10,1904-03-15,15.081930176258867,yale_shiller_ie_data,http://www.econ.yale.edu/~shiller/data/ie_data.xls,0df9392b7dacf91f756e92c8db508ad903c4588b43f3253680eec3dd8b40db68,2026-06-01T09:02:10
1904-04-01,2026-06-01T09:02:10,1904-04-15,15.565490611691484,yale_shiller_ie_data,http://www.econ.yale.edu/~shiller/data/ie_data.xls,0df9392b7dacf91f756e92c8db508ad903c4588b43f3253680eec3dd8b40db68,2026-06-01T09:02:10
1904-05-01,2026-06-01T09:02:10,1904-05-13,15.52582089625464,yale_shiller_ie_data,http://www.econ.yale.edu/~shiller/data/ie_data.xls,0df9392b7dacf91f756e92c8db508ad903c4588b43f3253680eec3dd8b40db68,2026-06-01T09:02:10
1904-06-01,2026-06-01T09:02:10,1904-06-15,15.474433638652657,yale_shiller_ie_data,http://www.econ.yale.edu/~shiller/data/ie_data.xls,0df9392b7dacf91f756e92c8db508ad903c4588b43f3253680eec3dd8b40db68,2026-06-01T09:02:10
1904-07-01,2026-06-01T09:02:10,1904-07-15,16.036401629624113,yale_shiller_ie_data,http://www.econ.yale.edu/~shiller/data/ie_data.xls,0df9392b7dacf91f756e92c8db508ad903c4588b43f3253680eec3dd8b40db68,2026-06-01T09:02:10
1904-08-01,2026-06-01T09:02:10,1904-08-15,16.304651978851034,yale_shiller_ie_data,http://www.econ.yale.edu/~shiller/data/ie_data.xls,0df9392b7dacf91f756e92c8db508ad903c4588b43f3253680eec3dd8b40db68,2026-06-01T09:02:10
1904-09-01,2026-06-01T09:02:10,1904-09-15,16.74260004916369,yale_shiller_ie_data,http://www.econ.yale.edu/~shiller/data/ie_data.xls,0df9392b7dacf91f756e92c8db508ad903c4588b43f3253680eec3dd8b40db68,2026-06-01T09:02:10
1904-10-01,2026-06-01T09:02:10,1904-10-14,17.633197370821403,yale_shiller_ie_data,http://www.econ.yale.edu/~shiller/data/ie_data.xls,0df9392b7dacf91f756e92c8db508ad903c4588b43f3253680eec3dd8b40db68,2026-06-01T09:02:10
1904-11-01,2026-06-01T09:02:10,1904-11-15,18.07620022377007,yale_shiller_ie_data,http://www.econ.yale.edu/~shiller/data/ie_data.xls,0df9392b7dacf91f756e92c8db508ad903c4588b43f3253680eec3dd8b40db68,2026-06-01T09:02:10
1904-12-01,2026-06-01T09:02:10,1904-12-15,18.159679118703203,yale_shiller_ie_data,http://www.econ.yale.edu/~shiller/data/ie_data.xls,0df9392b7dacf91f756e92c8db508ad903c4588b43f3253680eec3dd8b40db68,2026-06-01T09:02:10
1905-01-01,2026-06-01T09:02:10,1905-01-13,18.459852032455853,yale_shiller_ie_data,http://www.econ.yale.edu/~shiller/data/ie_data.xls,0df9392b7dacf91f756e92c8db508ad903c4588b43f3253680eec3dd8b40db68,2026-06-01T09:02:10
1905-02-01,2026-06-01T09:02:10,1905-02-15,19.168996375829835,yale_shiller_ie_data,http://www.econ.yale.edu/~shiller/data/ie_data.xls,0df9392b7dacf91f756e92c8db508ad903c4588b43f3253680eec3dd8b40db68,2026-06-01T09:02:10
1905-03-01,2026-06-01T09:02:10,1905-03-15,19.831506074218424,yale_shiller_ie_data,http://www.econ.yale.edu/~shiller/data/ie_data.xls,0df9392b7dacf91f756e92c8db508ad903c4588b43f3253680eec3dd8b40db68,2026-06-01T09:02:10
1905-04-01,2026-06-01T09:02:10,1905-04-14,19.48292752471129,yale_shiller_ie_data,http://www.econ.yale.edu/~shiller/data/ie_data.xls,0df9392b7dacf91f756e92c8db508ad903c4588b43f3253680eec3dd8b40db68,2026-06-01T09:02:10
1905-05-01,2026-06-01T09:02:10,1905-05-15,18.62948750984513,yale_shiller_ie_data,http://www.econ.yale.edu/~shiller/data/ie_data.xls,0df9392b7dacf91f756e92c8db508ad903c4588b43f3253680eec3dd8b40db68,2026-06-01T09:02:10
1905-06-01,2026-06-01T09:02:10,1905-06-15,18.735862386183538,yale_shiller_ie_data,http://www.econ.yale.edu/~shiller/data/ie_data.xls,0df9392b7dacf91f756e92c8db508ad903c4588b43f3253680eec3dd8b40db68,2026-06-01T09:02:10
1905-07-01,2026-06-01T09:02:10,1905-07-14,19.205883309548053,yale_shiller_ie_data,http://www.econ.yale.edu/~shiller/data/ie_data.xls,0df9392b7dacf91f756e92c8db508ad903c4588b43f3253680eec3dd8b40db68,2026-06-01T09:02:10
1905-08-01,2026-06-01T09:02:10,1905-08-15,19.573308430803724,yale_shiller_ie_data,http://www.econ.yale.edu/~shiller/data/ie_data.xls,0df9392b7dacf91f756e92c8db508ad903c4588b43f3253680eec3dd8b40db68,2026-06-01T09:02:10
1905-09-01,2026-06-01T09:02:10,1905-09-15,19.74349241969778,yale_shiller_ie_data,http://www.econ.yale.edu/~shiller/data/ie_data.xls,0df9392b7dacf91f756e92c8db508ad903c4588b43f3253680eec3dd8b40db68,2026-06-01T09:02:10
1905-10-01,2026-06-01T09:02:10,1905-10-13,19.897394814329534,yale_shiller_ie_data,http://www.econ.yale.edu/~shiller/data/ie_data.xls,0df9392b7dacf91f756e92c8db508ad903c4588b43f3253680eec3dd8b40db68,2026-06-01T09:02:10
1905-11-01,2026-06-01T09:02:10,1905-11-15,19.443525693264984,yale_shiller_ie_data,http://www.econ.yale.edu/~shiller/data/ie_data.xls,0df9392b7dacf91f756e92c8db508ad903c4588b43f3253680eec3dd8b40db68,2026-06-01T09:02:10
1905-12-01,2026-06-01T09:02:10,1905-12-15,19.577960809096112,yale_shiller_ie_data,http://www.econ.yale.edu/~shiller/data/ie_data.xls,0df9392b7dacf91f756e92c8db508ad903c4588b43f3253680eec3dd8b40db68,2026-06-01T09:02:10
1906-01-01,2026-06-01T09:02:10,1906-01-15,20.132402260807893,yale_shiller_ie_data,http://www.econ.yale.edu/~shiller/data/ie_data.xls,0df9392b7dacf91f756e92c8db508ad903c4588b43f3253680eec3dd8b40db68,2026-06-01T09:02:10
1906-02-01,2026-06-01T09:02:10,1906-02-15,19.866752563675888,yale_shiller_ie_data,http://www.econ.yale.edu/~shiller/data/ie_data.xls,0df9392b7dacf91f756e92c8db508ad903c4588b43f3253680eec3dd8b40db68,2026-06-01T09:02:10
1906-03-01,2026-06-01T09:02:10,1906-03-15,19.25945302085411,yale_shiller_ie_data,http://www.econ.yale.edu/~shiller/data/ie_data.xls,0df9392b7dacf91f756e92c8db508ad903c4588b43f3253680eec3dd8b40db68,2026-06-01T09:02:10
1906-04-01,2026-06-01T09:02:10,1906-04-13,18.87620499611588,yale_shiller_ie_data,http://www.econ.yale.edu/~shiller/data/ie_data.xls,0df9392b7dacf91f756e92c8db508ad903c4588b43f3253680eec3dd8b40db68,2026-06-01T09:02:10
1906-05-01,2026-06-01T09:02:10,1906-05-15,18.054044460926395,yale_shiller_ie_data,http://www.econ.yale.edu/~shiller/data/ie_data.xls,0df9392b7dacf91f756e92c8db508ad903c4588b43f3253680eec3dd8b40db68,2026-06-01T09:02:10
1906-06-01,2026-06-01T09:02:10,1906-06-15,18.172666376497496,yale_shiller_ie_data,http://www.econ.yale.edu/~shiller/data/ie_data.xls,0df9392b7dacf91f756e92c8db508ad903c4588b43f3253680eec3dd8b40db68,2026-06-01T09:02:10
1906-07-01,2026-06-01T09:02:10,1906-07-13,18.19520014351375,yale_shiller_ie_data,http://www.econ.yale.edu/~shiller/data/ie_data.xls,0df9392b7dacf91f756e92c8db508ad903c4588b43f3253680eec3dd8b40db68,2026-06-01T09:02:10
1906-08-01,2026-06-01T09:02:10,1906-08-15,18.967251477549294,yale_shiller_ie_data,http://www.econ.yale.edu/~shiller/data/ie_data.xls,0df9392b7dacf91f756e92c8db508ad903c4588b43f3253680eec3dd8b40db68,2026-06-01T09:02:10
1906-09-01,2026-06-01T09:02:10,1906-09-14,19.20099368200136,yale_shiller_ie_data,http://www.econ.yale.edu/~shiller/data/ie_data.xls,0df9392b7dacf91f756e92c8db508ad903c4588b43f3253680eec3dd8b40db68,2026-06-01T09:02:10
1906-10-01,2026-06-01T09:02:10,1906-10-15,18.095380908869096,yale_shiller_ie_data,http://www.econ.yale.edu/~shiller/data/ie_data.xls,0df9392b7dacf91f756e92c8db508ad903c4588b43f3253680eec3dd8b40db68,2026-06-01T09:02:10
1906-11-01,2026-06-01T09:02:10,1906-11-15,18.141851654007958,yale_shiller_ie_data,http://www.econ.yale.edu/~shiller/data/ie_data.xls,0df9392b7dacf91f756e92c8db508ad903c4588b43f3253680eec3dd8b40db68,2026-06-01T09:02:10
1906-12-01,2026-06-01T09:02:10,1906-12-14,17.660003667768652,yale_shiller_ie_data,http://www.econ.yale.edu/~shiller/data/ie_data.xls,0df9392b7dacf91f756e92c8db508ad903c4588b43f3253680eec3dd8b40db68,2026-06-01T09:02:10
1907-01-01,2026-06-01T09:02:10,1907-01-15,17.218913853705978,yale_shiller_ie_data,http://www.econ.yale.edu/~shiller/data/ie_data.xls,0df9392b7dacf91f756e92c8db508ad903c4588b43f3253680eec3dd8b40db68,2026-06-01T09:02:10
1907-02-01,2026-06-01T09:02:10,1907-02-15,16.217071288766146,yale_shiller_ie_data,http://www.econ.yale.edu/~shiller/data/ie_data.xls,0df9392b7dacf91f756e92c8db508ad903c4588b43f3253680eec3dd8b40db68,2026-06-01T09:02:10
1907-03-01,2026-06-01T09:02:10,1907-03-15,14.687545255978645,yale_shiller_ie_data,http://www.econ.yale.edu/~shiller/data/ie_data.xls,0df9392b7dacf91f756e92c8db508ad903c4588b43f3253680eec3dd8b40db68,2026-06-01T09:02:10
1907-04-01,2026-06-01T09:02:10,1907-04-15,14.66970990560273,yale_shiller_ie_data,http://www.econ.yale.edu/~shiller/data/ie_data.xls,0df9392b7dacf91f756e92c8db508ad903c4588b43f3253680eec3dd8b40db68,2026-06-01T09:02:10
1907-05-01,2026-06-01T09:02:10,1907-05-15,13.79010715342424,yale_shiller_ie_data,http://www.econ.yale.edu/~shiller/data/ie_data.xls,0df9392b7dacf91f756e92c8db508ad903c4588b43f3253680eec3dd8b40db68,2026-06-01T09:02:10
1907-06-01,2026-06-01T09:02:10,1907-06-14,13.144269952673199,yale_shiller_ie_data,http://www.econ.yale.edu/~shiller/data/ie_data.xls,0df9392b7dacf91f756e92c8db508ad903c4588b43f3253680eec3dd8b40db68,2026-06-01T09:02:10
1907-07-01,2026-06-01T09:02:10,1907-07-15,13.585007357961837,yale_shiller_ie_data,http://www.econ.yale.edu/~shiller/data/ie_data.xls,0df9392b7dacf91f756e92c8db508ad903c4588b43f3253680eec3dd8b40db68,2026-06-01T09:02:10
1907-08-01,2026-06-01T09:02:10,1907-08-15,12.513471604446607,yale_shiller_ie_data,http://www.econ.yale.edu/~shiller/data/ie_data.xls,0df9392b7dacf91f756e92c8db508ad903c4588b43f3253680eec3dd8b40db68,2026-06-01T09:02:10
1907-09-01,2026-06-01T09:02:10,1907-09-13,12.328569657736622,yale_shiller_ie_data,http://www.econ.yale.edu/~shiller/data/ie_data.xls,0df9392b7dacf91f756e92c8db508ad903c4588b43f3253680eec3dd8b40db68,2026-06-01T09:02:10
1907-10-01,2026-06-01T09:02:10,1907-10-15,10.831840153050601,yale_shiller_ie_data,http://www.econ.yale.edu/~shiller/data/ie_data.xls,0df9392b7dacf91f756e92c8db508ad903c4588b43f3253680eec3dd8b40db68,2026-06-01T09:02:10
1907-11-01,2026-06-01T09:02:10,1907-11-15,10.59117755918978,yale_shiller_ie_data,http://www.econ.yale.edu/~shiller/data/ie_data.xls,0df9392b7dacf91f756e92c8db508ad903c4588b43f3253680eec3dd8b40db68,2026-06-01T09:02:10
1907-12-01,2026-06-01T09:02:10,1907-12-13,11.333306235811166,yale_shiller_ie_data,http://www.econ.yale.edu/~shiller/data/ie_data.xls,0df9392b7dacf91f756e92c8db508ad903c4588b43f3253680eec3dd8b40db68,2026-06-01T09:02:10
1908-01-01,2026-06-01T09:02:10,1908-01-15,11.902968628266972,yale_shiller_ie_data,http://www.econ.yale.edu/~shiller/data/ie_data.xls,0df9392b7dacf91f756e92c8db508ad903c4588b43f3253680eec3dd8b40db68,2026-06-01T09:02:10
1908-02-01,2026-06-01T09:02:10,1908-02-14,11.55484629514479,yale_shiller_ie_data,http://www.econ.yale.edu/~shiller/data/ie_data.xls,0df9392b7dacf91f756e92c8db508ad903c4588b43f3253680eec3dd8b40db68,2026-06-01T09:02:10
1908-03-01,2026-06-01T09:02:10,1908-03-13,11.984662664464292,yale_shiller_ie_data,http://www.econ.yale.edu/~shiller/data/ie_data.xls,0df9392b7dacf91f756e92c8db508ad903c4588b43f3253680eec3dd8b40db68,2026-06-01T09:02:10
1908-04-01,2026-06-01T09:02:10,1908-04-15,12.448889158370363,yale_shiller_ie_data,http://www.econ.yale.edu/~shiller/data/ie_data.xls,0df9392b7dacf91f756e92c8db508ad903c4588b43f3253680eec3dd8b40db68,2026-06-01T09:02:10
1908-05-01,2026-06-01T09:02:10,1908-05-15,13.078451355438341,yale_shiller_ie_data,http://www.econ.yale.edu/~shiller/data/ie_data.xls,0df9392b7dacf91f756e92c8db508ad903c4588b43f3253680eec3dd8b40db68,2026-06-01T09:02:10
1908-06-01,2026-06-01T09:02:10,1908-06-15,13.051684129229988,yale_shiller_ie_data,http://www.econ.yale.edu/~shiller/data/ie_data.xls,0df9392b7dacf91f756e92c8db508ad903c4588b43f3253680eec3dd8b40db68,2026-06-01T09:02:10
1908-07-01,2026-06-01T09:02:10,1908-07-15,13.3454871048344,yale_shiller_ie_data,http://www.econ.yale.edu/~shiller/data/ie_data.xls,0df9392b7dacf91f756e92c8db508ad903c4588b43f3253680eec3dd8b40db68,2026-06-01T09:02:10
1908-08-01,2026-06-01T09:02:10,1908-08-14,13.88423289520861,yale_shiller_ie_data,http://www.econ.yale.edu/~shiller/data/ie_data.xls,0df9392b7dacf91f756e92c8db508ad903c4588b43f3253680eec3dd8b40db68,2026-06-01T09:02:10
1908-09-01,2026-06-01T09:02:10,1908-09-15,13.701442268825113,yale_shiller_ie_data,http://www.econ.yale.edu/~shiller/data/ie_data.xls,0df9392b7dacf91f756e92c8db508ad903c4588b43f3253680eec3dd8b40db68,2026-06-01T09:02:10
1908-10-01,2026-06-01T09:02:10,1908-10-15,13.690810359178709,yale_shiller_ie_data,http://www.econ.yale.edu/~shiller/data/ie_data.xls,0df9392b7dacf91f756e92c8db508ad903c4588b43f3253680eec3dd8b40db68,2026-06-01T09:02:10
1908-11-01,2026-06-01T09:02:10,1908-11-13,14.435014091256262,yale_shiller_ie_data,http://www.econ.yale.edu/~shiller/data/ie_data.xls,0df9392b7dacf91f756e92c8db508ad903c4588b43f3253680eec3dd8b40db68,2026-06-01T09:02:10
1908-12-01,2026-06-01T09:02:10,1908-12-15,14.582482908962438,yale_shiller_ie_data,http://www.econ.yale.edu/~shiller/data/ie_data.xls,0df9392b7dacf91f756e92c8db508ad903c4588b43f3253680eec3dd8b40db68,2026-06-01T09:02:10
1909-01-01,2026-06-01T09:02:10,1909-01-15,14.76441845644136,yale_shiller_ie_data,http://www.econ.yale.edu/~shiller/data/ie_data.xls,0df9392b7dacf91f756e92c8db508ad903c4588b43f3253680eec3dd8b40db68,2026-06-01T09:02:10
1909-02-01,2026-06-01T09:02:10,1909-02-15,14.167157516701366,yale_shiller_ie_data,http://www.econ.yale.edu/~shiller/data/ie_data.xls,0df9392b7dacf91f756e92c8db508ad903c4588b43f3253680eec3dd8b40db68,2026-06-01T09:02:10
1909-03-01,2026-06-01T09:02:10,1909-03-15,14.33605838058622,yale_shiller_ie_data,http://www.econ.yale.edu/~shiller/data/ie_data.xls,0df9392b7dacf91f756e92c8db508ad903c4588b43f3253680eec3dd8b40db68,2026-06-01T09:02:10
1909-04-01,2026-06-01T09:02:10,1909-04-15,14.645198603086122,yale_shiller_ie_data,http://www.econ.yale.edu/~shiller/data/ie_data.xls,0df9392b7dacf91f756e92c8db508ad903c4588b43f3253680eec3dd8b40db68,2026-06-01T09:02:10
1909-05-01,2026-06-01T09:02:10,1909-05-14,14.953509786582782,yale_shiller_ie_data,http://www.econ.yale.edu/~shiller/data/ie_data.xls,0df9392b7dacf91f756e92c8db508ad903c4588b43f3253680eec3dd8b40db68,2026-06-01T09:02:10
1909-06-01,2026-06-01T09:02:10,1909-06-15,15.040444676080996,yale_shiller_ie_data,http://www.econ.yale.edu/~shiller/data/ie_data.xls,0df9392b7dacf91f756e92c8db508ad903c4588b43f3253680eec3dd8b40db68,2026-06-01T09:02:10
1909-07-01,2026-06-01T09:02:10,1909-07-15,15.231503240497684,yale_shiller_ie_data,http://www.econ.yale.edu/~shiller/data/ie_data.xls,0df9392b7dacf91f756e92c8db508ad903c4588b43f3253680eec3dd8b40db68,2026-06-01T09:02:10
1909-08-01,2026-06-01T09:02:10,1909-08-13,15.417580706254759,yale_shiller_ie_data,http://www.econ.yale.edu/~shiller/data/ie_data.xls,0df9392b7dacf91f756e92c8db508ad903c4588b43f3253680eec3dd8b40db68,2026-06-01T09:02:10
1909-09-01,2026-06-01T09:02:10,1909-09-15,15.25444643682118,yale_shiller_ie_data,http://www.econ.yale.edu/~shiller/data/ie_data.xls,0df9392b7dacf91f756e92c8db508ad903c4588b43f3253680eec3dd8b40db68,2026-06-01T09:02:10
1909-10-01,2026-06-01T09:02:10,1909-10-15,14.988845296121768,yale_shiller_ie_data,http://www.econ.yale.edu/~shiller/data/ie_data.xls,0df9392b7dacf91f756e92c8db508ad903c4588b43f3253680eec3dd8b40db68,2026-06-01T09:02:10
1909-11-01,2026-06-01T09:02:10,1909-11-15,14.74563117682459,yale_shiller_ie_data,http://www.econ.yale.edu/~shiller/data/ie_data.xls,0df9392b7dacf91f756e92c8db508ad903c4588b43f3253680eec3dd8b40db68,2026-06-01T09:02:10
1909-12-01,2026-06-01T09:02:10,1909-12-15,14.750638489265036,yale_shiller_ie_data,http://www.econ.yale.edu/~shiller/data/ie_data.xls,0df9392b7dacf91f756e92c8db508ad903c4588b43f3253680eec3dd8b40db68,2026-06-01T09:02:10
1910-01-01,2026-06-01T09:02:10,1910-01-14,14.547885040564148,yale_shiller_ie_data,http://www.econ.yale.edu/~shiller/data/ie_data.xls,0df9392b7dacf91f756e92c8db508ad903c4588b43f3253680eec3dd8b40db68,2026-06-01T09:02:10
1910-02-01,2026-06-01T09:02:10,1910-02-15,14.002037903032702,yale_shiller_ie_data,http://www.econ.yale.edu/~shiller/data/ie_data.xls,0df9392b7dacf91f756e92c8db508ad903c4588b43f3253680eec3dd8b40db68,2026-06-01T09:02:10
1910-03-01,2026-06-01T09:02:10,1910-03-15,14.050006965077824,yale_shiller_ie_data,http://www.econ.yale.edu/~shiller/data/ie_data.xls,0df9392b7dacf91f756e92c8db508ad903c4588b43f3253680eec3dd8b40db68,2026-06-01T09:02:10
1910-04-01,2026-06-01T09:02:10,1910-04-15,13.559883620820079,yale_shiller_ie_data,http://www.econ.yale.edu/~shiller/data/ie_data.xls,0df9392b7dacf91f756e92c8db508ad903c4588b43f3253680eec3dd8b40db68,2026-06-01T09:02:10
1910-05-01,2026-06-01T09:02:10,1910-05-13,13.568792287251453,yale_shiller_ie_data,http://www.econ.yale.edu/~shiller/data/ie_data.xls,0df9392b7dacf91f756e92c8db508ad903c4588b43f3253680eec3dd8b40db68,2026-06-01T09:02:10
1910-06-01,2026-06-01T09:02:10,1910-06-15,13.019657302315943,yale_shiller_ie_data,http://www.econ.yale.edu/~shiller/data/ie_data.xls,0df9392b7dacf91f756e92c8db508ad903c4588b43f3253680eec3dd8b40db68,2026-06-01T09:02:10
1910-07-01,2026-06-01T09:02:10,1910-07-15,12.34258125998522,yale_shiller_ie_data,http://www.econ.yale.edu/~shiller/data/ie_data.xls,0df9392b7dacf91f756e92c8db508ad903c4588b43f3253680eec3dd8b40db68,2026-06-01T09:02:10
1910-08-01,2026-06-01T09:02:10,1910-08-15,12.745055150886254,yale_shiller_ie_data,http://www.econ.yale.edu/~shiller/data/ie_data.xls,0df9392b7dacf91f756e92c8db508ad903c4588b43f3253680eec3dd8b40db68,2026-06-01T09:02:10
1910-09-01,2026-06-01T09:02:10,1910-09-15,12.937161101070847,yale_shiller_ie_data,http://www.econ.yale.edu/~shiller/data/ie_data.xls,0df9392b7dacf91f756e92c8db508ad903c4588b43f3253680eec3dd8b40db68,2026-06-01T09:02:10
1910-10-01,2026-06-01T09:02:10,1910-10-14,13.918866656445815,yale_shiller_ie_data,http://www.econ.yale.edu/~shiller/data/ie_data.xls,0df9392b7dacf91f756e92c8db508ad903c4588b43f3253680eec3dd8b40db68,2026-06-01T09:02:10
1910-11-01,2026-06-01T09:02:10,1910-11-15,14.164523175780351,yale_shiller_ie_data,http://www.econ.yale.edu/~shiller/data/ie_data.xls,0df9392b7dacf91f756e92c8db508ad903c4588b43f3253680eec3dd8b40db68,2026-06-01T09:02:10
1910-12-01,2026-06-01T09:02:10,1910-12-15,13.74147841778155,yale_shiller_ie_data,http://www.econ.yale.edu/~shiller/data/ie_data.xls,0df9392b7dacf91f756e92c8db508ad903c4588b43f3253680eec3dd8b40db68,2026-06-01T09:02:10
1911-01-01,2026-06-01T09:02:10,1911-01-13,14.049215181401202,yale_shiller_ie_data,http://www.econ.yale.edu/~shiller/data/ie_data.xls,0df9392b7dacf91f756e92c8db508ad903c4588b43f3253680eec3dd8b40db68,2026-06-01T09:02:10
1911-02-01,2026-06-01T09:02:10,1911-02-15,14.721488469928302,yale_shiller_ie_data,http://www.econ.yale.edu/~shiller/data/ie_data.xls,0df9392b7dacf91f756e92c8db508ad903c4588b43f3253680eec3dd8b40db68,2026-06-01T09:02:10
1911-03-01,2026-06-01T09:02:10,1911-03-15,14.370623221979534,yale_shiller_ie_data,http://www.econ.yale.edu/~shiller/data/ie_data.xls,0df9392b7dacf91f756e92c8db508ad903c4588b43f3253680eec3dd8b40db68,2026-06-01T09:02:10
1911-04-01,2026-06-01T09:02:10,1911-04-14,14.752935420329353,yale_shiller_ie_data,http://www.econ.yale.edu/~shiller/data/ie_data.xls,0df9392b7dacf91f756e92c8db508ad903c4588b43f3253680eec3dd8b40db68,2026-06-01T09:02:10
1911-05-01,2026-06-01T09:02:10,1911-05-15,15.047660591685043,yale_shiller_ie_data,http://www.econ.yale.edu/~shiller/data/ie_data.xls,0df9392b7dacf91f756e92c8db508ad903c4588b43f3253680eec3dd8b40db68,2026-06-01T09:02:10
1911-06-01,2026-06-01T09:02:10,1911-06-15,15.328355684719284,yale_shiller_ie_data,http://www.econ.yale.edu/~shiller/data/ie_data.xls,0df9392b7dacf91f756e92c8db508ad903c4588b43f3253680eec3dd8b40db68,2026-06-01T09:02:10
1911-07-01,2026-06-01T09:02:10,1911-07-14,15.08311057870027,yale_shiller_ie_data,http://www.econ.yale.edu/~shiller/data/ie_data.xls,0df9392b7dacf91f756e92c8db508ad903c4588b43f3253680eec3dd8b40db68,2026-06-01T09:02:10
1911-08-01,2026-06-01T09:02:10,1911-08-15,13.899790665654447,yale_shiller_ie_data,http://www.econ.yale.edu/~shiller/data/ie_data.xls,0df9392b7dacf91f756e92c8db508ad903c4588b43f3253680eec3dd8b40db68,2026-06-01T09:02:10
1911-09-01,2026-06-01T09:02:10,1911-09-15,12.997953983252437,yale_shiller_ie_data,http://www.econ.yale.edu/~shiller/data/ie_data.xls,0df9392b7dacf91f756e92c8db508ad903c4588b43f3253680eec3dd8b40db68,2026-06-01T09:02:10
1911-10-01,2026-06-01T09:02:10,1911-10-13,13.066472850619194,yale_shiller_ie_data,http://www.econ.yale.edu/~shiller/data/ie_data.xls,0df9392b7dacf91f756e92c8db508ad903c4588b43f3253680eec3dd8b40db68,2026-06-01T09:02:10
1911-11-01,2026-06-01T09:02:10,1911-11-15,13.727997586413094,yale_shiller_ie_data,http://www.econ.yale.edu/~shiller/data/ie_data.xls,0df9392b7dacf91f756e92c8db508ad903c4588b43f3253680eec3dd8b40db68,2026-06-01T09:02:10
1911-12-01,2026-06-01T09:02:10,1911-12-15,13.929258419578236,yale_shiller_ie_data,http://www.econ.yale.edu/~shiller/data/ie_data.xls,0df9392b7dacf91f756e92c8db508ad903c4588b43f3253680eec3dd8b40db68,2026-06-01T09:02:10
1912-01-01,2026-06-01T09:02:10,1912-01-15,13.794952631845822,yale_shiller_ie_data,http://www.econ.yale.edu/~shiller/data/ie_data.xls,0df9392b7dacf91f756e92c8db508ad903c4588b43f3253680eec3dd8b40db68,2026-06-01T09:02:10
1912-02-01,2026-06-01T09:02:10,1912-02-15,13.531634369686595,yale_shiller_ie_data,http://www.econ.yale.edu/~shiller/data/ie_data.xls,0df9392b7dacf91f756e92c8db508ad903c4588b43f3253680eec3dd8b40db68,2026-06-01T09:02:10
1912-03-01,2026-06-01T09:02:10,1912-03-15,13.639769173944167,yale_shiller_ie_data,http://www.econ.yale.edu/~shiller/data/ie_data.xls,0df9392b7dacf91f756e92c8db508ad903c4588b43f3253680eec3dd8b40db68,2026-06-01T09:02:10
1912-04-01,2026-06-01T09:02:10,1912-04-15,13.654392690553232,yale_shiller_ie_data,http://www.econ.yale.edu/~shiller/data/ie_data.xls,0df9392b7dacf91f756e92c8db508ad903c4588b43f3253680eec3dd8b40db68,2026-06-01T09:02:10
1912-05-01,2026-06-01T09:02:10,1912-05-15,13.645500685612367,yale_shiller_ie_data,http://www.econ.yale.edu/~shiller/data/ie_data.xls,0df9392b7dacf91f756e92c8db508ad903c4588b43f3253680eec3dd8b40db68,2026-06-01T09:02:10
1912-06-01,2026-06-01T09:02:10,1912-06-14,13.785417404502525,yale_shiller_ie_data,http://www.econ.yale.edu/~shiller/data/ie_data.xls,0df9392b7dacf91f756e92c8db508ad903c4588b43f3253680eec3dd8b40db68,2026-06-01T09:02:10
1912-07-01,2026-06-01T09:02:10,1912-07-15,13.802876645015786,yale_shiller_ie_data,http://www.econ.yale.edu/~shiller/data/ie_data.xls,0df9392b7dacf91f756e92c8db508ad903c4588b43f3253680eec3dd8b40db68,2026-06-01T09:02:10
1912-08-01,2026-06-01T09:02:10,1912-08-15,13.984761763426272,yale_shiller_ie_data,http://www.econ.yale.edu/~shiller/data/ie_data.xls,0df9392b7dacf91f756e92c8db508ad903c4588b43f3253680eec3dd8b40db68,2026-06-01T09:02:10
1912-09-01,2026-06-01T09:02:10,1912-09-13,13.92628500131587,yale_shiller_ie_data,http://www.econ.yale.edu/~shiller/data/ie_data.xls,0df9392b7dacf91f756e92c8db508ad903c4588b43f3253680eec3dd8b40db68,2026-06-01T09:02:10
1912-10-01,2026-06-01T09:02:10,1912-10-15,13.905092701178463,yale_shiller_ie_data,http://www.econ.yale.edu/~shiller/data/ie_data.xls,0df9392b7dacf91f756e92c8db508ad903c4588b43f3253680eec3dd8b40db68,2026-06-01T09:02:10
1912-11-01,2026-06-01T09:02:10,1912-11-15,13.74954101860653,yale_shiller_ie_data,http://www.econ.yale.edu/~shiller/data/ie_data.xls,0df9392b7dacf91f756e92c8db508ad903c4588b43f3253680eec3dd8b40db68,2026-06-01T09:02:10
1912-12-01,2026-06-01T09:02:10,1912-12-13,13.388999452579629,yale_shiller_ie_data,http://www.econ.yale.edu/~shiller/data/ie_data.xls,0df9392b7dacf91f756e92c8db508ad903c4588b43f3253680eec3dd8b40db68,2026-06-01T09:02:10
1913-01-01,2026-06-01T09:02:10,1913-01-15,13.148088791761557,yale_shiller_ie_data,http://www.econ.yale.edu/~shiller/data/ie_data.xls,0df9392b7dacf91f756e92c8db508ad903c4588b43f3253680eec3dd8b40db68,2026-06-01T09:02:10
1913-02-01,2026-06-01T09:02:10,1913-02-14,12.682960516236756,yale_shiller_ie_data,http://www.econ.yale.edu/~shiller/data/ie_data.xls,0df9392b7dacf91f756e92c8db508ad903c4588b43f3253680eec3dd8b40db68,2026-06-01T09:02:10
1913-03-01,2026-06-01T09:02:10,1913-03-14,12.443453515183657,yale_shiller_ie_data,http://www.econ.yale.edu/~shiller/data/ie_data.xls,0df9392b7dacf91f756e92c8db508ad903c4588b43f3253680eec3dd8b40db68,2026-06-01T09:02:10
1913-04-01,2026-06-01T09:02:10,1913-04-15,12.433067081795162,yale_shiller_ie_data,http://www.econ.yale.edu/~shiller/data/ie_data.xls,0df9392b7dacf91f756e92c8db508ad903c4588b43f3253680eec3dd8b40db68,2026-06-01T09:02:10
1913-05-01,2026-06-01T09:02:10,1913-05-15,12.221401061154124,yale_shiller_ie_data,http://www.econ.yale.edu/~shiller/data/ie_data.xls,0df9392b7dacf91f756e92c8db508ad903c4588b43f3253680eec3dd8b40db68,2026-06-01T09:02:10
1913-06-01,2026-06-01T09:02:10,1913-06-13,11.491962852761224,yale_shiller_ie_data,http://www.econ.yale.edu/~shiller/data/ie_data.xls,0df9392b7dacf91f756e92c8db508ad903c4588b43f3253680eec3dd8b40db68,2026-06-01T09:02:10
1913-07-01,2026-06-01T09:02:10,1913-07-15,11.534022795459858,yale_shiller_ie_data,http://www.econ.yale.edu/~shiller/data/ie_data.xls,0df9392b7dacf91f756e92c8db508ad903c4588b43f3253680eec3dd8b40db68,2026-06-01T09:02:10
1913-08-01,2026-06-01T09:02:10,1913-08-15,11.846840543564626,yale_shiller_ie_data,http://www.econ.yale.edu/~shiller/data/ie_data.xls,0df9392b7dacf91f756e92c8db508ad903c4588b43f3253680eec3dd8b40db68,2026-06-01T09:02:10
1913-09-01,2026-06-01T09:02:10,1913-09-15,11.843316826625973,yale_shiller_ie_data,http://www.econ.yale.edu/~shiller/data/ie_data.xls,0df9392b7dacf91f756e92c8db508ad903c4588b43f3253680eec3dd8b40db68,2026-06-01T09:02:10
1913-10-01,2026-06-01T09:02:10,1913-10-15,11.471490240312288,yale_shiller_ie_data,http://www.econ.yale.edu/~shiller/data/ie_data.xls,0df9392b7dacf91f756e92c8db508ad903c4588b43f3253680eec3dd8b40db68,2026-06-01T09:02:10
1913-11-01,2026-06-01T09:02:10,1913-11-14,11.072537845038006,yale_shiller_ie_data,http://www.econ.yale.edu/~shiller/data/ie_data.xls,0df9392b7dacf91f756e92c8db508ad903c4588b43f3253680eec3dd8b40db68,2026-06-01T09:02:10
1913-12-01,2026-06-01T09:02:10,1913-12-15,11.17404087003679,yale_shiller_ie_data,http://www.econ.yale.edu/~shiller/data/ie_data.xls,0df9392b7dacf91f756e92c8db508ad903c4588b43f3253680eec3dd8b40db68,2026-06-01T09:02:10
1914-01-01,2026-06-01T09:02:10,1914-01-15,11.636092105046133,yale_shiller_ie_data,http://www.econ.yale.edu/~shiller/data/ie_data.xls,0df9392b7dacf91f756e92c8db508ad903c4588b43f3253680eec3dd8b40db68,2026-06-01T09:02:10
1914-02-01,2026-06-01T09:02:10,1914-02-13,11.910233879798238,yale_shiller_ie_data,http://www.econ.yale.edu/~shiller/data/ie_data.xls,0df9392b7dacf91f756e92c8db508ad903c4588b43f3253680eec3dd8b40db68,2026-06-01T09:02:10
1914-03-01,2026-06-01T09:02:10,1914-03-13,11.685526018836827,yale_shiller_ie_data,http://www.econ.yale.edu/~shiller/data/ie_data.xls,0df9392b7dacf91f756e92c8db508ad903c4588b43f3253680eec3dd8b40db68,2026-06-01T09:02:10
1914-04-01,2026-06-01T09:02:10,1914-04-15,11.522662536200235,yale_shiller_ie_data,http://www.econ.yale.edu/~shiller/data/ie_data.xls,0df9392b7dacf91f756e92c8db508ad903c4588b43f3253680eec3dd8b40db68,2026-06-01T09:02:10
1914-05-01,2026-06-01T09:02:10,1914-05-15,11.47900869416448,yale_shiller_ie_data,http://www.econ.yale.edu/~shiller/data/ie_data.xls,0df9392b7dacf91f756e92c8db508ad903c4588b43f3253680eec3dd8b40db68,2026-06-01T09:02:10
1914-06-01,2026-06-01T09:02:10,1914-06-15,11.428715168831886,yale_shiller_ie_data,http://www.econ.yale.edu/~shiller/data/ie_data.xls,0df9392b7dacf91f756e92c8db508ad903c4588b43f3253680eec3dd8b40db68,2026-06-01T09:02:10
1914-07-01,2026-06-01T09:02:10,1914-07-15,10.694345183040136,yale_shiller_ie_data,http://www.econ.yale.edu/~shiller/data/ie_data.xls,0df9392b7dacf91f756e92c8db508ad903c4588b43f3253680eec3dd8b40db68,2026-06-01T09:02:10
1914-08-01,2026-06-01T09:02:10,1914-08-14,10.492046265076436,yale_shiller_ie_data,http://www.econ.yale.edu/~shiller/data/ie_data.xls,0df9392b7dacf91f756e92c8db508ad903c4588b43f3253680eec3dd8b40db68,2026-06-01T09:02:10
1914-09-01,2026-06-01T09:02:10,1914-09-15,10.500497301802131,yale_shiller_ie_data,http://www.econ.yale.edu/~shiller/data/ie_data.xls,0df9392b7dacf91f756e92c8db508ad903c4588b43f3253680eec3dd8b40db68,2026-06-01T09:02:10
1914-10-01,2026-06-01T09:02:10,1914-10-15,10.61275946612622,yale_shiller_ie_data,http://www.econ.yale.edu/~shiller/data/ie_data.xls,0df9392b7dacf91f756e92c8db508ad903c4588b43f3253680eec3dd8b40db68,2026-06-01T09:02:10
1914-11-01,2026-06-01T09:02:10,1914-11-13,10.51691764299212,yale_shiller_ie_data,http://www.econ.yale.edu/~shiller/data/ie_data.xls,0df9392b7dacf91f756e92c8db508ad903c4588b43f3253680eec3dd8b40db68,2026-06-01T09:02:10
1914-12-01,2026-06-01T09:02:10,1914-12-15,10.172217991997861,yale_shiller_ie_data,http://www.econ.yale.edu/~shiller/data/ie_data.xls,0df9392b7dacf91f756e92c8db508ad903c4588b43f3253680eec3dd8b40db68,2026-06-01T09:02:10
1915-01-01,2026-06-01T09:02:10,1915-01-15,10.359834197757266,yale_shiller_ie_data,http://www.econ.yale.edu/~shiller/data/ie_data.xls,0df9392b7dacf91f756e92c8db508ad903c4588b43f3253680eec3dd8b40db68,2026-06-01T09:02:10
1915-02-01,2026-06-01T09:02:10,1915-02-15,10.32978620966069,yale_shiller_ie_data,http://www.econ.yale.edu/~shiller/data/ie_data.xls,0df9392b7dacf91f756e92c8db508ad903c4588b43f3253680eec3dd8b40db68,2026-06-01T09:02:10
1915-03-01,2026-06-01T09:02:10,1915-03-15,10.70701318868281,yale_shiller_ie_data,http://www.econ.yale.edu/~shiller/data/ie_data.xls,0df9392b7dacf91f756e92c8db508ad903c4588b43f3253680eec3dd8b40db68,2026-06-01T09:02:10
1915-04-01,2026-06-01T09:02:10,1915-04-15,11.401123789000183,yale_shiller_ie_data,http://www.econ.yale.edu/~shiller/data/ie_data.xls,0df9392b7dacf91f756e92c8db508ad903c4588b43f3253680eec3dd8b40db68,2026-06-01T09:02:10
1915-05-01,2026-06-01T09:02:10,1915-05-14,11.02692987647131,yale_shiller_ie_data,http://www.econ.yale.edu/~shiller/data/ie_data.xls,0df9392b7dacf91f756e92c8db508ad903c4588b43f3253680eec3dd8b40db68,2026-06-01T09:02:10
1915-06-01,2026-06-01T09:02:10,1915-06-15,11.154262189096338,yale_shiller_ie_data,http://www.econ.yale.edu/~shiller/data/ie_data.xls,0df9392b7dacf91f756e92c8db508ad903c4588b43f3253680eec3dd8b40db68,2026-06-01T09:02:10
1915-07-01,2026-06-01T09:02:10,1915-07-15,11.1136293939496,yale_shiller_ie_data,http://www.econ.yale.edu/~shiller/data/ie_data.xls,0df9392b7dacf91f756e92c8db508ad903c4588b43f3253680eec3dd8b40db68,2026-06-01T09:02:10
1915-08-01,2026-06-01T09:02:10,1915-08-13,11.584831641604596,yale_shiller_ie_data,http://www.econ.yale.edu/~shiller/data/ie_data.xls,0df9392b7dacf91f756e92c8db508ad903c4588b43f3253680eec3dd8b40db68,2026-06-01T09:02:10
1915-09-01,2026-06-01T09:02:10,1915-09-15,12.011570757825888,yale_shiller_ie_data,http://www.econ.yale.edu/~shiller/data/ie_data.xls,0df9392b7dacf91f756e92c8db508ad903c4588b43f3253680eec3dd8b40db68,2026-06-01T09:02:10
1915-10-01,2026-06-01T09:02:10,1915-10-15,12.549076133220147,yale_shiller_ie_data,http://www.econ.yale.edu/~shiller/data/ie_data.xls,0df9392b7dacf91f756e92c8db508ad903c4588b43f3253680eec3dd8b40db68,2026-06-01T09:02:10
1915-11-01,2026-06-01T09:02:10,1915-11-15,12.857714453559307,yale_shiller_ie_data,http://www.econ.yale.edu/~shiller/data/ie_data.xls,0df9392b7dacf91f756e92c8db508ad903c4588b43f3253680eec3dd8b40db68,2026-06-01T09:02:10
1915-12-01,2026-06-01T09:02:10,1915-12-15,12.878444602185981,yale_shiller_ie_data,http://www.econ.yale.edu/~shiller/data/ie_data.xls,0df9392b7dacf91f756e92c8db508ad903c4588b43f3253680eec3dd8b40db68,2026-06-01T09:02:10
1916-01-01,2026-06-01T09:02:10,1916-01-14,12.543563692516168,yale_shiller_ie_data,http://www.econ.yale.edu/~shiller/data/ie_data.xls,0df9392b7dacf91f756e92c8db508ad903c4588b43f3253680eec3dd8b40db68,2026-06-01T09:02:10
1916-02-01,2026-06-01T09:02:10,1916-02-15,12.354652326458789,yale_shiller_ie_data,http://www.econ.yale.edu/~shiller/data/ie_data.xls,0df9392b7dacf91f756e92c8db508ad903c4588b43f3253680eec3dd8b40db68,2026-06-01T09:02:10
1916-03-01,2026-06-01T09:02:10,1916-03-15,12.177052795748478,yale_shiller_ie_data,http://www.econ.yale.edu/~shiller/data/ie_data.xls,0df9392b7dacf91f756e92c8db508ad903c4588b43f3253680eec3dd8b40db68,2026-06-01T09:02:10
1916-04-01,2026-06-01T09:02:10,1916-04-14,11.906481776593179,yale_shiller_ie_data,http://www.econ.yale.edu/~shiller/data/ie_data.xls,0df9392b7dacf91f756e92c8db508ad903c4588b43f3253680eec3dd8b40db68,2026-06-01T09:02:10
1916-05-01,2026-06-01T09:02:10,1916-05-15,12.026256671905157,yale_shiller_ie_data,http://www.econ.yale.edu/~shiller/data/ie_data.xls,0df9392b7dacf91f756e92c8db508ad903c4588b43f3253680eec3dd8b40db68,2026-06-01T09:02:10
1916-06-01,2026-06-01T09:02:10,1916-06-15,11.995961222946578,yale_shiller_ie_data,http://www.econ.yale.edu/~shiller/data/ie_data.xls,0df9392b7dacf91f756e92c8db508ad903c4588b43f3253680eec3dd8b40db68,2026-06-01T09:02:10
1916-07-01,2026-06-01T09:02:10,1916-07-14,11.791165275254547,yale_shiller_ie_data,http://www.econ.yale.edu/~shiller/data/ie_data.xls,0df9392b7dacf91f756e92c8db508ad903c4588b43f3253680eec3dd8b40db68,2026-06-01T09:02:10
1916-08-01,2026-06-01T09:02:10,1916-08-15,11.73208263887416,yale_shiller_ie_data,http://www.econ.yale.edu/~shiller/data/ie_data.xls,0df9392b7dacf91f756e92c8db508ad903c4588b43f3253680eec3dd8b40db68,2026-06-01T09:02:10
1916-09-01,2026-06-01T09:02:10,1916-09-15,11.94455241750447,yale_shiller_ie_data,http://www.econ.yale.edu/~shiller/data/ie_data.xls,0df9392b7dacf91f756e92c8db508ad903c4588b43f3253680eec3dd8b40db68,2026-06-01T09:02:10
1916-10-01,2026-06-01T09:02:10,1916-10-13,12.045741763370797,yale_shiller_ie_data,http://www.econ.yale.edu/~shiller/data/ie_data.xls,0df9392b7dacf91f756e92c8db508ad903c4588b43f3253680eec3dd8b40db68,2026-06-01T09:02:10
1916-11-01,2026-06-01T09:02:10,1916-11-15,12.053230403230497,yale_shiller_ie_data,http://www.econ.yale.edu/~shiller/data/ie_data.xls,0df9392b7dacf91f756e92c8db508ad903c4588b43f3253680eec3dd8b40db68,2026-06-01T09:02:10
1916-12-01,2026-06-01T09:02:10,1916-12-15,11.41355918884949,yale_shiller_ie_data,http://www.econ.yale.edu/~shiller/data/ie_data.xls,0df9392b7dacf91f756e92c8db508ad903c4588b43f3253680eec3dd8b40db68,2026-06-01T09:02:10
1917-01-01,2026-06-01T09:02:10,1917-01-15,10.992361427383424,yale_shiller_ie_data,http://www.econ.yale.edu/~shiller/data/ie_data.xls,0df9392b7dacf91f756e92c8db508ad903c4588b43f3253680eec3dd8b40db68,2026-06-01T09:02:10
1917-02-01,2026-06-01T09:02:10,1917-02-15,10.063187738735728,yale_shiller_ie_data,http://www.econ.yale.edu/~shiller/data/ie_data.xls,0df9392b7dacf91f756e92c8db508ad903c4588b43f3253680eec3dd8b40db68,2026-06-01T09:02:10
1917-03-01,2026-06-01T09:02:10,1917-03-15,10.327157080107876,yale_shiller_ie_data,http://www.econ.yale.edu/~shiller/data/ie_data.xls,0df9392b7dacf91f756e92c8db508ad903c4588b43f3253680eec3dd8b40db68,2026-06-01T09:02:10
1917-04-01,2026-06-01T09:02:10,1917-04-13,9.644531197281234,yale_shiller_ie_data,http://www.econ.yale.edu/~shiller/data/ie_data.xls,0df9392b7dacf91f756e92c8db508ad903c4588b43f3253680eec3dd8b40db68,2026-06-01T09:02:10
1917-05-01,2026-06-01T09:02:10,1917-05-15,9.138988813373578,yale_shiller_ie_data,http://www.econ.yale.edu/~shiller/data/ie_data.xls,0df9392b7dacf91f756e92c8db508ad903c4588b43f3253680eec3dd8b40db68,2026-06-01T09:02:10
1917-06-01,2026-06-01T09:02:10,1917-06-15,9.148220259539583,yale_shiller_ie_data,http://www.econ.yale.edu/~shiller/data/ie_data.xls,0df9392b7dacf91f756e92c8db508ad903c4588b43f3253680eec3dd8b40db68,2026-06-01T09:02:10
1917-07-01,2026-06-01T09:02:10,1917-07-13,9.003472377228805,yale_shiller_ie_data,http://www.econ.yale.edu/~shiller/data/ie_data.xls,0df9392b7dacf91f756e92c8db508ad903c4588b43f3253680eec3dd8b40db68,2026-06-01T09:02:10
1917-08-01,2026-06-01T09:02:10,1917-08-15,8.57268046675378,yale_shiller_ie_data,http://www.econ.yale.edu/~shiller/data/ie_data.xls,0df9392b7dacf91f756e92c8db508ad903c4588b43f3253680eec3dd8b40db68,2026-06-01T09:02:10
1917-09-01,2026-06-01T09:02:10,1917-09-14,7.950823264217066,yale_shiller_ie_data,http://www.econ.yale.edu/~shiller/data/ie_data.xls,0df9392b7dacf91f756e92c8db508ad903c4588b43f3253680eec3dd8b40db68,2026-06-01T09:02:10
1917-10-01,2026-06-01T09:02:10,1917-10-15,7.387133711108147,yale_shiller_ie_data,http://www.econ.yale.edu/~shiller/data/ie_data.xls,0df9392b7dacf91f756e92c8db508ad903c4588b43f3253680eec3dd8b40db68,2026-06-01T09:02:10
1917-11-01,2026-06-01T09:02:10,1917-11-15,6.753013604774308,yale_shiller_ie_data,http://www.econ.yale.edu/~shiller/data/ie_data.xls,0df9392b7dacf91f756e92c8db508ad903c4588b43f3253680eec3dd8b40db68,2026-06-01T09:02:10
1917-12-01,2026-06-01T09:02:10,1917-12-14,6.412593898119818,yale_shiller_ie_data,http://www.econ.yale.edu/~shiller/data/ie_data.xls,0df9392b7dacf91f756e92c8db508ad903c4588b43f3253680eec3dd8b40db68,2026-06-01T09:02:10
1918-01-01,2026-06-01T09:02:10,1918-01-15,6.640646028655352,yale_shiller_ie_data,http://www.econ.yale.edu/~shiller/data/ie_data.xls,0df9392b7dacf91f756e92c8db508ad903c4588b43f3253680eec3dd8b40db68,2026-06-01T09:02:10
1918-02-01,2026-06-01T09:02:10,1918-02-15,6.784343551630282,yale_shiller_ie_data,http://www.econ.yale.edu/~shiller/data/ie_data.xls,0df9392b7dacf91f756e92c8db508ad903c4588b43f3253680eec3dd8b40db68,2026-06-01T09:02:10
1918-03-01,2026-06-01T09:02:10,1918-03-15,6.686355760455894,yale_shiller_ie_data,http://www.econ.yale.edu/~shiller/data/ie_data.xls,0df9392b7dacf91f756e92c8db508ad903c4588b43f3253680eec3dd8b40db68,2026-06-01T09:02:10
1918-04-01,2026-06-01T09:02:10,1918-04-15,6.520727730547159,yale_shiller_ie_data,http://www.econ.yale.edu/~shiller/data/ie_data.xls,0df9392b7dacf91f756e92c8db508ad903c4588b43f3253680eec3dd8b40db68,2026-06-01T09:02:10
1918-05-01,2026-06-01T09:02:10,1918-05-15,6.5823632316210805,yale_shiller_ie_data,http://www.econ.yale.edu/~shiller/data/ie_data.xls,0df9392b7dacf91f756e92c8db508ad903c4588b43f3253680eec3dd8b40db68,2026-06-01T09:02:10
1918-06-01,2026-06-01T09:02:10,1918-06-14,6.496291318641057,yale_shiller_ie_data,http://www.econ.yale.edu/~shiller/data/ie_data.xls,0df9392b7dacf91f756e92c8db508ad903c4588b43f3253680eec3dd8b40db68,2026-06-01T09:02:10
1918-07-01,2026-06-01T09:02:10,1918-07-15,6.371324093848989,yale_shiller_ie_data,http://www.econ.yale.edu/~shiller/data/ie_data.xls,0df9392b7dacf91f756e92c8db508ad903c4588b43f3253680eec3dd8b40db68,2026-06-01T09:02:10
1918-08-01,2026-06-01T09:02:10,1918-08-15,6.303073760914594,yale_shiller_ie_data,http://www.econ.yale.edu/~shiller/data/ie_data.xls,0df9392b7dacf91f756e92c8db508ad903c4588b43f3253680eec3dd8b40db68,2026-06-01T09:02:10
1918-09-01,2026-06-01T09:02:10,1918-09-13,6.149170562431681,yale_shiller_ie_data,http://www.econ.yale.edu/~shiller/data/ie_data.xls,0df9392b7dacf91f756e92c8db508ad903c4588b43f3253680eec3dd8b40db68,2026-06-01T09:02:10
1918-10-01,2026-06-01T09:02:10,1918-10-15,6.290515321191322,yale_shiller_ie_data,http://www.econ.yale.edu/~shiller/data/ie_data.xls,0df9392b7dacf91f756e92c8db508ad903c4588b43f3253680eec3dd8b40db68,2026-06-01T09:02:10
1918-11-01,2026-06-01T09:02:10,1918-11-15,6.3333274953541565,yale_shiller_ie_data,http://www.econ.yale.edu/~shiller/data/ie_data.xls,0df9392b7dacf91f756e92c8db508ad903c4588b43f3253680eec3dd8b40db68,2026-06-01T09:02:10
1918-12-01,2026-06-01T09:02:10,1918-12-13,6.134580411283435,yale_shiller_ie_data,http://www.econ.yale.edu/~shiller/data/ie_data.xls,0df9392b7dacf91f756e92c8db508ad903c4588b43f3253680eec3dd8b40db68,2026-06-01T09:02:10
1919-01-01,2026-06-01T09:02:10,1919-01-15,6.098467639950106,yale_shiller_ie_data,http://www.econ.yale.edu/~shiller/data/ie_data.xls,0df9392b7dacf91f756e92c8db508ad903c4588b43f3253680eec3dd8b40db68,2026-06-01T09:02:10
1919-02-01,2026-06-01T09:02:10,1919-02-14,6.2396927713649815,yale_shiller_ie_data,http://www.econ.yale.edu/~shiller/data/ie_data.xls,0df9392b7dacf91f756e92c8db508ad903c4588b43f3253680eec3dd8b40db68,2026-06-01T09:02:10
1919-03-01,2026-06-01T09:02:10,1919-03-14,6.3560740048691455,yale_shiller_ie_data,http://www.econ.yale.edu/~shiller/data/ie_data.xls,0df9392b7dacf91f756e92c8db508ad903c4588b43f3253680eec3dd8b40db68,2026-06-01T09:02:10
1919-04-01,2026-06-01T09:02:10,1919-04-15,6.456139555819275,yale_shiller_ie_data,http://www.econ.yale.edu/~shiller/data/ie_data.xls,0df9392b7dacf91f756e92c8db508ad903c4588b43f3253680eec3dd8b40db68,2026-06-01T09:02:10
1919-05-01,2026-06-01T09:02:10,1919-05-15,6.829002261482033,yale_shiller_ie_data,http://www.econ.yale.edu/~shiller/data/ie_data.xls,0df9392b7dacf91f756e92c8db508ad903c4588b43f3253680eec3dd8b40db68,2026-06-01T09:02:10
1919-06-01,2026-06-01T09:02:10,1919-06-13,7.021615214784134,yale_shiller_ie_data,http://www.econ.yale.edu/~shiller/data/ie_data.xls,0df9392b7dacf91f756e92c8db508ad903c4588b43f3253680eec3dd8b40db68,2026-06-01T09:02:10
1919-07-01,2026-06-01T09:02:10,1919-07-15,7.052837165446312,yale_shiller_ie_data,http://www.econ.yale.edu/~shiller/data/ie_data.xls,0df9392b7dacf91f756e92c8db508ad903c4588b43f3253680eec3dd8b40db68,2026-06-01T09:02:10
1919-08-01,2026-06-01T09:02:10,1919-08-15,6.4791311017052795,yale_shiller_ie_data,http://www.econ.yale.edu/~shiller/data/ie_data.xls,0df9392b7dacf91f756e92c8db508ad903c4588b43f3253680eec3dd8b40db68,2026-06-01T09:02:10
1919-09-01,2026-06-01T09:02:10,1919-09-15,6.558481672061264,yale_shiller_ie_data,http://www.econ.yale.edu/~shiller/data/ie_data.xls,0df9392b7dacf91f756e92c8db508ad903c4588b43f3253680eec3dd8b40db68,2026-06-01T09:02:10
1919-10-01,2026-06-01T09:02:10,1919-10-15,6.794704199949302,yale_shiller_ie_data,http://www.econ.yale.edu/~shiller/data/ie_data.xls,0df9392b7dacf91f756e92c8db508ad903c4588b43f3253680eec3dd8b40db68,2026-06-01T09:02:10
1919-11-01,2026-06-01T09:02:10,1919-11-14,6.467022574133132,yale_shiller_ie_data,http://www.econ.yale.edu/~shiller/data/ie_data.xls,0df9392b7dacf91f756e92c8db508ad903c4588b43f3253680eec3dd8b40db68,2026-06-01T09:02:10
1919-12-01,2026-06-01T09:02:10,1919-12-15,6.160717033799176,yale_shiller_ie_data,http://www.econ.yale.edu/~shiller/data/ie_data.xls,0df9392b7dacf91f756e92c8db508ad903c4588b43f3253680eec3dd8b40db68,2026-06-01T09:02:10
1920-01-01,2026-06-01T09:02:10,1920-01-15,5.9896677711394375,yale_shiller_ie_data,http://www.econ.yale.edu/~shiller/data/ie_data.xls,0df9392b7dacf91f756e92c8db508ad903c4588b43f3253680eec3dd8b40db68,2026-06-01T09:02:10
1920-02-01,2026-06-01T09:02:10,1920-02-13,5.455347649907771,yale_shiller_ie_data,http://www.econ.yale.edu/~shiller/data/ie_data.xls,0df9392b7dacf91f756e92c8db508ad903c4588b43f3253680eec3dd8b40db68,2026-06-01T09:02:10
1920-03-01,2026-06-01T09:02:10,1920-03-15,5.798822727557157,yale_shiller_ie_data,http://www.econ.yale.edu/~shiller/data/ie_data.xls,0df9392b7dacf91f756e92c8db508ad903c4588b43f3253680eec3dd8b40db68,2026-06-01T09:02:10
1920-04-01,2026-06-01T09:02:10,1920-04-15,5.599858725506185,yale_shiller_ie_data,http://www.econ.yale.edu/~shiller/data/ie_data.xls,0df9392b7dacf91f756e92c8db508ad903c4588b43f3253680eec3dd8b40db68,2026-06-01T09:02:10
1920-05-01,2026-06-01T09:02:10,1920-05-14,5.188950462047495,yale_shiller_ie_data,http://www.econ.yale.edu/~shiller/data/ie_data.xls,0df9392b7dacf91f756e92c8db508ad903c4588b43f3253680eec3dd8b40db68,2026-06-01T09:02:10
1920-06-01,2026-06-01T09:02:10,1920-06-15,5.043639680451618,yale_shiller_ie_data,http://www.econ.yale.edu/~shiller/data/ie_data.xls,0df9392b7dacf91f756e92c8db508ad903c4588b43f3253680eec3dd8b40db68,2026-06-01T09:02:10
1920-07-01,2026-06-01T09:02:10,1920-07-15,5.080592919540795,yale_shiller_ie_data,http://www.econ.yale.edu/~shiller/data/ie_data.xls,0df9392b7dacf91f756e92c8db508ad903c4588b43f3253680eec3dd8b40db68,2026-06-01T09:02:10
1920-08-01,2026-06-01T09:02:10,1920-08-13,5.0207010779228565,yale_shiller_ie_data,http://www.econ.yale.edu/~shiller/data/ie_data.xls,0df9392b7dacf91f756e92c8db508ad903c4588b43f3253680eec3dd8b40db68,2026-06-01T09:02:10
1920-09-01,2026-06-01T09:02:10,1920-09-15,5.297162770108058,yale_shiller_ie_data,http://www.econ.yale.edu/~shiller/data/ie_data.xls,0df9392b7dacf91f756e92c8db508ad903c4588b43f3253680eec3dd8b40db68,2026-06-01T09:02:10
1920-10-01,2026-06-01T09:02:10,1920-10-15,5.351177393424155,yale_shiller_ie_data,http://www.econ.yale.edu/~shiller/data/ie_data.xls,0df9392b7dacf91f756e92c8db508ad903c4588b43f3253680eec3dd8b40db68,2026-06-01T09:02:10
1920-11-01,2026-06-01T09:02:10,1920-11-15,5.126407930947925,yale_shiller_ie_data,http://www.econ.yale.edu/~shiller/data/ie_data.xls,0df9392b7dacf91f756e92c8db508ad903c4588b43f3253680eec3dd8b40db68,2026-06-01T09:02:10
1920-12-01,2026-06-01T09:02:10,1920-12-15,4.784241045083248,yale_shiller_ie_data,http://www.econ.yale.edu/~shiller/data/ie_data.xls,0df9392b7dacf91f756e92c8db508ad903c4588b43f3253680eec3dd8b40db68,2026-06-01T09:02:10
1921-01-01,2026-06-01T09:02:10,1921-01-14,5.122184146887374,yale_shiller_ie_data,http://www.econ.yale.edu/~shiller/data/ie_data.xls,0df9392b7dacf91f756e92c8db508ad903c4588b43f3253680eec3dd8b40db68,2026-06-01T09:02:10
1921-02-01,2026-06-01T09:02:10,1921-02-15,5.274857191205047,yale_shiller_ie_data,http://www.econ.yale.edu/~shiller/data/ie_data.xls,0df9392b7dacf91f756e92c8db508ad903c4588b43f3253680eec3dd8b40db68,2026-06-01T09:02:10
1921-03-01,2026-06-01T09:02:10,1921-03-15,5.192348158684177,yale_shiller_ie_data,http://www.econ.yale.edu/~shiller/data/ie_data.xls,0df9392b7dacf91f756e92c8db508ad903c4588b43f3253680eec3dd8b40db68,2026-06-01T09:02:10
1921-04-01,2026-06-01T09:02:10,1921-04-15,5.297085922739674,yale_shiller_ie_data,http://www.econ.yale.edu/~shiller/data/ie_data.xls,0df9392b7dacf91f756e92c8db508ad903c4588b43f3253680eec3dd8b40db68,2026-06-01T09:02:10
1921-05-01,2026-06-01T09:02:10,1921-05-13,5.609469225330775,yale_shiller_ie_data,http://www.econ.yale.edu/~shiller/data/ie_data.xls,0df9392b7dacf91f756e92c8db508ad903c4588b43f3253680eec3dd8b40db68,2026-06-01T09:02:10
1921-06-01,2026-06-01T09:02:10,1921-06-15,5.21611096098932,yale_shiller_ie_data,http://www.econ.yale.edu/~shiller/data/ie_data.xls,0df9392b7dacf91f756e92c8db508ad903c4588b43f3253680eec3dd8b40db68,2026-06-01T09:02:10
1921-07-01,2026-06-01T09:02:10,1921-07-15,5.197779361905469,yale_shiller_ie_data,http://www.econ.yale.edu/~shiller/data/ie_data.xls,0df9392b7dacf91f756e92c8db508ad903c4588b43f3253680eec3dd8b40db68,2026-06-01T09:02:10
1921-08-01,2026-06-01T09:02:10,1921-08-15,5.16129482321573,yale_shiller_ie_data,http://www.econ.yale.edu/~shiller/data/ie_data.xls,0df9392b7dacf91f756e92c8db508ad903c4588b43f3253680eec3dd8b40db68,2026-06-01T09:02:10
1921-09-01,2026-06-01T09:02:10,1921-09-15,5.3775244254582555,yale_shiller_ie_data,http://www.econ.yale.edu/~shiller/data/ie_data.xls,0df9392b7dacf91f756e92c8db508ad903c4588b43f3253680eec3dd8b40db68,2026-06-01T09:02:10
1921-10-01,2026-06-01T09:02:10,1921-10-14,5.4792576780533455,yale_shiller_ie_data,http://www.econ.yale.edu/~shiller/data/ie_data.xls,0df9392b7dacf91f756e92c8db508ad903c4588b43f3253680eec3dd8b40db68,2026-06-01T09:02:10
1921-11-01,2026-06-01T09:02:10,1921-11-15,5.83819699320089,yale_shiller_ie_data,http://www.econ.yale.edu/~shiller/data/ie_data.xls,0df9392b7dacf91f756e92c8db508ad903c4588b43f3253680eec3dd8b40db68,2026-06-01T09:02:10
1921-12-01,2026-06-01T09:02:10,1921-12-15,6.11415884941727,yale_shiller_ie_data,http://www.econ.yale.edu/~shiller/data/ie_data.xls,0df9392b7dacf91f756e92c8db508ad903c4588b43f3253680eec3dd8b40db68,2026-06-01T09:02:10
1922-01-01,2026-06-01T09:02:10,1922-01-13,6.287087290347128,yale_shiller_ie_data,http://www.econ.yale.edu/~shiller/data/ie_data.xls,0df9392b7dacf91f756e92c8db508ad903c4588b43f3253680eec3dd8b40db68,2026-06-01T09:02:10
1922-02-01,2026-06-01T09:02:10,1922-02-15,6.4613058726969825,yale_shiller_ie_data,http://www.econ.yale.edu/~shiller/data/ie_data.xls,0df9392b7dacf91f756e92c8db508ad903c4588b43f3253680eec3dd8b40db68,2026-06-01T09:02:10
1922-03-01,2026-06-01T09:02:10,1922-03-15,6.82138724903604,yale_shiller_ie_data,http://www.econ.yale.edu/~shiller/data/ie_data.xls,0df9392b7dacf91f756e92c8db508ad903c4588b43f3253680eec3dd8b40db68,2026-06-01T09:02:10
1922-04-01,2026-06-01T09:02:10,1922-04-14,7.273253390209859,yale_shiller_ie_data,http://www.econ.yale.edu/~shiller/data/ie_data.xls,0df9392b7dacf91f756e92c8db508ad903c4588b43f3253680eec3dd8b40db68,2026-06-01T09:02:10
1922-05-01,2026-06-01T09:02:10,1922-05-15,7.593467258919378,yale_shiller_ie_data,http://www.econ.yale.edu/~shiller/data/ie_data.xls,0df9392b7dacf91f756e92c8db508ad903c4588b43f3253680eec3dd8b40db68,2026-06-01T09:02:10
1922-06-01,2026-06-01T09:02:10,1922-06-15,7.557987351755127,yale_shiller_ie_data,http://www.econ.yale.edu/~shiller/data/ie_data.xls,0df9392b7dacf91f756e92c8db508ad903c4588b43f3253680eec3dd8b40db68,2026-06-01T09:02:10
1922-07-01,2026-06-01T09:02:10,1922-07-14,7.602095045774032,yale_shiller_ie_data,http://www.econ.yale.edu/~shiller/data/ie_data.xls,0df9392b7dacf91f756e92c8db508ad903c4588b43f3253680eec3dd8b40db68,2026-06-01T09:02:10
1922-08-01,2026-06-01T09:02:10,1922-08-15,8.020030689895775,yale_shiller_ie_data,http://www.econ.yale.edu/~shiller/data/ie_data.xls,0df9392b7dacf91f756e92c8db508ad903c4588b43f3253680eec3dd8b40db68,2026-06-01T09:02:10
1922-09-01,2026-06-01T09:02:10,1922-09-15,8.265083002284303,yale_shiller_ie_data,http://www.econ.yale.edu/~shiller/data/ie_data.xls,0df9392b7dacf91f756e92c8db508ad903c4588b43f3253680eec3dd8b40db68,2026-06-01T09:02:10
1922-10-01,2026-06-01T09:02:10,1922-10-13,8.432151998761896,yale_shiller_ie_data,http://www.econ.yale.edu/~shiller/data/ie_data.xls,0df9392b7dacf91f756e92c8db508ad903c4588b43f3253680eec3dd8b40db68,2026-06-01T09:02:10
1922-11-01,2026-06-01T09:02:10,1922-11-15,7.998253772269837,yale_shiller_ie_data,http://www.econ.yale.edu/~shiller/data/ie_data.xls,0df9392b7dacf91f756e92c8db508ad903c4588b43f3253680eec3dd8b40db68,2026-06-01T09:02:10
1922-12-01,2026-06-01T09:02:10,1922-12-15,7.964679864939999,yale_shiller_ie_data,http://www.econ.yale.edu/~shiller/data/ie_data.xls,0df9392b7dacf91f756e92c8db508ad903c4588b43f3253680eec3dd8b40db68,2026-06-01T09:02:10
1923-01-01,2026-06-01T09:02:10,1923-01-15,8.154200483069156,yale_shiller_ie_data,http://www.econ.yale.edu/~shiller/data/ie_data.xls,0df9392b7dacf91f756e92c8db508ad903c4588b43f3253680eec3dd8b40db68,2026-06-01T09:02:10
1923-02-01,2026-06-01T09:02:10,1923-02-15,8.533360579065967,yale_shiller_ie_data,http://www.econ.yale.edu/~shiller/data/ie_data.xls,0df9392b7dacf91f756e92c8db508ad903c4588b43f3253680eec3dd8b40db68,2026-06-01T09:02:10
1923-03-01,2026-06-01T09:02:10,1923-03-15,8.700737500978533,yale_shiller_ie_data,http://www.econ.yale.edu/~shiller/data/ie_data.xls,0df9392b7dacf91f756e92c8db508ad903c4588b43f3253680eec3dd8b40db68,2026-06-01T09:02:10
1923-04-01,2026-06-01T09:02:10,1923-04-13,8.372809668463814,yale_shiller_ie_data,http://www.econ.yale.edu/~shiller/data/ie_data.xls,0df9392b7dacf91f756e92c8db508ad903c4588b43f3253680eec3dd8b40db68,2026-06-01T09:02:10
1923-05-01,2026-06-01T09:02:10,1923-05-15,8.00049786759821,yale_shiller_ie_data,http://www.econ.yale.edu/~shiller/data/ie_data.xls,0df9392b7dacf91f756e92c8db508ad903c4588b43f3253680eec3dd8b40db68,2026-06-01T09:02:10
1923-06-01,2026-06-01T09:02:10,1923-06-15,7.671825282673079,yale_shiller_ie_data,http://www.econ.yale.edu/~shiller/data/ie_data.xls,0df9392b7dacf91f756e92c8db508ad903c4588b43f3253680eec3dd8b40db68,2026-06-01T09:02:10
1923-07-01,2026-06-01T09:02:10,1923-07-13,7.34598511949065,yale_shiller_ie_data,http://www.econ.yale.edu/~shiller/data/ie_data.xls,0df9392b7dacf91f756e92c8db508ad903c4588b43f3253680eec3dd8b40db68,2026-06-01T09:02:10
1923-08-01,2026-06-01T09:02:10,1923-08-15,7.44178317421737,yale_shiller_ie_data,http://www.econ.yale.edu/~shiller/data/ie_data.xls,0df9392b7dacf91f756e92c8db508ad903c4588b43f3253680eec3dd8b40db68,2026-06-01T09:02:10
1923-09-01,2026-06-01T09:02:10,1923-09-14,7.458183867189794,yale_shiller_ie_data,http://www.econ.yale.edu/~shiller/data/ie_data.xls,0df9392b7dacf91f756e92c8db508ad903c4588b43f3253680eec3dd8b40db68,2026-06-01T09:02:10
1923-10-01,2026-06-01T09:02:10,1923-10-15,7.317400395621481,yale_shiller_ie_data,http://www.econ.yale.edu/~shiller/data/ie_data.xls,0df9392b7dacf91f756e92c8db508ad903c4588b43f3253680eec3dd8b40db68,2026-06-01T09:02:10
1923-11-01,2026-06-01T09:02:10,1923-11-15,7.546327911916236,yale_shiller_ie_data,http://www.econ.yale.edu/~shiller/data/ie_data.xls,0df9392b7dacf91f756e92c8db508ad903c4588b43f3253680eec3dd8b40db68,2026-06-01T09:02:10
1923-12-01,2026-06-01T09:02:10,1923-12-14,7.809739144938745,yale_shiller_ie_data,http://www.econ.yale.edu/~shiller/data/ie_data.xls,0df9392b7dacf91f756e92c8db508ad903c4588b43f3253680eec3dd8b40db68,2026-06-01T09:02:10
1924-01-01,2026-06-01T09:02:10,1924-01-15,8.07224944603738,yale_shiller_ie_data,http://www.econ.yale.edu/~shiller/data/ie_data.xls,0df9392b7dacf91f756e92c8db508ad903c4588b43f3253680eec3dd8b40db68,2026-06-01T09:02:10
1924-02-01,2026-06-01T09:02:10,1924-02-15,8.16206622085036,yale_shiller_ie_data,http://www.econ.yale.edu/~shiller/data/ie_data.xls,0df9392b7dacf91f756e92c8db508ad903c4588b43f3253680eec3dd8b40db68,2026-06-01T09:02:10
1924-03-01,2026-06-01T09:02:10,1924-03-14,8.058077044116095,yale_shiller_ie_data,http://www.econ.yale.edu/~shiller/data/ie_data.xls,0df9392b7dacf91f756e92c8db508ad903c4588b43f3253680eec3dd8b40db68,2026-06-01T09:02:10
1924-04-01,2026-06-01T09:02:10,1924-04-15,7.923620348327982,yale_shiller_ie_data,http://www.econ.yale.edu/~shiller/data/ie_data.xls,0df9392b7dacf91f756e92c8db508ad903c4588b43f3253680eec3dd8b40db68,2026-06-01T09:02:10
1924-05-01,2026-06-01T09:02:10,1924-05-15,7.899698330665295,yale_shiller_ie_data,http://www.econ.yale.edu/~shiller/data/ie_data.xls,0df9392b7dacf91f756e92c8db508ad903c4588b43f3253680eec3dd8b40db68,2026-06-01T09:02:10
1924-06-01,2026-06-01T09:02:10,1924-06-13,8.051676946396649,yale_shiller_ie_data,http://www.econ.yale.edu/~shiller/data/ie_data.xls,0df9392b7dacf91f756e92c8db508ad903c4588b43f3253680eec3dd8b40db68,2026-06-01T09:02:10
1924-07-01,2026-06-01T09:02:10,1924-07-15,8.377712139971836,yale_shiller_ie_data,http://www.econ.yale.edu/~shiller/data/ie_data.xls,0df9392b7dacf91f756e92c8db508ad903c4588b43f3253680eec3dd8b40db68,2026-06-01T09:02:10
1924-08-01,2026-06-01T09:02:10,1924-08-15,8.717418308548332,yale_shiller_ie_data,http://www.econ.yale.edu/~shiller/data/ie_data.xls,0df9392b7dacf91f756e92c8db508ad903c4588b43f3253680eec3dd8b40db68,2026-06-01T09:02:10
1924-09-01,2026-06-01T09:02:10,1924-09-15,8.581670375209054,yale_shiller_ie_data,http://www.econ.yale.edu/~shiller/data/ie_data.xls,0df9392b7dacf91f756e92c8db508ad903c4588b43f3253680eec3dd8b40db68,2026-06-01T09:02:10
1924-10-01,2026-06-01T09:02:10,1924-10-15,8.419491035872428,yale_shiller_ie_data,http://www.econ.yale.edu/~shiller/data/ie_data.xls,0df9392b7dacf91f756e92c8db508ad903c4588b43f3253680eec3dd8b40db68,2026-06-01T09:02:10
1924-11-01,2026-06-01T09:02:10,1924-11-14,8.888327361250973,yale_shiller_ie_data,http://www.econ.yale.edu/~shiller/data/ie_data.xls,0df9392b7dacf91f756e92c8db508ad903c4588b43f3253680eec3dd8b40db68,2026-06-01T09:02:10
1924-12-01,2026-06-01T09:02:10,1924-12-15,9.310639680416376,yale_shiller_ie_data,http://www.econ.yale.edu/~shiller/data/ie_data.xls,0df9392b7dacf91f756e92c8db508ad903c4588b43f3253680eec3dd8b40db68,2026-06-01T09:02:10
1925-01-01,2026-06-01T09:02:10,1925-01-15,9.692618852254997,yale_shiller_ie_data,http://www.econ.yale.edu/~shiller/data/ie_data.xls,0df9392b7dacf91f756e92c8db508ad903c4588b43f3253680eec3dd8b40db68,2026-06-01T09:02:10
1925-02-01,2026-06-01T09:02:10,1925-02-13,9.830804722819575,yale_shiller_ie_data,http://www.econ.yale.edu/~shiller/data/ie_data.xls,0df9392b7dacf91f756e92c8db508ad903c4588b43f3253680eec3dd8b40db68,2026-06-01T09:02:10
1925-03-01,2026-06-01T09:02:10,1925-03-13,9.518537538810032,yale_shiller_ie_data,http://www.econ.yale.edu/~shiller/data/ie_data.xls,0df9392b7dacf91f756e92c8db508ad903c4588b43f3253680eec3dd8b40db68,2026-06-01T09:02:10
1925-04-01,2026-06-01T09:02:10,1925-04-15,9.476566787903069,yale_shiller_ie_data,http://www.econ.yale.edu/~shiller/data/ie_data.xls,0df9392b7dacf91f756e92c8db508ad903c4588b43f3253680eec3dd8b40db68,2026-06-01T09:02:10
1925-05-01,2026-06-01T09:02:10,1925-05-15,9.72900769402133,yale_shiller_ie_data,http://www.econ.yale.edu/~shiller/data/ie_data.xls,0df9392b7dacf91f756e92c8db508ad903c4588b43f3253680eec3dd8b40db68,2026-06-01T09:02:10
1925-06-01,2026-06-01T09:02:10,1925-06-15,9.796386180450611,yale_shiller_ie_data,http://www.econ.yale.edu/~shiller/data/ie_data.xls,0df9392b7dacf91f756e92c8db508ad903c4588b43f3253680eec3dd8b40db68,2026-06-01T09:02:10
1925-07-01,2026-06-01T09:02:10,1925-07-15,9.963993891787798,yale_shiller_ie_data,http://www.econ.yale.edu/~shiller/data/ie_data.xls,0df9392b7dacf91f756e92c8db508ad903c4588b43f3253680eec3dd8b40db68,2026-06-01T09:02:10
1925-08-01,2026-06-01T09:02:10,1925-08-14,10.11091845848894,yale_shiller_ie_data,http://www.econ.yale.edu/~shiller/data/ie_data.xls,0df9392b7dacf91f756e92c8db508ad903c4588b43f3253680eec3dd8b40db68,2026-06-01T09:02:10
1925-09-01,2026-06-01T09:02:10,1925-09-15,10.3592476113485,yale_shiller_ie_data,http://www.econ.yale.edu/~shiller/data/ie_data.xls,0df9392b7dacf91f756e92c8db508ad903c4588b43f3253680eec3dd8b40db68,2026-06-01T09:02:10
1925-10-01,2026-06-01T09:02:10,1925-10-15,10.718495997022927,yale_shiller_ie_data,http://www.econ.yale.edu/~shiller/data/ie_data.xls,0df9392b7dacf91f756e92c8db508ad903c4588b43f3253680eec3dd8b40db68,2026-06-01T09:02:10
1925-11-01,2026-06-01T09:02:10,1925-11-13,10.88631744030793,yale_shiller_ie_data,http://www.econ.yale.edu/~shiller/data/ie_data.xls,0df9392b7dacf91f756e92c8db508ad903c4588b43f3253680eec3dd8b40db68,2026-06-01T09:02:10
1925-12-01,2026-06-01T09:02:10,1925-12-15,11.14736523913725,yale_shiller_ie_data,http://www.econ.yale.edu/~shiller/data/ie_data.xls,0df9392b7dacf91f756e92c8db508ad903c4588b43f3253680eec3dd8b40db68,2026-06-01T09:02:10
1926-01-01,2026-06-01T09:02:10,1926-01-15,11.340966188506233,yale_shiller_ie_data,http://www.econ.yale.edu/~shiller/data/ie_data.xls,0df9392b7dacf91f756e92c8db508ad903c4588b43f3253680eec3dd8b40db68,2026-06-01T09:02:10
1926-02-01,2026-06-01T09:02:10,1926-02-15,11.389435672748007,yale_shiller_ie_data,http://www.econ.yale.edu/~shiller/data/ie_data.xls,0df9392b7dacf91f756e92c8db508ad903c4588b43f3253680eec3dd8b40db68,2026-06-01T09:02:10
1926-03-01,2026-06-01T09:02:10,1926-03-15,10.712352062732482,yale_shiller_ie_data,http://www.econ.yale.edu/~shiller/data/ie_data.xls,0df9392b7dacf91f756e92c8db508ad903c4588b43f3253680eec3dd8b40db68,2026-06-01T09:02:10
1926-04-01,2026-06-01T09:02:10,1926-04-15,10.395587685954728,yale_shiller_ie_data,http://www.econ.yale.edu/~shiller/data/ie_data.xls,0df9392b7dacf91f756e92c8db508ad903c4588b43f3253680eec3dd8b40db68,2026-06-01T09:02:10
1926-05-01,2026-06-01T09:02:10,1926-05-14,10.575158463806096,yale_shiller_ie_data,http://www.econ.yale.edu/~shiller/data/ie_data.xls,0df9392b7dacf91f756e92c8db508ad903c4588b43f3253680eec3dd8b40db68,2026-06-01T09:02:10
1926-06-01,2026-06-01T09:02:10,1926-06-15,11.197979740229954,yale_shiller_ie_data,http://www.econ.yale.edu/~shiller/data/ie_data.xls,0df9392b7dacf91f756e92c8db508ad903c4588b43f3253680eec3dd8b40db68,2026-06-01T09:02:10
1926-07-01,2026-06-01T09:02:10,1926-07-15,11.869694058481278,yale_shiller_ie_data,http://www.econ.yale.edu/~shiller/data/ie_data.xls,0df9392b7dacf91f756e92c8db508ad903c4588b43f3253680eec3dd8b40db68,2026-06-01T09:02:10
1926-08-01,2026-06-01T09:02:10,1926-08-13,12.488808219521875,yale_shiller_ie_data,http://www.econ.yale.edu/~shiller/data/ie_data.xls,0df9392b7dacf91f756e92c8db508ad903c4588b43f3253680eec3dd8b40db68,2026-06-01T09:02:10
1926-09-01,2026-06-01T09:02:10,1926-09-15,12.692614823344718,yale_shiller_ie_data,http://www.econ.yale.edu/~shiller/data/ie_data.xls,0df9392b7dacf91f756e92c8db508ad903c4588b43f3253680eec3dd8b40db68,2026-06-01T09:02:10
1926-10-01,2026-06-01T09:02:10,1926-10-15,12.426517521583348,yale_shiller_ie_data,http://www.econ.yale.edu/~shiller/data/ie_data.xls,0df9392b7dacf91f756e92c8db508ad903c4588b43f3253680eec3dd8b40db68,2026-06-01T09:02:10
1926-11-01,2026-06-01T09:02:10,1926-11-15,12.615251212344482,yale_shiller_ie_data,http://www.econ.yale.edu/~shiller/data/ie_data.xls,0df9392b7dacf91f756e92c8db508ad903c4588b43f3253680eec3dd8b40db68,2026-06-01T09:02:10
1926-12-01,2026-06-01T09:02:10,1926-12-15,13.009052728993133,yale_shiller_ie_data,http://www.econ.yale.edu/~shiller/data/ie_data.xls,0df9392b7dacf91f756e92c8db508ad903c4588b43f3253680eec3dd8b40db68,2026-06-01T09:02:10
1927-01-01,2026-06-01T09:02:10,1927-01-14,13.185930628677792,yale_shiller_ie_data,http://www.econ.yale.edu/~shiller/data/ie_data.xls,0df9392b7dacf91f756e92c8db508ad903c4588b43f3253680eec3dd8b40db68,2026-06-01T09:02:10
1927-02-01,2026-06-01T09:02:10,1927-02-15,13.633966132216212,yale_shiller_ie_data,http://www.econ.yale.edu/~shiller/data/ie_data.xls,0df9392b7dacf91f756e92c8db508ad903c4588b43f3253680eec3dd8b40db68,2026-06-01T09:02:10
1927-03-01,2026-06-01T09:02:10,1927-03-15,14.033257507604494,yale_shiller_ie_data,http://www.econ.yale.edu/~shiller/data/ie_data.xls,0df9392b7dacf91f756e92c8db508ad903c4588b43f3253680eec3dd8b40db68,2026-06-01T09:02:10
1927-04-01,2026-06-01T09:02:10,1927-04-15,14.488222209157056,yale_shiller_ie_data,http://www.econ.yale.edu/~shiller/data/ie_data.xls,0df9392b7dacf91f756e92c8db508ad903c4588b43f3253680eec3dd8b40db68,2026-06-01T09:02:10
1927-05-01,2026-06-01T09:02:10,1927-05-13,15.002347055737118,yale_shiller_ie_data,http://www.econ.yale.edu/~shiller/data/ie_data.xls,0df9392b7dacf91f756e92c8db508ad903c4588b43f3253680eec3dd8b40db68,2026-06-01T09:02:10
1927-06-01,2026-06-01T09:02:10,1927-06-15,15.12033348174753,yale_shiller_ie_data,http://www.econ.yale.edu/~shiller/data/ie_data.xls,0df9392b7dacf91f756e92c8db508ad903c4588b43f3253680eec3dd8b40db68,2026-06-01T09:02:10
1927-07-01,2026-06-01T09:02:10,1927-07-15,15.820802594477753,yale_shiller_ie_data,http://www.econ.yale.edu/~shiller/data/ie_data.xls,0df9392b7dacf91f756e92c8db508ad903c4588b43f3253680eec3dd8b40db68,2026-06-01T09:02:10
1927-08-01,2026-06-01T09:02:10,1927-08-15,16.86286185276381,yale_shiller_ie_data,http://www.econ.yale.edu/~shiller/data/ie_data.xls,0df9392b7dacf91f756e92c8db508ad903c4588b43f3253680eec3dd8b40db68,2026-06-01T09:02:10
1927-09-01,2026-06-01T09:02:10,1927-09-15,17.818723713516423,yale_shiller_ie_data,http://www.econ.yale.edu/~shiller/data/ie_data.xls,0df9392b7dacf91f756e92c8db508ad903c4588b43f3253680eec3dd8b40db68,2026-06-01T09:02:10
1927-10-01,2026-06-01T09:02:10,1927-10-14,17.53723785226109,yale_shiller_ie_data,http://www.econ.yale.edu/~shiller/data/ie_data.xls,0df9392b7dacf91f756e92c8db508ad903c4588b43f3253680eec3dd8b40db68,2026-06-01T09:02:10
1927-11-01,2026-06-01T09:02:10,1927-11-15,18.13130143495243,yale_shiller_ie_data,http://www.econ.yale.edu/~shiller/data/ie_data.xls,0df9392b7dacf91f756e92c8db508ad903c4588b43f3253680eec3dd8b40db68,2026-06-01T09:02:10
1927-12-01,2026-06-01T09:02:10,1927-12-15,18.646624021402527,yale_shiller_ie_data,http://www.econ.yale.edu/~shiller/data/ie_data.xls,0df9392b7dacf91f756e92c8db508ad903c4588b43f3253680eec3dd8b40db68,2026-06-01T09:02:10
1928-01-01,2026-06-01T09:02:10,1928-01-13,18.80612857170077,yale_shiller_ie_data,http://www.econ.yale.edu/~shiller/data/ie_data.xls,0df9392b7dacf91f756e92c8db508ad903c4588b43f3253680eec3dd8b40db68,2026-06-01T09:02:10
1928-02-01,2026-06-01T09:02:10,1928-02-15,18.86885051958404,yale_shiller_ie_data,http://www.econ.yale.edu/~shiller/data/ie_data.xls,0df9392b7dacf91f756e92c8db508ad903c4588b43f3253680eec3dd8b40db68,2026-06-01T09:02:10
1928-03-01,2026-06-01T09:02:10,1928-03-15,19.94341779906454,yale_shiller_ie_data,http://www.econ.yale.edu/~shiller/data/ie_data.xls,0df9392b7dacf91f756e92c8db508ad903c4588b43f3253680eec3dd8b40db68,2026-06-01T09:02:10
1928-04-01,2026-06-01T09:02:10,1928-04-13,21.257909249487497,yale_shiller_ie_data,http://www.econ.yale.edu/~shiller/data/ie_data.xls,0df9392b7dacf91f756e92c8db508ad903c4588b43f3253680eec3dd8b40db68,2026-06-01T09:02:10
1928-05-01,2026-06-01T09:02:10,1928-05-15,21.83273217874003,yale_shiller_ie_data,http://www.econ.yale.edu/~shiller/data/ie_data.xls,0df9392b7dacf91f756e92c8db508ad903c4588b43f3253680eec3dd8b40db68,2026-06-01T09:02:10
1928-06-01,2026-06-01T09:02:10,1928-06-15,20.913421576866707,yale_shiller_ie_data,http://www.econ.yale.edu/~shiller/data/ie_data.xls,0df9392b7dacf91f756e92c8db508ad903c4588b43f3253680eec3dd8b40db68,2026-06-01T09:02:10
1928-07-01,2026-06-01T09:02:10,1928-07-13,21.081905435296793,yale_shiller_ie_data,http://www.econ.yale.edu/~shiller/data/ie_data.xls,0df9392b7dacf91f756e92c8db508ad903c4588b43f3253680eec3dd8b40db68,2026-06-01T09:02:10
1928-08-01,2026-06-01T09:02:10,1928-08-15,21.76213150257924,yale_shiller_ie_data,http://www.econ.yale.edu/~shiller/data/ie_data.xls,0df9392b7dacf91f756e92c8db508ad903c4588b43f3253680eec3dd8b40db68,2026-06-01T09:02:10
1928-09-01,2026-06-01T09:02:10,1928-09-14,23.004649446159235,yale_shiller_ie_data,http://www.econ.yale.edu/~shiller/data/ie_data.xls,0df9392b7dacf91f756e92c8db508ad903c4588b43f3253680eec3dd8b40db68,2026-06-01T09:02:10
1928-10-01,2026-06-01T09:02:10,1928-10-15,23.578344239585043,yale_shiller_ie_data,http://www.econ.yale.edu/~shiller/data/ie_data.xls,0df9392b7dacf91f756e92c8db508ad903c4588b43f3253680eec3dd8b40db68,2026-06-01T09:02:10
1928-11-01,2026-06-01T09:02:10,1928-11-15,25.121984571109593,yale_shiller_ie_data,http://www.econ.yale.edu/~shiller/data/ie_data.xls,0df9392b7dacf91f756e92c8db508ad903c4588b43f3253680eec3dd8b40db68,2026-06-01T09:02:10
1928-12-01,2026-06-01T09:02:10,1928-12-14,25.301591027426145,yale_shiller_ie_data,http://www.econ.yale.edu/~shiller/data/ie_data.xls,0df9392b7dacf91f756e92c8db508ad903c4588b43f3253680eec3dd8b40db68,2026-06-01T09:02:10
1929-01-01,2026-06-01T09:02:10,1929-01-15,27.083199620832772,yale_shiller_ie_data,http://www.econ.yale.edu/~shiller/data/ie_data.xls,0df9392b7dacf91f756e92c8db508ad903c4588b43f3253680eec3dd8b40db68,2026-06-01T09:02:10
1929-02-01,2026-06-01T09:02:10,1929-02-15,27.13167279824738,yale_shiller_ie_data,http://www.econ.yale.edu/~shiller/data/ie_data.xls,0df9392b7dacf91f756e92c8db508ad903c4588b43f3253680eec3dd8b40db68,2026-06-01T09:02:10
1929-03-01,2026-06-01T09:02:10,1929-03-15,27.67574843786188,yale_shiller_ie_data,http://www.econ.yale.edu/~shiller/data/ie_data.xls,0df9392b7dacf91f756e92c8db508ad903c4588b43f3253680eec3dd8b40db68,2026-06-01T09:02:10
1929-04-01,2026-06-01T09:02:10,1929-04-15,27.5684544728983,yale_shiller_ie_data,http://www.econ.yale.edu/~shiller/data/ie_data.xls,0df9392b7dacf91f756e92c8db508ad903c4588b43f3253680eec3dd8b40db68,2026-06-01T09:02:10
1929-05-01,2026-06-01T09:02:10,1929-05-15,27.698586875008132,yale_shiller_ie_data,http://www.econ.yale.edu/~shiller/data/ie_data.xls,0df9392b7dacf91f756e92c8db508ad903c4588b43f3253680eec3dd8b40db68,2026-06-01T09:02:10
1929-06-01,2026-06-01T09:02:10,1929-06-14,27.935467830288687,yale_shiller_ie_data,http://www.econ.yale.edu/~shiller/data/ie_data.xls,0df9392b7dacf91f756e92c8db508ad903c4588b43f3253680eec3dd8b40db68,2026-06-01T09:02:10
1929-07-01,2026-06-01T09:02:10,1929-07-15,29.933289406842214,yale_shiller_ie_data,http://www.econ.yale.edu/~shiller/data/ie_data.xls,0df9392b7dacf91f756e92c8db508ad903c4588b43f3253680eec3dd8b40db68,2026-06-01T09:02:10
1929-08-01,2026-06-01T09:02:10,1929-08-15,31.480313247173004,yale_shiller_ie_data,http://www.econ.yale.edu/~shiller/data/ie_data.xls,0df9392b7dacf91f756e92c8db508ad903c4588b43f3253680eec3dd8b40db68,2026-06-01T09:02:10
1929-09-01,2026-06-01T09:02:10,1929-09-13,32.5637885987767,yale_shiller_ie_data,http://www.econ.yale.edu/~shiller/data/ie_data.xls,0df9392b7dacf91f756e92c8db508ad903c4588b43f3253680eec3dd8b40db68,2026-06-01T09:02:10
1929-10-01,2026-06-01T09:02:10,1929-10-15,28.96106716435479,yale_shiller_ie_data,http://www.econ.yale.edu/~shiller/data/ie_data.xls,0df9392b7dacf91f756e92c8db508ad903c4588b43f3253680eec3dd8b40db68,2026-06-01T09:02:10
1929-11-01,2026-06-01T09:02:10,1929-11-15,21.17103600009704,yale_shiller_ie_data,http://www.econ.yale.edu/~shiller/data/ie_data.xls,0df9392b7dacf91f756e92c8db508ad903c4588b43f3253680eec3dd8b40db68,2026-06-01T09:02:10
1929-12-01,2026-06-01T09:02:10,1929-12-13,22.007373176418334,yale_shiller_ie_data,http://www.econ.yale.edu/~shiller/data/ie_data.xls,0df9392b7dacf91f756e92c8db508ad903c4588b43f3253680eec3dd8b40db68,2026-06-01T09:02:10
1930-01-01,2026-06-01T09:02:10,1930-01-15,22.310724294336847,yale_shiller_ie_data,http://www.econ.yale.edu/~shiller/data/ie_data.xls,0df9392b7dacf91f756e92c8db508ad903c4588b43f3253680eec3dd8b40db68,2026-06-01T09:02:10
1930-02-01,2026-06-01T09:02:10,1930-02-14,23.69711774933588,yale_shiller_ie_data,http://www.econ.yale.edu/~shiller/data/ie_data.xls,0df9392b7dacf91f756e92c8db508ad903c4588b43f3253680eec3dd8b40db68,2026-06-01T09:02:10
1930-03-01,2026-06-01T09:02:10,1930-03-14,24.58660779266885,yale_shiller_ie_data,http://www.econ.yale.edu/~shiller/data/ie_data.xls,0df9392b7dacf91f756e92c8db508ad903c4588b43f3253680eec3dd8b40db68,2026-06-01T09:02:10
1930-04-01,2026-06-01T09:02:10,1930-04-15,25.843436862018308,yale_shiller_ie_data,http://www.econ.yale.edu/~shiller/data/ie_data.xls,0df9392b7dacf91f756e92c8db508ad903c4588b43f3253680eec3dd8b40db68,2026-06-01T09:02:10
1930-05-01,2026-06-01T09:02:10,1930-05-15,24.309760633908166,yale_shiller_ie_data,http://www.econ.yale.edu/~shiller/data/ie_data.xls,0df9392b7dacf91f756e92c8db508ad903c4588b43f3253680eec3dd8b40db68,2026-06-01T09:02:10
1930-06-01,2026-06-01T09:02:10,1930-06-13,21.866899333389473,yale_shiller_ie_data,http://www.econ.yale.edu/~shiller/data/ie_data.xls,0df9392b7dacf91f756e92c8db508ad903c4588b43f3253680eec3dd8b40db68,2026-06-01T09:02:10
1930-07-01,2026-06-01T09:02:10,1930-07-15,21.548797592546645,yale_shiller_ie_data,http://www.econ.yale.edu/~shiller/data/ie_data.xls,0df9392b7dacf91f756e92c8db508ad903c4588b43f3253680eec3dd8b40db68,2026-06-01T09:02:10
1930-08-01,2026-06-01T09:02:10,1930-08-15,21.300602241118145,yale_shiller_ie_data,http://www.econ.yale.edu/~shiller/data/ie_data.xls,0df9392b7dacf91f756e92c8db508ad903c4588b43f3253680eec3dd8b40db68,2026-06-01T09:02:10
1930-09-01,2026-06-01T09:02:10,1930-09-15,21.07258178844731,yale_shiller_ie_data,http://www.econ.yale.edu/~shiller/data/ie_data.xls,0df9392b7dacf91f756e92c8db508ad903c4588b43f3253680eec3dd8b40db68,2026-06-01T09:02:10
1930-10-01,2026-06-01T09:02:10,1930-10-15,18.214870154658627,yale_shiller_ie_data,http://www.econ.yale.edu/~shiller/data/ie_data.xls,0df9392b7dacf91f756e92c8db508ad903c4588b43f3253680eec3dd8b40db68,2026-06-01T09:02:10
1930-11-01,2026-06-01T09:02:10,1930-11-14,16.93971137777516,yale_shiller_ie_data,http://www.econ.yale.edu/~shiller/data/ie_data.xls,0df9392b7dacf91f756e92c8db508ad903c4588b43f3253680eec3dd8b40db68,2026-06-01T09:02:10
1930-12-01,2026-06-01T09:02:10,1930-12-15,16.05500185653132,yale_shiller_ie_data,http://www.econ.yale.edu/~shiller/data/ie_data.xls,0df9392b7dacf91f756e92c8db508ad903c4588b43f3253680eec3dd8b40db68,2026-06-01T09:02:10
1931-01-01,2026-06-01T09:02:10,1931-01-15,16.705478731547604,yale_shiller_ie_data,http://www.econ.yale.edu/~shiller/data/ie_data.xls,0df9392b7dacf91f756e92c8db508ad903c4588b43f3253680eec3dd8b40db68,2026-06-01T09:02:10
1931-02-01,2026-06-01T09:02:10,1931-02-13,18.161492436976086,yale_shiller_ie_data,http://www.econ.yale.edu/~shiller/data/ie_data.xls,0df9392b7dacf91f756e92c8db508ad903c4588b43f3253680eec3dd8b40db68,2026-06-01T09:02:10
1931-03-01,2026-06-01T09:02:10,1931-03-13,18.579561032791283,yale_shiller_ie_data,http://www.econ.yale.edu/~shiller/data/ie_data.xls,0df9392b7dacf91f756e92c8db508ad903c4588b43f3253680eec3dd8b40db68,2026-06-01T09:02:10
1931-04-01,2026-06-01T09:02:10,1931-04-15,16.87231533160966,yale_shiller_ie_data,http://www.econ.yale.edu/~shiller/data/ie_data.xls,0df9392b7dacf91f756e92c8db508ad903c4588b43f3253680eec3dd8b40db68,2026-06-01T09:02:10
1931-05-01,2026-06-01T09:02:10,1931-05-15,15.401539999110106,yale_shiller_ie_data,http://www.econ.yale.edu/~shiller/data/ie_data.xls,0df9392b7dacf91f756e92c8db508ad903c4588b43f3253680eec3dd8b40db68,2026-06-01T09:02:10
1931-06-01,2026-06-01T09:02:10,1931-06-15,15.062476074643241,yale_shiller_ie_data,http://www.econ.yale.edu/~shiller/data/ie_data.xls,0df9392b7dacf91f756e92c8db508ad903c4588b43f3253680eec3dd8b40db68,2026-06-01T09:02:10
1931-07-01,2026-06-01T09:02:10,1931-07-15,15.516750095516311,yale_shiller_ie_data,http://www.econ.yale.edu/~shiller/data/ie_data.xls,0df9392b7dacf91f756e92c8db508ad903c4588b43f3253680eec3dd8b40db68,2026-06-01T09:02:10
1931-08-01,2026-06-01T09:02:10,1931-08-14,15.006276602886537,yale_shiller_ie_data,http://www.econ.yale.edu/~shiller/data/ie_data.xls,0df9392b7dacf91f756e92c8db508ad903c4588b43f3253680eec3dd8b40db68,2026-06-01T09:02:10
1931-09-01,2026-06-01T09:02:10,1931-09-15,12.81774526110688,yale_shiller_ie_data,http://www.econ.yale.edu/~shiller/data/ie_data.xls,0df9392b7dacf91f756e92c8db508ad903c4588b43f3253680eec3dd8b40db68,2026-06-01T09:02:10
1931-10-01,2026-06-01T09:02:10,1931-10-15,11.145926407660927,yale_shiller_ie_data,http://www.econ.yale.edu/~shiller/data/ie_data.xls,0df9392b7dacf91f756e92c8db508ad903c4588b43f3253680eec3dd8b40db68,2026-06-01T09:02:10
1931-11-01,2026-06-01T09:02:10,1931-11-13,11.415600295644674,yale_shiller_ie_data,http://www.econ.yale.edu/~shiller/data/ie_data.xls,0df9392b7dacf91f756e92c8db508ad903c4588b43f3253680eec3dd8b40db68,2026-06-01T09:02:10
1931-12-01,2026-06-01T09:02:10,1931-12-15,9.306032867968314,yale_shiller_ie_data,http://www.econ.yale.edu/~shiller/data/ie_data.xls,0df9392b7dacf91f756e92c8db508ad903c4588b43f3253680eec3dd8b40db68,2026-06-01T09:02:10
1932-01-01,2026-06-01T09:02:10,1932-01-15,9.312406455177843,yale_shiller_ie_data,http://www.econ.yale.edu/~shiller/data/ie_data.xls,0df9392b7dacf91f756e92c8db508ad903c4588b43f3253680eec3dd8b40db68,2026-06-01T09:02:10
1932-02-01,2026-06-01T09:02:10,1932-02-15,9.3369322510084,yale_shiller_ie_data,http://www.econ.yale.edu/~shiller/data/ie_data.xls,0df9392b7dacf91f756e92c8db508ad903c4588b43f3253680eec3dd8b40db68,2026-06-01T09:02:10
1932-03-01,2026-06-01T09:02:10,1932-03-15,9.413065028012209,yale_shiller_ie_data,http://www.econ.yale.edu/~shiller/data/ie_data.xls,0df9392b7dacf91f756e92c8db508ad903c4588b43f3253680eec3dd8b40db68,2026-06-01T09:02:10
1932-04-01,2026-06-01T09:02:10,1932-04-15,7.192233196115484,yale_shiller_ie_data,http://www.econ.yale.edu/~shiller/data/ie_data.xls,0df9392b7dacf91f756e92c8db508ad903c4588b43f3253680eec3dd8b40db68,2026-06-01T09:02:10
1932-05-01,2026-06-01T09:02:10,1932-05-13,6.390857289881442,yale_shiller_ie_data,http://www.econ.yale.edu/~shiller/data/ie_data.xls,0df9392b7dacf91f756e92c8db508ad903c4588b43f3253680eec3dd8b40db68,2026-06-01T09:02:10
1932-06-01,2026-06-01T09:02:10,1932-06-15,5.565059371528964,yale_shiller_ie_data,http://www.econ.yale.edu/~shiller/data/ie_data.xls,0df9392b7dacf91f756e92c8db508ad903c4588b43f3253680eec3dd8b40db68,2026-06-01T09:02:10
1932-07-01,2026-06-01T09:02:10,1932-07-15,5.838763671851199,yale_shiller_ie_data,http://www.econ.yale.edu/~shiller/data/ie_data.xls,0df9392b7dacf91f756e92c8db508ad903c4588b43f3253680eec3dd8b40db68,2026-06-01T09:02:10
1932-08-01,2026-06-01T09:02:10,1932-08-15,8.83465320518121,yale_shiller_ie_data,http://www.econ.yale.edu/~shiller/data/ie_data.xls,0df9392b7dacf91f756e92c8db508ad903c4588b43f3253680eec3dd8b40db68,2026-06-01T09:02:10
1932-09-01,2026-06-01T09:02:10,1932-09-15,9.761168564063706,yale_shiller_ie_data,http://www.econ.yale.edu/~shiller/data/ie_data.xls,0df9392b7dacf91f756e92c8db508ad903c4588b43f3253680eec3dd8b40db68,2026-06-01T09:02:10
1932-10-01,2026-06-01T09:02:10,1932-10-14,8.478606607689082,yale_shiller_ie_data,http://www.econ.yale.edu/~shiller/data/ie_data.xls,0df9392b7dacf91f756e92c8db508ad903c4588b43f3253680eec3dd8b40db68,2026-06-01T09:02:10
1932-11-01,2026-06-01T09:02:10,1932-11-15,8.463309567122897,yale_shiller_ie_data,http://www.econ.yale.edu/~shiller/data/ie_data.xls,0df9392b7dacf91f756e92c8db508ad903c4588b43f3253680eec3dd8b40db68,2026-06-01T09:02:10
1932-12-01,2026-06-01T09:02:10,1932-12-15,8.25707399910068,yale_shiller_ie_data,http://www.econ.yale.edu/~shiller/data/ie_data.xls,0df9392b7dacf91f756e92c8db508ad903c4588b43f3253680eec3dd8b40db68,2026-06-01T09:02:10
1933-01-01,2026-06-01T09:02:10,1933-01-13,8.728046162813529,yale_shiller_ie_data,http://www.econ.yale.edu/~shiller/data/ie_data.xls,0df9392b7dacf91f756e92c8db508ad903c4588b43f3253680eec3dd8b40db68,2026-06-01T09:02:10
1933-02-01,2026-06-01T09:02:10,1933-02-15,7.826051751316596,yale_shiller_ie_data,http://www.econ.yale.edu/~shiller/data/ie_data.xls,0df9392b7dacf91f756e92c8db508ad903c4588b43f3253680eec3dd8b40db68,2026-06-01T09:02:10
1933-03-01,2026-06-01T09:02:10,1933-03-15,7.874681322943168,yale_shiller_ie_data,http://www.econ.yale.edu/~shiller/data/ie_data.xls,0df9392b7dacf91f756e92c8db508ad903c4588b43f3253680eec3dd8b40db68,2026-06-01T09:02:10
1933-04-01,2026-06-01T09:02:10,1933-04-14,8.723101646068113,yale_shiller_ie_data,http://www.econ.yale.edu/~shiller/data/ie_data.xls,0df9392b7dacf91f756e92c8db508ad903c4588b43f3253680eec3dd8b40db68,2026-06-01T09:02:10
1933-05-01,2026-06-01T09:02:10,1933-05-15,11.249651251932447,yale_shiller_ie_data,http://www.econ.yale.edu/~shiller/data/ie_data.xls,0df9392b7dacf91f756e92c8db508ad903c4588b43f3253680eec3dd8b40db68,2026-06-01T09:02:10
1933-06-01,2026-06-01T09:02:10,1933-06-15,13.098875517269521,yale_shiller_ie_data,http://www.econ.yale.edu/~shiller/data/ie_data.xls,0df9392b7dacf91f756e92c8db508ad903c4588b43f3253680eec3dd8b40db68,2026-06-01T09:02:10
1933-07-01,2026-06-01T09:02:10,1933-07-14,13.754304493874534,yale_shiller_ie_data,http://www.econ.yale.edu/~shiller/data/ie_data.xls,0df9392b7dacf91f756e92c8db508ad903c4588b43f3253680eec3dd8b40db68,2026-06-01T09:02:10
1933-08-01,2026-06-01T09:02:10,1933-08-15,12.999527050367737,yale_shiller_ie_data,http://www.econ.yale.edu/~shiller/data/ie_data.xls,0df9392b7dacf91f756e92c8db508ad903c4588b43f3253680eec3dd8b40db68,2026-06-01T09:02:10
1933-09-01,2026-06-01T09:02:10,1933-09-15,12.922920614885996,yale_shiller_ie_data,http://www.econ.yale.edu/~shiller/data/ie_data.xls,0df9392b7dacf91f756e92c8db508ad903c4588b43f3253680eec3dd8b40db68,2026-06-01T09:02:10
1933-10-01,2026-06-01T09:02:10,1933-10-13,11.696253568143696,yale_shiller_ie_data,http://www.econ.yale.edu/~shiller/data/ie_data.xls,0df9392b7dacf91f756e92c8db508ad903c4588b43f3253680eec3dd8b40db68,2026-06-01T09:02:10
1933-11-01,2026-06-01T09:02:10,1933-11-15,12.01176619338994,yale_shiller_ie_data,http://www.econ.yale.edu/~shiller/data/ie_data.xls,0df9392b7dacf91f756e92c8db508ad903c4588b43f3253680eec3dd8b40db68,2026-06-01T09:02:10
1933-12-01,2026-06-01T09:02:10,1933-12-15,12.281801622601119,yale_shiller_ie_data,http://www.econ.yale.edu/~shiller/data/ie_data.xls,0df9392b7dacf91f756e92c8db508ad903c4588b43f3253680eec3dd8b40db68,2026-06-01T09:02:10
1934-01-01,2026-06-01T09:02:10,1934-01-15,13.02511982833238,yale_shiller_ie_data,http://www.econ.yale.edu/~shiller/data/ie_data.xls,0df9392b7dacf91f756e92c8db508ad903c4588b43f3253680eec3dd8b40db68,2026-06-01T09:02:10
1934-02-01,2026-06-01T09:02:10,1934-02-15,13.926922904274301,yale_shiller_ie_data,http://www.econ.yale.edu/~shiller/data/ie_data.xls,0df9392b7dacf91f756e92c8db508ad903c4588b43f3253680eec3dd8b40db68,2026-06-01T09:02:10
1934-03-01,2026-06-01T09:02:10,1934-03-15,13.25453762974009,yale_shiller_ie_data,http://www.econ.yale.edu/~shiller/data/ie_data.xls,0df9392b7dacf91f756e92c8db508ad903c4588b43f3253680eec3dd8b40db68,2026-06-01T09:02:10
1934-04-01,2026-06-01T09:02:10,1934-04-13,13.518389284490098,yale_shiller_ie_data,http://www.econ.yale.edu/~shiller/data/ie_data.xls,0df9392b7dacf91f756e92c8db508ad903c4588b43f3253680eec3dd8b40db68,2026-06-01T09:02:10
1934-05-01,2026-06-01T09:02:10,1934-05-15,12.181583235024027,yale_shiller_ie_data,http://www.econ.yale.edu/~shiller/data/ie_data.xls,0df9392b7dacf91f756e92c8db508ad903c4588b43f3253680eec3dd8b40db68,2026-06-01T09:02:10
1934-06-01,2026-06-01T09:02:10,1934-06-15,12.287726483952428,yale_shiller_ie_data,http://www.econ.yale.edu/~shiller/data/ie_data.xls,0df9392b7dacf91f756e92c8db508ad903c4588b43f3253680eec3dd8b40db68,2026-06-01T09:02:10
1934-07-01,2026-06-01T09:02:10,1934-07-13,11.741524229318248,yale_shiller_ie_data,http://www.econ.yale.edu/~shiller/data/ie_data.xls,0df9392b7dacf91f756e92c8db508ad903c4588b43f3253680eec3dd8b40db68,2026-06-01T09:02:10
1934-08-01,2026-06-01T09:02:10,1934-08-15,11.315025981829052,yale_shiller_ie_data,http://www.econ.yale.edu/~shiller/data/ie_data.xls,0df9392b7dacf91f756e92c8db508ad903c4588b43f3253680eec3dd8b40db68,2026-06-01T09:02:10
1934-09-01,2026-06-01T09:02:10,1934-09-14,10.909954083288849,yale_shiller_ie_data,http://www.econ.yale.edu/~shiller/data/ie_data.xls,0df9392b7dacf91f756e92c8db508ad903c4588b43f3253680eec3dd8b40db68,2026-06-01T09:02:10
1934-10-01,2026-06-01T09:02:10,1934-10-15,11.108352605351731,yale_shiller_ie_data,http://www.econ.yale.edu/~shiller/data/ie_data.xls,0df9392b7dacf91f756e92c8db508ad903c4588b43f3253680eec3dd8b40db68,2026-06-01T09:02:10
1934-11-01,2026-06-01T09:02:10,1934-11-15,11.448808690205704,yale_shiller_ie_data,http://www.econ.yale.edu/~shiller/data/ie_data.xls,0df9392b7dacf91f756e92c8db508ad903c4588b43f3253680eec3dd8b40db68,2026-06-01T09:02:10
1934-12-01,2026-06-01T09:02:10,1934-12-14,11.639337566475886,yale_shiller_ie_data,http://www.econ.yale.edu/~shiller/data/ie_data.xls,0df9392b7dacf91f756e92c8db508ad903c4588b43f3253680eec3dd8b40db68,2026-06-01T09:02:10
1935-01-01,2026-06-01T09:02:10,1935-01-15,11.495907968201596,yale_shiller_ie_data,http://www.econ.yale.edu/~shiller/data/ie_data.xls,0df9392b7dacf91f756e92c8db508ad903c4588b43f3253680eec3dd8b40db68,2026-06-01T09:02:10
1935-02-01,2026-06-01T09:02:10,1935-02-15,11.087812159055565,yale_shiller_ie_data,http://www.econ.yale.edu/~shiller/data/ie_data.xls,0df9392b7dacf91f756e92c8db508ad903c4588b43f3253680eec3dd8b40db68,2026-06-01T09:02:10
1935-03-01,2026-06-01T09:02:10,1935-03-15,10.398272404790031,yale_shiller_ie_data,http://www.econ.yale.edu/~shiller/data/ie_data.xls,0df9392b7dacf91f756e92c8db508ad903c4588b43f3253680eec3dd8b40db68,2026-06-01T09:02:10
1935-04-01,2026-06-01T09:02:10,1935-04-15,11.104210207149524,yale_shiller_ie_data,http://www.econ.yale.edu/~shiller/data/ie_data.xls,0df9392b7dacf91f756e92c8db508ad903c4588b43f3253680eec3dd8b40db68,2026-06-01T09:02:10
1935-05-01,2026-06-01T09:02:10,1935-05-15,11.985576683480101,yale_shiller_ie_data,http://www.econ.yale.edu/~shiller/data/ie_data.xls,0df9392b7dacf91f756e92c8db508ad903c4588b43f3253680eec3dd8b40db68,2026-06-01T09:02:10
1935-06-01,2026-06-01T09:02:10,1935-06-14,12.539519324443896,yale_shiller_ie_data,http://www.econ.yale.edu/~shiller/data/ie_data.xls,0df9392b7dacf91f756e92c8db508ad903c4588b43f3253680eec3dd8b40db68,2026-06-01T09:02:10
1935-07-01,2026-06-01T09:02:10,1935-07-15,13.202137936511015,yale_shiller_ie_data,http://www.econ.yale.edu/~shiller/data/ie_data.xls,0df9392b7dacf91f756e92c8db508ad903c4588b43f3253680eec3dd8b40db68,2026-06-01T09:02:10
1935-08-01,2026-06-01T09:02:10,1935-08-15,14.105056846668958,yale_shiller_ie_data,http://www.econ.yale.edu/~shiller/data/ie_data.xls,0df9392b7dacf91f756e92c8db508ad903c4588b43f3253680eec3dd8b40db68,2026-06-01T09:02:10
1935-09-01,2026-06-01T09:02:10,1935-09-13,14.418891702707441,yale_shiller_ie_data,http://www.econ.yale.edu/~shiller/data/ie_data.xls,0df9392b7dacf91f756e92c8db508ad903c4588b43f3253680eec3dd8b40db68,2026-06-01T09:02:10
1935-10-01,2026-06-01T09:02:10,1935-10-15,14.826232627114097,yale_shiller_ie_data,http://www.econ.yale.edu/~shiller/data/ie_data.xls,0df9392b7dacf91f756e92c8db508ad903c4588b43f3253680eec3dd8b40db68,2026-06-01T09:02:10
1935-11-01,2026-06-01T09:02:10,1935-11-15,16.12960516325115,yale_shiller_ie_data,http://www.econ.yale.edu/~shiller/data/ie_data.xls,0df9392b7dacf91f756e92c8db508ad903c4588b43f3253680eec3dd8b40db68,2026-06-01T09:02:10
1935-12-01,2026-06-01T09:02:10,1935-12-13,16.159192714615337,yale_shiller_ie_data,http://www.econ.yale.edu/~shiller/data/ie_data.xls,0df9392b7dacf91f756e92c8db508ad903c4588b43f3253680eec3dd8b40db68,2026-06-01T09:02:10
1936-01-01,2026-06-01T09:02:10,1936-01-15,17.087359845997245,yale_shiller_ie_data,http://www.econ.yale.edu/~shiller/data/ie_data.xls,0df9392b7dacf91f756e92c8db508ad903c4588b43f3253680eec3dd8b40db68,2026-06-01T09:02:10
1936-02-01,2026-06-01T09:02:10,1936-02-14,18.104536459517796,yale_shiller_ie_data,http://www.econ.yale.edu/~shiller/data/ie_data.xls,0df9392b7dacf91f756e92c8db508ad903c4588b43f3253680eec3dd8b40db68,2026-06-01T09:02:10
1936-03-01,2026-06-01T09:02:10,1936-03-13,18.66047820392603,yale_shiller_ie_data,http://www.econ.yale.edu/~shiller/data/ie_data.xls,0df9392b7dacf91f756e92c8db508ad903c4588b43f3253680eec3dd8b40db68,2026-06-01T09:02:10
1936-04-01,2026-06-01T09:02:10,1936-04-15,18.7189996651515,yale_shiller_ie_data,http://www.econ.yale.edu/~shiller/data/ie_data.xls,0df9392b7dacf91f756e92c8db508ad903c4588b43f3253680eec3dd8b40db68,2026-06-01T09:02:10
1936-05-01,2026-06-01T09:02:10,1936-05-15,17.750192519328646,yale_shiller_ie_data,http://www.econ.yale.edu/~shiller/data/ie_data.xls,0df9392b7dacf91f756e92c8db508ad903c4588b43f3253680eec3dd8b40db68,2026-06-01T09:02:10
1936-06-01,2026-06-01T09:02:10,1936-06-15,18.39300106583135,yale_shiller_ie_data,http://www.econ.yale.edu/~shiller/data/ie_data.xls,0df9392b7dacf91f756e92c8db508ad903c4588b43f3253680eec3dd8b40db68,2026-06-01T09:02:10
1936-07-01,2026-06-01T09:02:10,1936-07-15,19.360464512319144,yale_shiller_ie_data,http://www.econ.yale.edu/~shiller/data/ie_data.xls,0df9392b7dacf91f756e92c8db508ad903c4588b43f3253680eec3dd8b40db68,2026-06-01T09:02:10
1936-08-01,2026-06-01T09:02:10,1936-08-14,19.623060162983762,yale_shiller_ie_data,http://www.econ.yale.edu/~shiller/data/ie_data.xls,0df9392b7dacf91f756e92c8db508ad903c4588b43f3253680eec3dd8b40db68,2026-06-01T09:02:10
1936-09-01,2026-06-01T09:02:10,1936-09-15,19.86202424328763,yale_shiller_ie_data,http://www.econ.yale.edu/~shiller/data/ie_data.xls,0df9392b7dacf91f756e92c8db508ad903c4588b43f3253680eec3dd8b40db68,2026-06-01T09:02:10
1936-10-01,2026-06-01T09:02:10,1936-10-15,20.913091852533125,yale_shiller_ie_data,http://www.econ.yale.edu/~shiller/data/ie_data.xls,0df9392b7dacf91f756e92c8db508ad903c4588b43f3253680eec3dd8b40db68,2026-06-01T09:02:10
1936-11-01,2026-06-01T09:02:10,1936-11-13,21.49976534102416,yale_shiller_ie_data,http://www.econ.yale.edu/~shiller/data/ie_data.xls,0df9392b7dacf91f756e92c8db508ad903c4588b43f3253680eec3dd8b40db68,2026-06-01T09:02:10
1936-12-01,2026-06-01T09:02:10,1936-12-15,21.125663548155444,yale_shiller_ie_data,http://www.econ.yale.edu/~shiller/data/ie_data.xls,0df9392b7dacf91f756e92c8db508ad903c4588b43f3253680eec3dd8b40db68,2026-06-01T09:02:10
1937-01-01,2026-06-01T09:02:10,1937-01-15,21.61874158295351,yale_shiller_ie_data,http://www.econ.yale.edu/~shiller/data/ie_data.xls,0df9392b7dacf91f756e92c8db508ad903c4588b43f3253680eec3dd8b40db68,2026-06-01T09:02:10
1937-02-01,2026-06-01T09:02:10,1937-02-15,22.244221552805165,yale_shiller_ie_data,http://www.econ.yale.edu/~shiller/data/ie_data.xls,0df9392b7dacf91f756e92c8db508ad903c4588b43f3253680eec3dd8b40db68,2026-06-01T09:02:10
1937-03-01,2026-06-01T09:02:10,1937-03-15,22.042197016050576,yale_shiller_ie_data,http://www.econ.yale.edu/~shiller/data/ie_data.xls,0df9392b7dacf91f756e92c8db508ad903c4588b43f3253680eec3dd8b40db68,2026-06-01T09:02:10
1937-04-01,2026-06-01T09:02:10,1937-04-15,20.556579457432864,yale_shiller_ie_data,http://www.econ.yale.edu/~shiller/data/ie_data.xls,0df9392b7dacf91f756e92c8db508ad903c4588b43f3253680eec3dd8b40db68,2026-06-01T09:02:10
1937-05-01,2026-06-01T09:02:10,1937-05-14,19.47417468657211,yale_shiller_ie_data,http://www.econ.yale.edu/~shiller/data/ie_data.xls,0df9392b7dacf91f756e92c8db508ad903c4588b43f3253680eec3dd8b40db68,2026-06-01T09:02:10
1937-06-01,2026-06-01T09:02:10,1937-06-15,18.711659960364965,yale_shiller_ie_data,http://www.econ.yale.edu/~shiller/data/ie_data.xls,0df9392b7dacf91f756e92c8db508ad903c4588b43f3253680eec3dd8b40db68,2026-06-01T09:02:10
1937-07-01,2026-06-01T09:02:10,1937-07-15,19.646723279607627,yale_shiller_ie_data,http://www.econ.yale.edu/~shiller/data/ie_data.xls,0df9392b7dacf91f756e92c8db508ad903c4588b43f3253680eec3dd8b40db68,2026-06-01T09:02:10
1937-08-01,2026-06-01T09:02:10,1937-08-13,19.806982577380964,yale_shiller_ie_data,http://www.econ.yale.edu/~shiller/data/ie_data.xls,0df9392b7dacf91f756e92c8db508ad903c4588b43f3253680eec3dd8b40db68,2026-06-01T09:02:10
1937-09-01,2026-06-01T09:02:10,1937-09-15,16.847882862705806,yale_shiller_ie_data,http://www.econ.yale.edu/~shiller/data/ie_data.xls,0df9392b7dacf91f756e92c8db508ad903c4588b43f3253680eec3dd8b40db68,2026-06-01T09:02:10
1937-10-01,2026-06-01T09:02:10,1937-10-15,14.361659574753352,yale_shiller_ie_data,http://www.econ.yale.edu/~shiller/data/ie_data.xls,0df9392b7dacf91f756e92c8db508ad903c4588b43f3253680eec3dd8b40db68,2026-06-01T09:02:10
1937-11-01,2026-06-01T09:02:10,1937-11-15,13.158119166486063,yale_shiller_ie_data,http://www.econ.yale.edu/~shiller/data/ie_data.xls,0df9392b7dacf91f756e92c8db508ad903c4588b43f3253680eec3dd8b40db68,2026-06-01T09:02:10
1937-12-01,2026-06-01T09:02:10,1937-12-15,13.008483033706137,yale_shiller_ie_data,http://www.econ.yale.edu/~shiller/data/ie_data.xls,0df9392b7dacf91f756e92c8db508ad903c4588b43f3253680eec3dd8b40db68,2026-06-01T09:02:10
1938-01-01,2026-06-01T09:02:10,1938-01-14,13.511461918562418,yale_shiller_ie_data,http://www.econ.yale.edu/~shiller/data/ie_data.xls,0df9392b7dacf91f756e92c8db508ad903c4588b43f3253680eec3dd8b40db68,2026-06-01T09:02:10
1938-02-01,2026-06-01T09:02:10,1938-02-15,13.26307623646087,yale_shiller_ie_data,http://www.econ.yale.edu/~shiller/data/ie_data.xls,0df9392b7dacf91f756e92c8db508ad903c4588b43f3253680eec3dd8b40db68,2026-06-01T09:02:10
1938-03-01,2026-06-01T09:02:10,1938-03-15,12.37728623469769,yale_shiller_ie_data,http://www.econ.yale.edu/~shiller/data/ie_data.xls,0df9392b7dacf91f756e92c8db508ad903c4588b43f3253680eec3dd8b40db68,2026-06-01T09:02:10
1938-04-01,2026-06-01T09:02:10,1938-04-15,11.789517720684183,yale_shiller_ie_data,http://www.econ.yale.edu/~shiller/data/ie_data.xls,0df9392b7dacf91f756e92c8db508ad903c4588b43f3253680eec3dd8b40db68,2026-06-01T09:02:10
1938-05-01,2026-06-01T09:02:10,1938-05-13,11.992275930545693,yale_shiller_ie_data,http://www.econ.yale.edu/~shiller/data/ie_data.xls,0df9392b7dacf91f756e92c8db508ad903c4588b43f3253680eec3dd8b40db68,2026-06-01T09:02:10
1938-06-01,2026-06-01T09:02:10,1938-06-15,12.288966307788131,yale_shiller_ie_data,http://www.econ.yale.edu/~shiller/data/ie_data.xls,0df9392b7dacf91f756e92c8db508ad903c4588b43f3253680eec3dd8b40db68,2026-06-01T09:02:10
1938-07-01,2026-06-01T09:02:10,1938-07-15,14.77032801749207,yale_shiller_ie_data,http://www.econ.yale.edu/~shiller/data/ie_data.xls,0df9392b7dacf91f756e92c8db508ad903c4588b43f3253680eec3dd8b40db68,2026-06-01T09:02:10
1938-08-01,2026-06-01T09:02:10,1938-08-15,14.903588512604365,yale_shiller_ie_data,http://www.econ.yale.edu/~shiller/data/ie_data.xls,0df9392b7dacf91f756e92c8db508ad903c4588b43f3253680eec3dd8b40db68,2026-06-01T09:02:10
1938-09-01,2026-06-01T09:02:10,1938-09-15,14.282330508639967,yale_shiller_ie_data,http://www.econ.yale.edu/~shiller/data/ie_data.xls,0df9392b7dacf91f756e92c8db508ad903c4588b43f3253680eec3dd8b40db68,2026-06-01T09:02:10
1938-10-01,2026-06-01T09:02:10,1938-10-14,16.06114764333344,yale_shiller_ie_data,http://www.econ.yale.edu/~shiller/data/ie_data.xls,0df9392b7dacf91f756e92c8db508ad903c4588b43f3253680eec3dd8b40db68,2026-06-01T09:02:10
1938-11-01,2026-06-01T09:02:10,1938-11-15,16.149571800715517,yale_shiller_ie_data,http://www.econ.yale.edu/~shiller/data/ie_data.xls,0df9392b7dacf91f756e92c8db508ad903c4588b43f3253680eec3dd8b40db68,2026-06-01T09:02:10
1938-12-01,2026-06-01T09:02:10,1938-12-15,15.756484438994006,yale_shiller_ie_data,http://www.econ.yale.edu/~shiller/data/ie_data.xls,0df9392b7dacf91f756e92c8db508ad903c4588b43f3253680eec3dd8b40db68,2026-06-01T09:02:10
1939-01-01,2026-06-01T09:02:10,1939-01-13,15.599634410919288,yale_shiller_ie_data,http://www.econ.yale.edu/~shiller/data/ie_data.xls,0df9392b7dacf91f756e92c8db508ad903c4588b43f3253680eec3dd8b40db68,2026-06-01T09:02:10
1939-02-01,2026-06-01T09:02:10,1939-02-15,15.664696928954772,yale_shiller_ie_data,http://www.econ.yale.edu/~shiller/data/ie_data.xls,0df9392b7dacf91f756e92c8db508ad903c4588b43f3253680eec3dd8b40db68,2026-06-01T09:02:10
1939-03-01,2026-06-01T09:02:10,1939-03-15,15.729223743214229,yale_shiller_ie_data,http://www.econ.yale.edu/~shiller/data/ie_data.xls,0df9392b7dacf91f756e92c8db508ad903c4588b43f3253680eec3dd8b40db68,2026-06-01T09:02:10
1939-04-01,2026-06-01T09:02:10,1939-04-14,13.916994579812405,yale_shiller_ie_data,http://www.econ.yale.edu/~shiller/data/ie_data.xls,0df9392b7dacf91f756e92c8db508ad903c4588b43f3253680eec3dd8b40db68,2026-06-01T09:02:10
1939-05-01,2026-06-01T09:02:10,1939-05-15,14.502929499657775,yale_shiller_ie_data,http://www.econ.yale.edu/~shiller/data/ie_data.xls,0df9392b7dacf91f756e92c8db508ad903c4588b43f3253680eec3dd8b40db68,2026-06-01T09:02:10
1939-06-01,2026-06-01T09:02:10,1939-06-15,14.833828921489786,yale_shiller_ie_data,http://www.econ.yale.edu/~shiller/data/ie_data.xls,0df9392b7dacf91f756e92c8db508ad903c4588b43f3253680eec3dd8b40db68,2026-06-01T09:02:10
1939-07-01,2026-06-01T09:02:10,1939-07-14,15.270952598570258,yale_shiller_ie_data,http://www.econ.yale.edu/~shiller/data/ie_data.xls,0df9392b7dacf91f756e92c8db508ad903c4588b43f3253680eec3dd8b40db68,2026-06-01T09:02:10
1939-08-01,2026-06-01T09:02:10,1939-08-15,15.120082343333989,yale_shiller_ie_data,http://www.econ.yale.edu/~shiller/data/ie_data.xls,0df9392b7dacf91f756e92c8db508ad903c4588b43f3253680eec3dd8b40db68,2026-06-01T09:02:10
1939-09-01,2026-06-01T09:02:10,1939-09-15,16.452835577060963,yale_shiller_ie_data,http://www.econ.yale.edu/~shiller/data/ie_data.xls,0df9392b7dacf91f756e92c8db508ad903c4588b43f3253680eec3dd8b40db68,2026-06-01T09:02:10
1939-10-01,2026-06-01T09:02:10,1939-10-13,16.82120480626564,yale_shiller_ie_data,http://www.econ.yale.edu/~shiller/data/ie_data.xls,0df9392b7dacf91f756e92c8db508ad903c4588b43f3253680eec3dd8b40db68,2026-06-01T09:02:10
1939-11-01,2026-06-01T09:02:10,1939-11-15,16.59923850994664,yale_shiller_ie_data,http://www.econ.yale.edu/~shiller/data/ie_data.xls,0df9392b7dacf91f756e92c8db508ad903c4588b43f3253680eec3dd8b40db68,2026-06-01T09:02:10
1939-12-01,2026-06-01T09:02:10,1939-12-15,16.280412901283842,yale_shiller_ie_data,http://www.econ.yale.edu/~shiller/data/ie_data.xls,0df9392b7dacf91f756e92c8db508ad903c4588b43f3253680eec3dd8b40db68,2026-06-01T09:02:10
1940-01-01,2026-06-01T09:02:10,1940-01-15,16.37848034261367,yale_shiller_ie_data,http://www.econ.yale.edu/~shiller/data/ie_data.xls,0df9392b7dacf91f756e92c8db508ad903c4588b43f3253680eec3dd8b40db68,2026-06-01T09:02:10
1940-02-01,2026-06-01T09:02:10,1940-02-15,16.216119847731054,yale_shiller_ie_data,http://www.econ.yale.edu/~shiller/data/ie_data.xls,0df9392b7dacf91f756e92c8db508ad903c4588b43f3253680eec3dd8b40db68,2026-06-01T09:02:10
1940-03-01,2026-06-01T09:02:10,1940-03-15,16.172906305307897,yale_shiller_ie_data,http://www.econ.yale.edu/~shiller/data/ie_data.xls,0df9392b7dacf91f756e92c8db508ad903c4588b43f3253680eec3dd8b40db68,2026-06-01T09:02:10
1940-04-01,2026-06-01T09:02:10,1940-04-15,16.370988707128785,yale_shiller_ie_data,http://www.econ.yale.edu/~shiller/data/ie_data.xls,0df9392b7dacf91f756e92c8db508ad903c4588b43f3253680eec3dd8b40db68,2026-06-01T09:02:10
1940-05-01,2026-06-01T09:02:10,1940-05-15,14.138747694800731,yale_shiller_ie_data,http://www.econ.yale.edu/~shiller/data/ie_data.xls,0df9392b7dacf91f756e92c8db508ad903c4588b43f3253680eec3dd8b40db68,2026-06-01T09:02:10
1940-06-01,2026-06-01T09:02:10,1940-06-14,12.843765598268808,yale_shiller_ie_data,http://www.econ.yale.edu/~shiller/data/ie_data.xls,0df9392b7dacf91f756e92c8db508ad903c4588b43f3253680eec3dd8b40db68,2026-06-01T09:02:10
1940-07-01,2026-06-01T09:02:10,1940-07-15,13.36988476321006,yale_shiller_ie_data,http://www.econ.yale.edu/~shiller/data/ie_data.xls,0df9392b7dacf91f756e92c8db508ad903c4588b43f3253680eec3dd8b40db68,2026-06-01T09:02:10
1940-08-01,2026-06-01T09:02:10,1940-08-15,13.649399392391642,yale_shiller_ie_data,http://www.econ.yale.edu/~shiller/data/ie_data.xls,0df9392b7dacf91f756e92c8db508ad903c4588b43f3253680eec3dd8b40db68,2026-06-01T09:02:10
1940-09-01,2026-06-01T09:02:10,1940-09-13,14.214842598620642,yale_shiller_ie_data,http://www.econ.yale.edu/~shiller/data/ie_data.xls,0df9392b7dacf91f756e92c8db508ad903c4588b43f3253680eec3dd8b40db68,2026-06-01T09:02:10
1940-10-01,2026-06-01T09:02:10,1940-10-15,14.328290323104959,yale_shiller_ie_data,http://www.econ.yale.edu/~shiller/data/ie_data.xls,0df9392b7dacf91f756e92c8db508ad903c4588b43f3253680eec3dd8b40db68,2026-06-01T09:02:10
1940-11-01,2026-06-01T09:02:10,1940-11-15,14.636689248763613,yale_shiller_ie_data,http://www.econ.yale.edu/~shiller/data/ie_data.xls,0df9392b7dacf91f756e92c8db508ad903c4588b43f3253680eec3dd8b40db68,2026-06-01T09:02:10
1940-12-01,2026-06-01T09:02:10,1940-12-13,13.908426122353838,yale_shiller_ie_data,http://www.econ.yale.edu/~shiller/data/ie_data.xls,0df9392b7dacf91f756e92c8db508ad903c4588b43f3253680eec3dd8b40db68,2026-06-01T09:02:10
1941-01-01,2026-06-01T09:02:10,1941-01-15,13.904158267950832,yale_shiller_ie_data,http://www.econ.yale.edu/~shiller/data/ie_data.xls,0df9392b7dacf91f756e92c8db508ad903c4588b43f3253680eec3dd8b40db68,2026-06-01T09:02:10
1941-02-01,2026-06-01T09:02:10,1941-02-14,13.002943303402448,yale_shiller_ie_data,http://www.econ.yale.edu/~shiller/data/ie_data.xls,0df9392b7dacf91f756e92c8db508ad903c4588b43f3253680eec3dd8b40db68,2026-06-01T09:02:10
1941-03-01,2026-06-01T09:02:10,1941-03-14,12.955719822063331,yale_shiller_ie_data,http://www.econ.yale.edu/~shiller/data/ie_data.xls,0df9392b7dacf91f756e92c8db508ad903c4588b43f3253680eec3dd8b40db68,2026-06-01T09:02:10
1941-04-01,2026-06-01T09:02:10,1941-04-15,12.429370389220786,yale_shiller_ie_data,http://www.econ.yale.edu/~shiller/data/ie_data.xls,0df9392b7dacf91f756e92c8db508ad903c4588b43f3253680eec3dd8b40db68,2026-06-01T09:02:10
1941-05-01,2026-06-01T09:02:10,1941-05-15,12.037206512481578,yale_shiller_ie_data,http://www.econ.yale.edu/~shiller/data/ie_data.xls,0df9392b7dacf91f756e92c8db508ad903c4588b43f3253680eec3dd8b40db68,2026-06-01T09:02:10
1941-06-01,2026-06-01T09:02:10,1941-06-13,12.164306590628442,yale_shiller_ie_data,http://www.econ.yale.edu/~shiller/data/ie_data.xls,0df9392b7dacf91f756e92c8db508ad903c4588b43f3253680eec3dd8b40db68,2026-06-01T09:02:10
1941-07-01,2026-06-01T09:02:10,1941-07-15,12.744996277919583,yale_shiller_ie_data,http://www.econ.yale.edu/~shiller/data/ie_data.xls,0df9392b7dacf91f756e92c8db508ad903c4588b43f3253680eec3dd8b40db68,2026-06-01T09:02:10
1941-08-01,2026-06-01T09:02:10,1941-08-15,12.46317372038781,yale_shiller_ie_data,http://www.econ.yale.edu/~shiller/data/ie_data.xls,0df9392b7dacf91f756e92c8db508ad903c4588b43f3253680eec3dd8b40db68,2026-06-01T09:02:10
1941-09-01,2026-06-01T09:02:10,1941-09-15,12.27972927209308,yale_shiller_ie_data,http://www.econ.yale.edu/~shiller/data/ie_data.xls,0df9392b7dacf91f756e92c8db508ad903c4588b43f3253680eec3dd8b40db68,2026-06-01T09:02:10
1941-10-01,2026-06-01T09:02:10,1941-10-15,11.57781495657408,yale_shiller_ie_data,http://www.econ.yale.edu/~shiller/data/ie_data.xls,0df9392b7dacf91f756e92c8db508ad903c4588b43f3253680eec3dd8b40db68,2026-06-01T09:02:10
1941-11-01,2026-06-01T09:02:10,1941-11-14,10.911668685916966,yale_shiller_ie_data,http://www.econ.yale.edu/~shiller/data/ie_data.xls,0df9392b7dacf91f756e92c8db508ad903c4588b43f3253680eec3dd8b40db68,2026-06-01T09:02:10
1941-12-01,2026-06-01T09:02:10,1941-12-15,10.086593309917905,yale_shiller_ie_data,http://www.econ.yale.edu/~shiller/data/ie_data.xls,0df9392b7dacf91f756e92c8db508ad903c4588b43f3253680eec3dd8b40db68,2026-06-01T09:02:10
1942-01-01,2026-06-01T09:02:10,1942-01-15,10.101686431929252,yale_shiller_ie_data,http://www.econ.yale.edu/~shiller/data/ie_data.xls,0df9392b7dacf91f756e92c8db508ad903c4588b43f3253680eec3dd8b40db68,2026-06-01T09:02:10
1942-02-01,2026-06-01T09:02:10,1942-02-13,9.680255591749361,yale_shiller_ie_data,http://www.econ.yale.edu/~shiller/data/ie_data.xls,0df9392b7dacf91f756e92c8db508ad903c4588b43f3253680eec3dd8b40db68,2026-06-01T09:02:10
1942-03-01,2026-06-01T09:02:10,1942-03-13,9.003426617760969,yale_shiller_ie_data,http://www.econ.yale.edu/~shiller/data/ie_data.xls,0df9392b7dacf91f756e92c8db508ad903c4588b43f3253680eec3dd8b40db68,2026-06-01T09:02:10
1942-04-01,2026-06-01T09:02:10,1942-04-15,8.544255707588261,yale_shiller_ie_data,http://www.econ.yale.edu/~shiller/data/ie_data.xls,0df9392b7dacf91f756e92c8db508ad903c4588b43f3253680eec3dd8b40db68,2026-06-01T09:02:10
1942-05-01,2026-06-01T09:02:10,1942-05-15,8.50611625969605,yale_shiller_ie_data,http://www.econ.yale.edu/~shiller/data/ie_data.xls,0df9392b7dacf91f756e92c8db508ad903c4588b43f3253680eec3dd8b40db68,2026-06-01T09:02:10
1942-06-01,2026-06-01T09:02:10,1942-06-15,8.90545692851805,yale_shiller_ie_data,http://www.econ.yale.edu/~shiller/data/ie_data.xls,0df9392b7dacf91f756e92c8db508ad903c4588b43f3253680eec3dd8b40db68,2026-06-01T09:02:10
1942-07-01,2026-06-01T09:02:10,1942-07-15,9.150488900994741,yale_shiller_ie_data,http://www.econ.yale.edu/~shiller/data/ie_data.xls,0df9392b7dacf91f756e92c8db508ad903c4588b43f3253680eec3dd8b40db68,2026-06-01T09:02:10
1942-08-01,2026-06-01T09:02:10,1942-08-14,9.012823047564297,yale_shiller_ie_data,http://www.econ.yale.edu/~shiller/data/ie_data.xls,0df9392b7dacf91f756e92c8db508ad903c4588b43f3253680eec3dd8b40db68,2026-06-01T09:02:10
1942-09-01,2026-06-01T09:02:10,1942-09-15,9.077829839371503,yale_shiller_ie_data,http://www.econ.yale.edu/~shiller/data/ie_data.xls,0df9392b7dacf91f756e92c8db508ad903c4588b43f3253680eec3dd8b40db68,2026-06-01T09:02:10
1942-10-01,2026-06-01T09:02:10,1942-10-15,9.599176749352992,yale_shiller_ie_data,http://www.econ.yale.edu/~shiller/data/ie_data.xls,0df9392b7dacf91f756e92c8db508ad903c4588b43f3253680eec3dd8b40db68,2026-06-01T09:02:10
1942-11-01,2026-06-01T09:02:10,1942-11-13,9.661334152171664,yale_shiller_ie_data,http://www.econ.yale.edu/~shiller/data/ie_data.xls,0df9392b7dacf91f756e92c8db508ad903c4588b43f3253680eec3dd8b40db68,2026-06-01T09:02:10
1942-12-01,2026-06-01T09:02:10,1942-12-15,9.61751410328318,yale_shiller_ie_data,http://www.econ.yale.edu/~shiller/data/ie_data.xls,0df9392b7dacf91f756e92c8db508ad903c4588b43f3253680eec3dd8b40db68,2026-06-01T09:02:10
1943-01-01,2026-06-01T09:02:10,1943-01-15,10.150534220432082,yale_shiller_ie_data,http://www.econ.yale.edu/~shiller/data/ie_data.xls,0df9392b7dacf91f756e92c8db508ad903c4588b43f3253680eec3dd8b40db68,2026-06-01T09:02:10
1943-02-01,2026-06-01T09:02:10,1943-02-15,10.708982995221266,yale_shiller_ie_data,http://www.econ.yale.edu/~shiller/data/ie_data.xls,0df9392b7dacf91f756e92c8db508ad903c4588b43f3253680eec3dd8b40db68,2026-06-01T09:02:10
1943-03-01,2026-06-01T09:02:10,1943-03-15,10.850541744036802,yale_shiller_ie_data,http://www.econ.yale.edu/~shiller/data/ie_data.xls,0df9392b7dacf91f756e92c8db508ad903c4588b43f3253680eec3dd8b40db68,2026-06-01T09:02:10
1943-04-01,2026-06-01T09:02:10,1943-04-15,11.039227142939692,yale_shiller_ie_data,http://www.econ.yale.edu/~shiller/data/ie_data.xls,0df9392b7dacf91f756e92c8db508ad903c4588b43f3253680eec3dd8b40db68,2026-06-01T09:02:10
1943-05-01,2026-06-01T09:02:10,1943-05-14,11.362215800613695,yale_shiller_ie_data,http://www.econ.yale.edu/~shiller/data/ie_data.xls,0df9392b7dacf91f756e92c8db508ad903c4588b43f3253680eec3dd8b40db68,2026-06-01T09:02:10
1943-06-01,2026-06-01T09:02:10,1943-06-15,11.51674478645123,yale_shiller_ie_data,http://www.econ.yale.edu/~shiller/data/ie_data.xls,0df9392b7dacf91f756e92c8db508ad903c4588b43f3253680eec3dd8b40db68,2026-06-01T09:02:10
1943-07-01,2026-06-01T09:02:10,1943-07-15,11.774213341781651,yale_shiller_ie_data,http://www.econ.yale.edu/~shiller/data/ie_data.xls,0df9392b7dacf91f756e92c8db508ad903c4588b43f3253680eec3dd8b40db68,2026-06-01T09:02:10
1943-08-01,2026-06-01T09:02:10,1943-08-13,11.210545904158963,yale_shiller_ie_data,http://www.econ.yale.edu/~shiller/data/ie_data.xls,0df9392b7dacf91f756e92c8db508ad903c4588b43f3253680eec3dd8b40db68,2026-06-01T09:02:10
1943-09-01,2026-06-01T09:02:10,1943-09-15,11.336281939610283,yale_shiller_ie_data,http://www.econ.yale.edu/~shiller/data/ie_data.xls,0df9392b7dacf91f756e92c8db508ad903c4588b43f3253680eec3dd8b40db68,2026-06-01T09:02:10
1943-10-01,2026-06-01T09:02:10,1943-10-15,11.187335503326027,yale_shiller_ie_data,http://www.econ.yale.edu/~shiller/data/ie_data.xls,0df9392b7dacf91f756e92c8db508ad903c4588b43f3253680eec3dd8b40db68,2026-06-01T09:02:10
1943-11-01,2026-06-01T09:02:10,1943-11-15,10.631033673001417,yale_shiller_ie_data,http://www.econ.yale.edu/~shiller/data/ie_data.xls,0df9392b7dacf91f756e92c8db508ad903c4588b43f3253680eec3dd8b40db68,2026-06-01T09:02:10
1943-12-01,2026-06-01T09:02:10,1943-12-15,10.73736031604107,yale_shiller_ie_data,http://www.econ.yale.edu/~shiller/data/ie_data.xls,0df9392b7dacf91f756e92c8db508ad903c4588b43f3253680eec3dd8b40db68,2026-06-01T09:02:10
1944-01-01,2026-06-01T09:02:10,1944-01-14,11.05241276397747,yale_shiller_ie_data,http://www.econ.yale.edu/~shiller/data/ie_data.xls,0df9392b7dacf91f756e92c8db508ad903c4588b43f3253680eec3dd8b40db68,2026-06-01T09:02:10
1944-02-01,2026-06-01T09:02:10,1944-02-15,10.94791888772472,yale_shiller_ie_data,http://www.econ.yale.edu/~shiller/data/ie_data.xls,0df9392b7dacf91f756e92c8db508ad903c4588b43f3253680eec3dd8b40db68,2026-06-01T09:02:10
1944-03-01,2026-06-01T09:02:10,1944-03-15,11.224693196180679,yale_shiller_ie_data,http://www.econ.yale.edu/~shiller/data/ie_data.xls,0df9392b7dacf91f756e92c8db508ad903c4588b43f3253680eec3dd8b40db68,2026-06-01T09:02:10
1944-04-01,2026-06-01T09:02:10,1944-04-14,10.938275188239396,yale_shiller_ie_data,http://www.econ.yale.edu/~shiller/data/ie_data.xls,0df9392b7dacf91f756e92c8db508ad903c4588b43f3253680eec3dd8b40db68,2026-06-01T09:02:10
1944-05-01,2026-06-01T09:02:10,1944-05-15,11.103736936792616,yale_shiller_ie_data,http://www.econ.yale.edu/~shiller/data/ie_data.xls,0df9392b7dacf91f756e92c8db508ad903c4588b43f3253680eec3dd8b40db68,2026-06-01T09:02:10
1944-06-01,2026-06-01T09:02:10,1944-06-15,11.5327852725325,yale_shiller_ie_data,http://www.econ.yale.edu/~shiller/data/ie_data.xls,0df9392b7dacf91f756e92c8db508ad903c4588b43f3253680eec3dd8b40db68,2026-06-01T09:02:10
1944-07-01,2026-06-01T09:02:10,1944-07-14,11.73877475018071,yale_shiller_ie_data,http://www.econ.yale.edu/~shiller/data/ie_data.xls,0df9392b7dacf91f756e92c8db508ad903c4588b43f3253680eec3dd8b40db68,2026-06-01T09:02:10
1944-08-01,2026-06-01T09:02:10,1944-08-15,11.541711674209218,yale_shiller_ie_data,http://www.econ.yale.edu/~shiller/data/ie_data.xls,0df9392b7dacf91f756e92c8db508ad903c4588b43f3253680eec3dd8b40db68,2026-06-01T09:02:10
1944-09-01,2026-06-01T09:02:10,1944-09-15,11.32856058469647,yale_shiller_ie_data,http://www.econ.yale.edu/~shiller/data/ie_data.xls,0df9392b7dacf91f756e92c8db508ad903c4588b43f3253680eec3dd8b40db68,2026-06-01T09:02:10
1944-10-01,2026-06-01T09:02:10,1944-10-13,11.583105186279123,yale_shiller_ie_data,http://www.econ.yale.edu/~shiller/data/ie_data.xls,0df9392b7dacf91f756e92c8db508ad903c4588b43f3253680eec3dd8b40db68,2026-06-01T09:02:10
1944-11-01,2026-06-01T09:02:10,1944-11-15,11.47845919805548,yale_shiller_ie_data,http://www.econ.yale.edu/~shiller/data/ie_data.xls,0df9392b7dacf91f756e92c8db508ad903c4588b43f3253680eec3dd8b40db68,2026-06-01T09:02:10
1944-12-01,2026-06-01T09:02:10,1944-12-15,11.63868359335513,yale_shiller_ie_data,http://www.econ.yale.edu/~shiller/data/ie_data.xls,0df9392b7dacf91f756e92c8db508ad903c4588b43f3253680eec3dd8b40db68,2026-06-01T09:02:10
1945-01-01,2026-06-01T09:02:10,1945-01-15,11.960463439806993,yale_shiller_ie_data,http://www.econ.yale.edu/~shiller/data/ie_data.xls,0df9392b7dacf91f756e92c8db508ad903c4588b43f3253680eec3dd8b40db68,2026-06-01T09:02:10
1945-02-01,2026-06-01T09:02:10,1945-02-15,12.341753548186317,yale_shiller_ie_data,http://www.econ.yale.edu/~shiller/data/ie_data.xls,0df9392b7dacf91f756e92c8db508ad903c4588b43f3253680eec3dd8b40db68,2026-06-01T09:02:10
1945-03-01,2026-06-01T09:02:10,1945-03-15,12.32331031138933,yale_shiller_ie_data,http://www.econ.yale.edu/~shiller/data/ie_data.xls,0df9392b7dacf91f756e92c8db508ad903c4588b43f3253680eec3dd8b40db68,2026-06-01T09:02:10
1945-04-01,2026-06-01T09:02:10,1945-04-13,12.631867236563076,yale_shiller_ie_data,http://www.econ.yale.edu/~shiller/data/ie_data.xls,0df9392b7dacf91f756e92c8db508ad903c4588b43f3253680eec3dd8b40db68,2026-06-01T09:02:10
1945-05-01,2026-06-01T09:02:10,1945-05-15,13.036560628785356,yale_shiller_ie_data,http://www.econ.yale.edu/~shiller/data/ie_data.xls,0df9392b7dacf91f756e92c8db508ad903c4588b43f3253680eec3dd8b40db68,2026-06-01T09:02:10
1945-06-01,2026-06-01T09:02:10,1945-06-15,13.130223361406054,yale_shiller_ie_data,http://www.econ.yale.edu/~shiller/data/ie_data.xls,0df9392b7dacf91f756e92c8db508ad903c4588b43f3253680eec3dd8b40db68,2026-06-01T09:02:10
1945-07-01,2026-06-01T09:02:10,1945-07-13,12.86702844300916,yale_shiller_ie_data,http://www.econ.yale.edu/~shiller/data/ie_data.xls,0df9392b7dacf91f756e92c8db508ad903c4588b43f3253680eec3dd8b40db68,2026-06-01T09:02:10
1945-08-01,2026-06-01T09:02:10,1945-08-15,12.915378562256745,yale_shiller_ie_data,http://www.econ.yale.edu/~shiller/data/ie_data.xls,0df9392b7dacf91f756e92c8db508ad903c4588b43f3253680eec3dd8b40db68,2026-06-01T09:02:10
1945-09-01,2026-06-01T09:02:10,1945-09-14,13.79826495171978,yale_shiller_ie_data,http://www.econ.yale.edu/~shiller/data/ie_data.xls,0df9392b7dacf91f756e92c8db508ad903c4588b43f3253680eec3dd8b40db68,2026-06-01T09:02:10
1945-10-01,2026-06-01T09:02:10,1945-10-15,14.374662675391342,yale_shiller_ie_data,http://www.econ.yale.edu/~shiller/data/ie_data.xls,0df9392b7dacf91f756e92c8db508ad903c4588b43f3253680eec3dd8b40db68,2026-06-01T09:02:10
1945-11-01,2026-06-01T09:02:10,1945-11-15,14.847702661876786,yale_shiller_ie_data,http://www.econ.yale.edu/~shiller/data/ie_data.xls,0df9392b7dacf91f756e92c8db508ad903c4588b43f3253680eec3dd8b40db68,2026-06-01T09:02:10
1945-12-01,2026-06-01T09:02:10,1945-12-14,15.02034747473997,yale_shiller_ie_data,http://www.econ.yale.edu/~shiller/data/ie_data.xls,0df9392b7dacf91f756e92c8db508ad903c4588b43f3253680eec3dd8b40db68,2026-06-01T09:02:10
1946-01-01,2026-06-01T09:02:10,1946-01-15,15.623163177761676,yale_shiller_ie_data,http://www.econ.yale.edu/~shiller/data/ie_data.xls,0df9392b7dacf91f756e92c8db508ad903c4588b43f3253680eec3dd8b40db68,2026-06-01T09:02:10
1946-02-01,2026-06-01T09:02:10,1946-02-15,15.761666525801909,yale_shiller_ie_data,http://www.econ.yale.edu/~shiller/data/ie_data.xls,0df9392b7dacf91f756e92c8db508ad903c4588b43f3253680eec3dd8b40db68,2026-06-01T09:02:10
1946-03-01,2026-06-01T09:02:10,1946-03-15,15.134873415142536,yale_shiller_ie_data,http://www.econ.yale.edu/~shiller/data/ie_data.xls,0df9392b7dacf91f756e92c8db508ad903c4588b43f3253680eec3dd8b40db68,2026-06-01T09:02:10
1946-04-01,2026-06-01T09:02:10,1946-04-15,16.040842386215918,yale_shiller_ie_data,http://www.econ.yale.edu/~shiller/data/ie_data.xls,0df9392b7dacf91f756e92c8db508ad903c4588b43f3253680eec3dd8b40db68,2026-06-01T09:02:10
1946-05-01,2026-06-01T09:02:10,1946-05-15,16.01372317083218,yale_shiller_ie_data,http://www.econ.yale.edu/~shiller/data/ie_data.xls,0df9392b7dacf91f756e92c8db508ad903c4588b43f3253680eec3dd8b40db68,2026-06-01T09:02:10
1946-06-01,2026-06-01T09:02:10,1946-06-14,15.773186880128746,yale_shiller_ie_data,http://www.econ.yale.edu/~shiller/data/ie_data.xls,0df9392b7dacf91f756e92c8db508ad903c4588b43f3253680eec3dd8b40db68,2026-06-01T09:02:10
1946-07-01,2026-06-01T09:02:10,1946-07-15,14.508136111909067,yale_shiller_ie_data,http://www.econ.yale.edu/~shiller/data/ie_data.xls,0df9392b7dacf91f756e92c8db508ad903c4588b43f3253680eec3dd8b40db68,2026-06-01T09:02:10
1946-08-01,2026-06-01T09:02:10,1946-08-15,13.98493930994276,yale_shiller_ie_data,http://www.econ.yale.edu/~shiller/data/ie_data.xls,0df9392b7dacf91f756e92c8db508ad903c4588b43f3253680eec3dd8b40db68,2026-06-01T09:02:10
1946-09-01,2026-06-01T09:02:10,1946-09-13,11.841267540149635,yale_shiller_ie_data,http://www.econ.yale.edu/~shiller/data/ie_data.xls,0df9392b7dacf91f756e92c8db508ad903c4588b43f3253680eec3dd8b40db68,2026-06-01T09:02:10
1946-10-01,2026-06-01T09:02:10,1946-10-15,11.387602961765051,yale_shiller_ie_data,http://www.econ.yale.edu/~shiller/data/ie_data.xls,0df9392b7dacf91f756e92c8db508ad903c4588b43f3253680eec3dd8b40db68,2026-06-01T09:02:10
1946-11-01,2026-06-01T09:02:10,1946-11-15,11.110043656743295,yale_shiller_ie_data,http://www.econ.yale.edu/~shiller/data/ie_data.xls,0df9392b7dacf91f756e92c8db508ad903c4588b43f3253680eec3dd8b40db68,2026-06-01T09:02:10
1946-12-01,2026-06-01T09:02:10,1946-12-13,11.372779425862708,yale_shiller_ie_data,http://www.econ.yale.edu/~shiller/data/ie_data.xls,0df9392b7dacf91f756e92c8db508ad903c4588b43f3253680eec3dd8b40db68,2026-06-01T09:02:10
1947-01-01,2026-06-01T09:02:10,1947-01-15,11.469296334735576,yale_shiller_ie_data,http://www.econ.yale.edu/~shiller/data/ie_data.xls,0df9392b7dacf91f756e92c8db508ad903c4588b43f3253680eec3dd8b40db68,2026-06-01T09:02:10
1947-02-01,2026-06-01T09:02:10,1947-02-14,11.949565314209437,yale_shiller_ie_data,http://www.econ.yale.edu/~shiller/data/ie_data.xls,0df9392b7dacf91f756e92c8db508ad903c4588b43f3253680eec3dd8b40db68,2026-06-01T09:02:10
1947-03-01,2026-06-01T09:02:10,1947-03-14,11.287903096501285,yale_shiller_ie_data,http://www.econ.yale.edu/~shiller/data/ie_data.xls,0df9392b7dacf91f756e92c8db508ad903c4588b43f3253680eec3dd8b40db68,2026-06-01T09:02:10
1947-04-01,2026-06-01T09:02:10,1947-04-15,10.900825126392677,yale_shiller_ie_data,http://www.econ.yale.edu/~shiller/data/ie_data.xls,0df9392b7dacf91f756e92c8db508ad903c4588b43f3253680eec3dd8b40db68,2026-06-01T09:02:10
1947-05-01,2026-06-01T09:02:10,1947-05-15,10.733674273688536,yale_shiller_ie_data,http://www.econ.yale.edu/~shiller/data/ie_data.xls,0df9392b7dacf91f756e92c8db508ad903c4588b43f3253680eec3dd8b40db68,2026-06-01T09:02:10
1947-06-01,2026-06-01T09:02:10,1947-06-13,11.082715855052095,yale_shiller_ie_data,http://www.econ.yale.edu/~shiller/data/ie_data.xls,0df9392b7dacf91f756e92c8db508ad903c4588b43f3253680eec3dd8b40db68,2026-06-01T09:02:10
1947-07-01,2026-06-01T09:02:10,1947-07-15,11.696446553354363,yale_shiller_ie_data,http://www.econ.yale.edu/~shiller/data/ie_data.xls,0df9392b7dacf91f756e92c8db508ad903c4588b43f3253680eec3dd8b40db68,2026-06-01T09:02:10
1947-08-01,2026-06-01T09:02:10,1947-08-15,11.33747235532983,yale_shiller_ie_data,http://www.econ.yale.edu/~shiller/data/ie_data.xls,0df9392b7dacf91f756e92c8db508ad903c4588b43f3253680eec3dd8b40db68,2026-06-01T09:02:10
1947-09-01,2026-06-01T09:02:10,1947-09-15,10.827463017228837,yale_shiller_ie_data,http://www.econ.yale.edu/~shiller/data/ie_data.xls,0df9392b7dacf91f756e92c8db508ad903c4588b43f3253680eec3dd8b40db68,2026-06-01T09:02:10
1947-10-01,2026-06-01T09:02:10,1947-10-15,11.132662042754786,yale_shiller_ie_data,http://www.econ.yale.edu/~shiller/data/ie_data.xls,0df9392b7dacf91f756e92c8db508ad903c4588b43f3253680eec3dd8b40db68,2026-06-01T09:02:10
1947-11-01,2026-06-01T09:02:10,1947-11-14,10.975407324839072,yale_shiller_ie_data,http://www.econ.yale.edu/~shiller/data/ie_data.xls,0df9392b7dacf91f756e92c8db508ad903c4588b43f3253680eec3dd8b40db68,2026-06-01T09:02:10
1947-12-01,2026-06-01T09:02:10,1947-12-15,10.68091253196919,yale_shiller_ie_data,http://www.econ.yale.edu/~shiller/data/ie_data.xls,0df9392b7dacf91f756e92c8db508ad903c4588b43f3253680eec3dd8b40db68,2026-06-01T09:02:10
1948-01-01,2026-06-01T09:02:10,1948-01-15,10.419342657320323,yale_shiller_ie_data,http://www.econ.yale.edu/~shiller/data/ie_data.xls,0df9392b7dacf91f756e92c8db508ad903c4588b43f3253680eec3dd8b40db68,2026-06-01T09:02:10
1948-02-01,2026-06-01T09:02:10,1948-02-13,9.999761169144184,yale_shiller_ie_data,http://www.econ.yale.edu/~shiller/data/ie_data.xls,0df9392b7dacf91f756e92c8db508ad903c4588b43f3253680eec3dd8b40db68,2026-06-01T09:02:10
1948-03-01,2026-06-01T09:02:10,1948-03-15,10.186680609489674,yale_shiller_ie_data,http://www.econ.yale.edu/~shiller/data/ie_data.xls,0df9392b7dacf91f756e92c8db508ad903c4588b43f3253680eec3dd8b40db68,2026-06-01T09:02:10
1948-04-01,2026-06-01T09:02:10,1948-04-15,10.77948448202462,yale_shiller_ie_data,http://www.econ.yale.edu/~shiller/data/ie_data.xls,0df9392b7dacf91f756e92c8db508ad903c4588b43f3253680eec3dd8b40db68,2026-06-01T09:02:10
1948-05-01,2026-06-01T09:02:10,1948-05-14,11.241032697984439,yale_shiller_ie_data,http://www.econ.yale.edu/~shiller/data/ie_data.xls,0df9392b7dacf91f756e92c8db508ad903c4588b43f3253680eec3dd8b40db68,2026-06-01T09:02:10
1948-06-01,2026-06-01T09:02:10,1948-06-15,11.583895756523843,yale_shiller_ie_data,http://www.econ.yale.edu/~shiller/data/ie_data.xls,0df9392b7dacf91f756e92c8db508ad903c4588b43f3253680eec3dd8b40db68,2026-06-01T09:02:10
1948-07-01,2026-06-01T09:02:10,1948-07-15,11.134621739180933,yale_shiller_ie_data,http://www.econ.yale.edu/~shiller/data/ie_data.xls,0df9392b7dacf91f756e92c8db508ad903c4588b43f3253680eec3dd8b40db68,2026-06-01T09:02:10
1948-08-01,2026-06-01T09:02:10,1948-08-13,10.723556662478131,yale_shiller_ie_data,http://www.econ.yale.edu/~shiller/data/ie_data.xls,0df9392b7dacf91f756e92c8db508ad903c4588b43f3253680eec3dd8b40db68,2026-06-01T09:02:10
1948-09-01,2026-06-01T09:02:10,1948-09-15,10.55301368939916,yale_shiller_ie_data,http://www.econ.yale.edu/~shiller/data/ie_data.xls,0df9392b7dacf91f756e92c8db508ad903c4588b43f3253680eec3dd8b40db68,2026-06-01T09:02:10
1948-10-01,2026-06-01T09:02:10,1948-10-15,10.825409809169495,yale_shiller_ie_data,http://www.econ.yale.edu/~shiller/data/ie_data.xls,0df9392b7dacf91f756e92c8db508ad903c4588b43f3253680eec3dd8b40db68,2026-06-01T09:02:10
1948-11-01,2026-06-01T09:02:10,1948-11-15,10.248096205635571,yale_shiller_ie_data,http://www.econ.yale.edu/~shiller/data/ie_data.xls,0df9392b7dacf91f756e92c8db508ad903c4588b43f3253680eec3dd8b40db68,2026-06-01T09:02:10
1948-12-01,2026-06-01T09:02:10,1948-12-15,10.159652938900916,yale_shiller_ie_data,http://www.econ.yale.edu/~shiller/data/ie_data.xls,0df9392b7dacf91f756e92c8db508ad903c4588b43f3253680eec3dd8b40db68,2026-06-01T09:02:10
1949-01-01,2026-06-01T09:02:10,1949-01-14,10.24828575803898,yale_shiller_ie_data,http://www.econ.yale.edu/~shiller/data/ie_data.xls,0df9392b7dacf91f756e92c8db508ad903c4588b43f3253680eec3dd8b40db68,2026-06-01T09:02:10
1949-02-01,2026-06-01T09:02:10,1949-02-15,9.872517140570059,yale_shiller_ie_data,http://www.econ.yale.edu/~shiller/data/ie_data.xls,0df9392b7dacf91f756e92c8db508ad903c4588b43f3253680eec3dd8b40db68,2026-06-01T09:02:10
1949-03-01,2026-06-01T09:02:10,1949-03-15,9.901332491240924,yale_shiller_ie_data,http://www.econ.yale.edu/~shiller/data/ie_data.xls,0df9392b7dacf91f756e92c8db508ad903c4588b43f3253680eec3dd8b40db68,2026-06-01T09:02:10
1949-04-01,2026-06-01T09:02:10,1949-04-15,9.78363986754406,yale_shiller_ie_data,http://www.econ.yale.edu/~shiller/data/ie_data.xls,0df9392b7dacf91f756e92c8db508ad903c4588b43f3253680eec3dd8b40db68,2026-06-01T09:02:10
1949-05-01,2026-06-01T09:02:10,1949-05-13,9.692295086395816,yale_shiller_ie_data,http://www.econ.yale.edu/~shiller/data/ie_data.xls,0df9392b7dacf91f756e92c8db508ad903c4588b43f3253680eec3dd8b40db68,2026-06-01T09:02:10
1949-06-01,2026-06-01T09:02:10,1949-06-15,9.067718943419537,yale_shiller_ie_data,http://www.econ.yale.edu/~shiller/data/ie_data.xls,0df9392b7dacf91f756e92c8db508ad903c4588b43f3253680eec3dd8b40db68,2026-06-01T09:02:10
1949-07-01,2026-06-01T09:02:10,1949-07-15,9.605038093363925,yale_shiller_ie_data,http://www.econ.yale.edu/~shiller/data/ie_data.xls,0df9392b7dacf91f756e92c8db508ad903c4588b43f3253680eec3dd8b40db68,2026-06-01T09:02:10
1949-08-01,2026-06-01T09:02:10,1949-08-15,9.851348638079234,yale_shiller_ie_data,http://www.econ.yale.edu/~shiller/data/ie_data.xls,0df9392b7dacf91f756e92c8db508ad903c4588b43f3253680eec3dd8b40db68,2026-06-01T09:02:10
1949-09-01,2026-06-01T09:02:10,1949-09-15,9.884048361738287,yale_shiller_ie_data,http://www.econ.yale.edu/~shiller/data/ie_data.xls,0df9392b7dacf91f756e92c8db508ad903c4588b43f3253680eec3dd8b40db68,2026-06-01T09:02:10
1949-10-01,2026-06-01T09:02:10,1949-10-14,10.169850844772146,yale_shiller_ie_data,http://www.econ.yale.edu/~shiller/data/ie_data.xls,0df9392b7dacf91f756e92c8db508ad903c4588b43f3253680eec3dd8b40db68,2026-06-01T09:02:10
1949-11-01,2026-06-01T09:02:10,1949-11-15,10.21586101165065,yale_shiller_ie_data,http://www.econ.yale.edu/~shiller/data/ie_data.xls,0df9392b7dacf91f756e92c8db508ad903c4588b43f3253680eec3dd8b40db68,2026-06-01T09:02:10
1949-12-01,2026-06-01T09:02:10,1949-12-15,10.529330904131147,yale_shiller_ie_data,http://www.econ.yale.edu/~shiller/data/ie_data.xls,0df9392b7dacf91f756e92c8db508ad903c4588b43f3253680eec3dd8b40db68,2026-06-01T09:02:10
1950-01-01,2026-06-01T09:02:10,1950-01-13,10.745733299747911,yale_shiller_ie_data,http://www.econ.yale.edu/~shiller/data/ie_data.xls,0df9392b7dacf91f756e92c8db508ad903c4588b43f3253680eec3dd8b40db68,2026-06-01T09:02:10
1950-02-01,2026-06-01T09:02:10,1950-02-15,10.911564066731684,yale_shiller_ie_data,http://www.econ.yale.edu/~shiller/data/ie_data.xls,0df9392b7dacf91f756e92c8db508ad903c4588b43f3253680eec3dd8b40db68,2026-06-01T09:02:10
1950-03-01,2026-06-01T09:02:10,1950-03-15,10.910946522976257,yale_shiller_ie_data,http://www.econ.yale.edu/~shiller/data/ie_data.xls,0df9392b7dacf91f756e92c8db508ad903c4588b43f3253680eec3dd8b40db68,2026-06-01T09:02:10
1950-04-01,2026-06-01T09:02:10,1950-04-14,11.178021600956098,yale_shiller_ie_data,http://www.econ.yale.edu/~shiller/data/ie_data.xls,0df9392b7dacf91f756e92c8db508ad903c4588b43f3253680eec3dd8b40db68,2026-06-01T09:02:10
1950-05-01,2026-06-01T09:02:10,1950-05-15,11.461543104586232,yale_shiller_ie_data,http://www.econ.yale.edu/~shiller/data/ie_data.xls,0df9392b7dacf91f756e92c8db508ad903c4588b43f3253680eec3dd8b40db68,2026-06-01T09:02:10
1950-06-01,2026-06-01T09:02:10,1950-06-15,11.554126144044288,yale_shiller_ie_data,http://www.econ.yale.edu/~shiller/data/ie_data.xls,0df9392b7dacf91f756e92c8db508ad903c4588b43f3253680eec3dd8b40db68,2026-06-01T09:02:10
1950-07-01,2026-06-01T09:02:10,1950-07-14,10.539745658930993,yale_shiller_ie_data,http://www.econ.yale.edu/~shiller/data/ie_data.xls,0df9392b7dacf91f756e92c8db508ad903c4588b43f3253680eec3dd8b40db68,2026-06-01T09:02:10
1950-08-01,2026-06-01T09:02:10,1950-08-15,11.04061167026154,yale_shiller_ie_data,http://www.econ.yale.edu/~shiller/data/ie_data.xls,0df9392b7dacf91f756e92c8db508ad903c4588b43f3253680eec3dd8b40db68,2026-06-01T09:02:10
1950-09-01,2026-06-01T09:02:10,1950-09-15,11.3373911022773,yale_shiller_ie_data,http://www.econ.yale.edu/~shiller/data/ie_data.xls,0df9392b7dacf91f756e92c8db508ad903c4588b43f3253680eec3dd8b40db68,2026-06-01T09:02:10
1950-10-01,2026-06-01T09:02:10,1950-10-13,11.662444039105264,yale_shiller_ie_data,http://www.econ.yale.edu/~shiller/data/ie_data.xls,0df9392b7dacf91f756e92c8db508ad903c4588b43f3253680eec3dd8b40db68,2026-06-01T09:02:10
1950-11-01,2026-06-01T09:02:10,1950-11-15,11.542173388716298,yale_shiller_ie_data,http://www.econ.yale.edu/~shiller/data/ie_data.xls,0df9392b7dacf91f756e92c8db508ad903c4588b43f3253680eec3dd8b40db68,2026-06-01T09:02:10
1950-12-01,2026-06-01T09:02:10,1950-12-15,11.306665788890761,yale_shiller_ie_data,http://www.econ.yale.edu/~shiller/data/ie_data.xls,0df9392b7dacf91f756e92c8db508ad903c4588b43f3253680eec3dd8b40db68,2026-06-01T09:02:10
1951-01-01,2026-06-01T09:02:10,1951-01-15,11.89575983943707,yale_shiller_ie_data,http://www.econ.yale.edu/~shiller/data/ie_data.xls,0df9392b7dacf91f756e92c8db508ad903c4588b43f3253680eec3dd8b40db68,2026-06-01T09:02:10
1951-02-01,2026-06-01T09:02:10,1951-02-15,12.141507370682692,yale_shiller_ie_data,http://www.econ.yale.edu/~shiller/data/ie_data.xls,0df9392b7dacf91f756e92c8db508ad903c4588b43f3253680eec3dd8b40db68,2026-06-01T09:02:10
1951-03-01,2026-06-01T09:02:10,1951-03-15,11.841626487283097,yale_shiller_ie_data,http://www.econ.yale.edu/~shiller/data/ie_data.xls,0df9392b7dacf91f756e92c8db508ad903c4588b43f3253680eec3dd8b40db68,2026-06-01T09:02:10
1951-04-01,2026-06-01T09:02:10,1951-04-13,11.951097197083959,yale_shiller_ie_data,http://www.econ.yale.edu/~shiller/data/ie_data.xls,0df9392b7dacf91f756e92c8db508ad903c4588b43f3253680eec3dd8b40db68,2026-06-01T09:02:10
1951-05-01,2026-06-01T09:02:10,1951-05-15,11.863875406269177,yale_shiller_ie_data,http://www.econ.yale.edu/~shiller/data/ie_data.xls,0df9392b7dacf91f756e92c8db508ad903c4588b43f3253680eec3dd8b40db68,2026-06-01T09:02:10
1951-06-01,2026-06-01T09:02:10,1951-06-15,11.61566485702518,yale_shiller_ie_data,http://www.econ.yale.edu/~shiller/data/ie_data.xls,0df9392b7dacf91f756e92c8db508ad903c4588b43f3253680eec3dd8b40db68,2026-06-01T09:02:10
1951-07-01,2026-06-01T09:02:10,1951-07-13,11.778190092457809,yale_shiller_ie_data,http://www.econ.yale.edu/~shiller/data/ie_data.xls,0df9392b7dacf91f756e92c8db508ad903c4588b43f3253680eec3dd8b40db68,2026-06-01T09:02:10
1951-08-01,2026-06-01T09:02:10,1951-08-15,12.256989084145143,yale_shiller_ie_data,http://www.econ.yale.edu/~shiller/data/ie_data.xls,0df9392b7dacf91f756e92c8db508ad903c4588b43f3253680eec3dd8b40db68,2026-06-01T09:02:10
1951-09-01,2026-06-01T09:02:10,1951-09-14,12.44495315715004,yale_shiller_ie_data,http://www.econ.yale.edu/~shiller/data/ie_data.xls,0df9392b7dacf91f756e92c8db508ad903c4588b43f3253680eec3dd8b40db68,2026-06-01T09:02:10
1951-10-01,2026-06-01T09:02:10,1951-10-15,12.309457904118688,yale_shiller_ie_data,http://www.econ.yale.edu/~shiller/data/ie_data.xls,0df9392b7dacf91f756e92c8db508ad903c4588b43f3253680eec3dd8b40db68,2026-06-01T09:02:10
1951-11-01,2026-06-01T09:02:10,1951-11-15,11.852030617771039,yale_shiller_ie_data,http://www.econ.yale.edu/~shiller/data/ie_data.xls,0df9392b7dacf91f756e92c8db508ad903c4588b43f3253680eec3dd8b40db68,2026-06-01T09:02:10
1951-12-01,2026-06-01T09:02:10,1951-12-14,12.147072568106777,yale_shiller_ie_data,http://www.econ.yale.edu/~shiller/data/ie_data.xls,0df9392b7dacf91f756e92c8db508ad903c4588b43f3253680eec3dd8b40db68,2026-06-01T09:02:10
1952-01-01,2026-06-01T09:02:10,1952-01-15,12.527059748172297,yale_shiller_ie_data,http://www.econ.yale.edu/~shiller/data/ie_data.xls,0df9392b7dacf91f756e92c8db508ad903c4588b43f3253680eec3dd8b40db68,2026-06-01T09:02:10
1952-02-01,2026-06-01T09:02:10,1952-02-15,12.36411935046109,yale_shiller_ie_data,http://www.econ.yale.edu/~shiller/data/ie_data.xls,0df9392b7dacf91f756e92c8db508ad903c4588b43f3253680eec3dd8b40db68,2026-06-01T09:02:10
1952-03-01,2026-06-01T09:02:10,1952-03-14,12.362339087390364,yale_shiller_ie_data,http://www.econ.yale.edu/~shiller/data/ie_data.xls,0df9392b7dacf91f756e92c8db508ad903c4588b43f3253680eec3dd8b40db68,2026-06-01T09:02:10
1952-04-01,2026-06-01T09:02:10,1952-04-15,12.24272868326688,yale_shiller_ie_data,http://www.econ.yale.edu/~shiller/data/ie_data.xls,0df9392b7dacf91f756e92c8db508ad903c4588b43f3253680eec3dd8b40db68,2026-06-01T09:02:10
1952-05-01,2026-06-01T09:02:10,1952-05-15,12.200478761945837,yale_shiller_ie_data,http://www.econ.yale.edu/~shiller/data/ie_data.xls,0df9392b7dacf91f756e92c8db508ad903c4588b43f3253680eec3dd8b40db68,2026-06-01T09:02:10
1952-06-01,2026-06-01T09:02:10,1952-06-13,12.447881581789366,yale_shiller_ie_data,http://www.econ.yale.edu/~shiller/data/ie_data.xls,0df9392b7dacf91f756e92c8db508ad903c4588b43f3253680eec3dd8b40db68,2026-06-01T09:02:10
1952-07-01,2026-06-01T09:02:10,1952-07-15,12.669112889622479,yale_shiller_ie_data,http://www.econ.yale.edu/~shiller/data/ie_data.xls,0df9392b7dacf91f756e92c8db508ad903c4588b43f3253680eec3dd8b40db68,2026-06-01T09:02:10
1952-08-01,2026-06-01T09:02:10,1952-08-15,12.678378236328621,yale_shiller_ie_data,http://www.econ.yale.edu/~shiller/data/ie_data.xls,0df9392b7dacf91f756e92c8db508ad903c4588b43f3253680eec3dd8b40db68,2026-06-01T09:02:10
1952-09-01,2026-06-01T09:02:10,1952-09-15,12.434678020425505,yale_shiller_ie_data,http://www.econ.yale.edu/~shiller/data/ie_data.xls,0df9392b7dacf91f756e92c8db508ad903c4588b43f3253680eec3dd8b40db68,2026-06-01T09:02:10
1952-10-01,2026-06-01T09:02:10,1952-10-15,12.13118355868687,yale_shiller_ie_data,http://www.econ.yale.edu/~shiller/data/ie_data.xls,0df9392b7dacf91f756e92c8db508ad903c4588b43f3253680eec3dd8b40db68,2026-06-01T09:02:10
1952-11-01,2026-06-01T09:02:10,1952-11-14,12.47346976551531,yale_shiller_ie_data,http://www.econ.yale.edu/~shiller/data/ie_data.xls,0df9392b7dacf91f756e92c8db508ad903c4588b43f3253680eec3dd8b40db68,2026-06-01T09:02:10
1952-12-01,2026-06-01T09:02:10,1952-12-15,12.933964306161373,yale_shiller_ie_data,http://www.econ.yale.edu/~shiller/data/ie_data.xls,0df9392b7dacf91f756e92c8db508ad903c4588b43f3253680eec3dd8b40db68,2026-06-01T09:02:10
1953-01-01,2026-06-01T09:02:10,1953-01-15,13.010773447995183,yale_shiller_ie_data,http://www.econ.yale.edu/~shiller/data/ie_data.xls,0df9392b7dacf91f756e92c8db508ad903c4588b43f3253680eec3dd8b40db68,2026-06-01T09:02:10
1953-02-01,2026-06-01T09:02:10,1953-02-13,12.859346880687902,yale_shiller_ie_data,http://www.econ.yale.edu/~shiller/data/ie_data.xls,0df9392b7dacf91f756e92c8db508ad903c4588b43f3253680eec3dd8b40db68,2026-06-01T09:02:10
1953-03-01,2026-06-01T09:02:10,1953-03-13,12.83481934009249,yale_shiller_ie_data,http://www.econ.yale.edu/~shiller/data/ie_data.xls,0df9392b7dacf91f756e92c8db508ad903c4588b43f3253680eec3dd8b40db68,2026-06-01T09:02:10
1953-04-01,2026-06-01T09:02:10,1953-04-15,12.1639014540068,yale_shiller_ie_data,http://www.econ.yale.edu/~shiller/data/ie_data.xls,0df9392b7dacf91f756e92c8db508ad903c4588b43f3253680eec3dd8b40db68,2026-06-01T09:02:10
1953-05-01,2026-06-01T09:02:10,1953-05-15,12.141970791867779,yale_shiller_ie_data,http://www.econ.yale.edu/~shiller/data/ie_data.xls,0df9392b7dacf91f756e92c8db508ad903c4588b43f3253680eec3dd8b40db68,2026-06-01T09:02:10
1953-06-01,2026-06-01T09:02:10,1953-06-15,11.62440788547008,yale_shiller_ie_data,http://www.econ.yale.edu/~shiller/data/ie_data.xls,0df9392b7dacf91f756e92c8db508ad903c4588b43f3253680eec3dd8b40db68,2026-06-01T09:02:10
1953-07-01,2026-06-01T09:02:10,1953-07-15,11.750201645309998,yale_shiller_ie_data,http://www.econ.yale.edu/~shiller/data/ie_data.xls,0df9392b7dacf91f756e92c8db508ad903c4588b43f3253680eec3dd8b40db68,2026-06-01T09:02:10
1953-08-01,2026-06-01T09:02:10,1953-08-14,11.715076201734,yale_shiller_ie_data,http://www.econ.yale.edu/~shiller/data/ie_data.xls,0df9392b7dacf91f756e92c8db508ad903c4588b43f3253680eec3dd8b40db68,2026-06-01T09:02:10
1953-09-01,2026-06-01T09:02:10,1953-09-15,11.139349357262919,yale_shiller_ie_data,http://www.econ.yale.edu/~shiller/data/ie_data.xls,0df9392b7dacf91f756e92c8db508ad903c4588b43f3253680eec3dd8b40db68,2026-06-01T09:02:10
1953-10-01,2026-06-01T09:02:10,1953-10-15,11.391934765421409,yale_shiller_ie_data,http://www.econ.yale.edu/~shiller/data/ie_data.xls,0df9392b7dacf91f756e92c8db508ad903c4588b43f3253680eec3dd8b40db68,2026-06-01T09:02:10
1953-11-01,2026-06-01T09:02:10,1953-11-13,11.644070268505766,yale_shiller_ie_data,http://www.econ.yale.edu/~shiller/data/ie_data.xls,0df9392b7dacf91f756e92c8db508ad903c4588b43f3253680eec3dd8b40db68,2026-06-01T09:02:10
1953-12-01,2026-06-01T09:02:10,1953-12-15,11.75444918402729,yale_shiller_ie_data,http://www.econ.yale.edu/~shiller/data/ie_data.xls,0df9392b7dacf91f756e92c8db508ad903c4588b43f3253680eec3dd8b40db68,2026-06-01T09:02:10
1954-01-01,2026-06-01T09:02:10,1954-01-15,12.002650554927824,yale_shiller_ie_data,http://www.econ.yale.edu/~shiller/data/ie_data.xls,0df9392b7dacf91f756e92c8db508ad903c4588b43f3253680eec3dd8b40db68,2026-06-01T09:02:10
1954-02-01,2026-06-01T09:02:10,1954-02-15,12.215052485432834,yale_shiller_ie_data,http://www.econ.yale.edu/~shiller/data/ie_data.xls,0df9392b7dacf91f756e92c8db508ad903c4588b43f3253680eec3dd8b40db68,2026-06-01T09:02:10
1954-03-01,2026-06-01T09:02:10,1954-03-15,12.420105295189968,yale_shiller_ie_data,http://www.econ.yale.edu/~shiller/data/ie_data.xls,0df9392b7dacf91f756e92c8db508ad903c4588b43f3253680eec3dd8b40db68,2026-06-01T09:02:10
1954-04-01,2026-06-01T09:02:10,1954-04-15,12.907868184060913,yale_shiller_ie_data,http://www.econ.yale.edu/~shiller/data/ie_data.xls,0df9392b7dacf91f756e92c8db508ad903c4588b43f3253680eec3dd8b40db68,2026-06-01T09:02:10
1954-05-01,2026-06-01T09:02:10,1954-05-14,13.312042238025853,yale_shiller_ie_data,http://www.econ.yale.edu/~shiller/data/ie_data.xls,0df9392b7dacf91f756e92c8db508ad903c4588b43f3253680eec3dd8b40db68,2026-06-01T09:02:10
1954-06-01,2026-06-01T09:02:10,1954-06-15,13.357885903658993,yale_shiller_ie_data,http://www.econ.yale.edu/~shiller/data/ie_data.xls,0df9392b7dacf91f756e92c8db508ad903c4588b43f3253680eec3dd8b40db68,2026-06-01T09:02:10
1954-07-01,2026-06-01T09:02:10,1954-07-15,13.833009564245325,yale_shiller_ie_data,http://www.econ.yale.edu/~shiller/data/ie_data.xls,0df9392b7dacf91f756e92c8db508ad903c4588b43f3253680eec3dd8b40db68,2026-06-01T09:02:10
1954-08-01,2026-06-01T09:02:10,1954-08-13,14.042112347320572,yale_shiller_ie_data,http://www.econ.yale.edu/~shiller/data/ie_data.xls,0df9392b7dacf91f756e92c8db508ad903c4588b43f3253680eec3dd8b40db68,2026-06-01T09:02:10
1954-09-01,2026-06-01T09:02:10,1954-09-15,14.356474143296973,yale_shiller_ie_data,http://www.econ.yale.edu/~shiller/data/ie_data.xls,0df9392b7dacf91f756e92c8db508ad903c4588b43f3253680eec3dd8b40db68,2026-06-01T09:02:10
1954-10-01,2026-06-01T09:02:10,1954-10-15,14.619231935730559,yale_shiller_ie_data,http://www.econ.yale.edu/~shiller/data/ie_data.xls,0df9392b7dacf91f756e92c8db508ad903c4588b43f3253680eec3dd8b40db68,2026-06-01T09:02:10
1954-11-01,2026-06-01T09:02:10,1954-11-15,15.117311697434385,yale_shiller_ie_data,http://www.econ.yale.edu/~shiller/data/ie_data.xls,0df9392b7dacf91f756e92c8db508ad903c4588b43f3253680eec3dd8b40db68,2026-06-01T09:02:10
1954-12-01,2026-06-01T09:02:10,1954-12-15,15.78906200232708,yale_shiller_ie_data,http://www.econ.yale.edu/~shiller/data/ie_data.xls,0df9392b7dacf91f756e92c8db508ad903c4588b43f3253680eec3dd8b40db68,2026-06-01T09:02:10
1955-01-01,2026-06-01T09:02:10,1955-01-14,15.990781062969829,yale_shiller_ie_data,http://www.econ.yale.edu/~shiller/data/ie_data.xls,0df9392b7dacf91f756e92c8db508ad903c4588b43f3253680eec3dd8b40db68,2026-06-01T09:02:10
1955-02-01,2026-06-01T09:02:10,1955-02-15,16.437728215987107,yale_shiller_ie_data,http://www.econ.yale.edu/~shiller/data/ie_data.xls,0df9392b7dacf91f756e92c8db508ad903c4588b43f3253680eec3dd8b40db68,2026-06-01T09:02:10
1955-03-01,2026-06-01T09:02:10,1955-03-15,16.21928294553779,yale_shiller_ie_data,http://www.econ.yale.edu/~shiller/data/ie_data.xls,0df9392b7dacf91f756e92c8db508ad903c4588b43f3253680eec3dd8b40db68,2026-06-01T09:02:10
1955-04-01,2026-06-01T09:02:10,1955-04-15,16.685266628063495,yale_shiller_ie_data,http://www.econ.yale.edu/~shiller/data/ie_data.xls,0df9392b7dacf91f756e92c8db508ad903c4588b43f3253680eec3dd8b40db68,2026-06-01T09:02:10
1955-05-01,2026-06-01T09:02:10,1955-05-13,16.518057827257792,yale_shiller_ie_data,http://www.econ.yale.edu/~shiller/data/ie_data.xls,0df9392b7dacf91f756e92c8db508ad903c4588b43f3253680eec3dd8b40db68,2026-06-01T09:02:10
1955-06-01,2026-06-01T09:02:10,1955-06-15,17.3700919634053,yale_shiller_ie_data,http://www.econ.yale.edu/~shiller/data/ie_data.xls,0df9392b7dacf91f756e92c8db508ad903c4588b43f3253680eec3dd8b40db68,2026-06-01T09:02:10
1955-07-01,2026-06-01T09:02:10,1955-07-15,18.454031906632867,yale_shiller_ie_data,http://www.econ.yale.edu/~shiller/data/ie_data.xls,0df9392b7dacf91f756e92c8db508ad903c4588b43f3253680eec3dd8b40db68,2026-06-01T09:02:10
1955-08-01,2026-06-01T09:02:10,1955-08-15,18.222326463047743,yale_shiller_ie_data,http://www.econ.yale.edu/~shiller/data/ie_data.xls,0df9392b7dacf91f756e92c8db508ad903c4588b43f3253680eec3dd8b40db68,2026-06-01T09:02:10
1955-09-01,2026-06-01T09:02:10,1955-09-15,18.843960654261306,yale_shiller_ie_data,http://www.econ.yale.edu/~shiller/data/ie_data.xls,0df9392b7dacf91f756e92c8db508ad903c4588b43f3253680eec3dd8b40db68,2026-06-01T09:02:10
1955-10-01,2026-06-01T09:02:10,1955-10-14,17.772325789386088,yale_shiller_ie_data,http://www.econ.yale.edu/~shiller/data/ie_data.xls,0df9392b7dacf91f756e92c8db508ad903c4588b43f3253680eec3dd8b40db68,2026-06-01T09:02:10
1955-11-01,2026-06-01T09:02:10,1955-11-15,18.83555928827389,yale_shiller_ie_data,http://www.econ.yale.edu/~shiller/data/ie_data.xls,0df9392b7dacf91f756e92c8db508ad903c4588b43f3253680eec3dd8b40db68,2026-06-01T09:02:10
1955-12-01,2026-06-01T09:02:10,1955-12-15,18.94236903581357,yale_shiller_ie_data,http://www.econ.yale.edu/~shiller/data/ie_data.xls,0df9392b7dacf91f756e92c8db508ad903c4588b43f3253680eec3dd8b40db68,2026-06-01T09:02:10
1956-01-01,2026-06-01T09:02:10,1956-01-13,18.292585385418892,yale_shiller_ie_data,http://www.econ.yale.edu/~shiller/data/ie_data.xls,0df9392b7dacf91f756e92c8db508ad903c4588b43f3253680eec3dd8b40db68,2026-06-01T09:02:10
1956-02-01,2026-06-01T09:02:10,1956-02-15,18.266116815127777,yale_shiller_ie_data,http://www.econ.yale.edu/~shiller/data/ie_data.xls,0df9392b7dacf91f756e92c8db508ad903c4588b43f3253680eec3dd8b40db68,2026-06-01T09:02:10
1956-03-01,2026-06-01T09:02:10,1956-03-15,19.371210099299958,yale_shiller_ie_data,http://www.econ.yale.edu/~shiller/data/ie_data.xls,0df9392b7dacf91f756e92c8db508ad903c4588b43f3253680eec3dd8b40db68,2026-06-01T09:02:10
1956-04-01,2026-06-01T09:02:10,1956-04-13,19.370593634578498,yale_shiller_ie_data,http://www.econ.yale.edu/~shiller/data/ie_data.xls,0df9392b7dacf91f756e92c8db508ad903c4588b43f3253680eec3dd8b40db68,2026-06-01T09:02:10
1956-05-01,2026-06-01T09:02:10,1956-05-15,18.544506591754434,yale_shiller_ie_data,http://www.econ.yale.edu/~shiller/data/ie_data.xls,0df9392b7dacf91f756e92c8db508ad903c4588b43f3253680eec3dd8b40db68,2026-06-01T09:02:10
1956-06-01,2026-06-01T09:02:10,1956-06-15,18.158163846958697,yale_shiller_ie_data,http://www.econ.yale.edu/~shiller/data/ie_data.xls,0df9392b7dacf91f756e92c8db508ad903c4588b43f3253680eec3dd8b40db68,2026-06-01T09:02:10
1956-07-01,2026-06-01T09:02:10,1956-07-13,18.856797596896786,yale_shiller_ie_data,http://www.econ.yale.edu/~shiller/data/ie_data.xls,0df9392b7dacf91f756e92c8db508ad903c4588b43f3253680eec3dd8b40db68,2026-06-01T09:02:10
1956-08-01,2026-06-01T09:02:10,1956-08-15,18.670937110186422,yale_shiller_ie_data,http://www.econ.yale.edu/~shiller/data/ie_data.xls,0df9392b7dacf91f756e92c8db508ad903c4588b43f3253680eec3dd8b40db68,2026-06-01T09:02:10
1956-09-01,2026-06-01T09:02:10,1956-09-14,17.83664079631202,yale_shiller_ie_data,http://www.econ.yale.edu/~shiller/data/ie_data.xls,0df9392b7dacf91f756e92c8db508ad903c4588b43f3253680eec3dd8b40db68,2026-06-01T09:02:10
1956-10-01,2026-06-01T09:02:10,1956-10-15,17.41895294863613,yale_shiller_ie_data,http://www.econ.yale.edu/~shiller/data/ie_data.xls,0df9392b7dacf91f756e92c8db508ad903c4588b43f3253680eec3dd8b40db68,2026-06-01T09:02:10
1956-11-01,2026-06-01T09:02:10,1956-11-15,17.120339736628257,yale_shiller_ie_data,http://www.econ.yale.edu/~shiller/data/ie_data.xls,0df9392b7dacf91f756e92c8db508ad903c4588b43f3253680eec3dd8b40db68,2026-06-01T09:02:10
1956-12-01,2026-06-01T09:02:10,1956-12-14,17.197522725560923,yale_shiller_ie_data,http://www.econ.yale.edu/~shiller/data/ie_data.xls,0df9392b7dacf91f756e92c8db508ad903c4588b43f3253680eec3dd8b40db68,2026-06-01T09:02:10
1957-01-01,2026-06-01T09:02:10,1957-01-15,16.717780078533007,yale_shiller_ie_data,http://www.econ.yale.edu/~shiller/data/ie_data.xls,0df9392b7dacf91f756e92c8db508ad903c4588b43f3253680eec3dd8b40db68,2026-06-01T09:02:10
1957-02-01,2026-06-01T09:02:10,1957-02-15,15.843733142229743,yale_shiller_ie_data,http://www.econ.yale.edu/~shiller/data/ie_data.xls,0df9392b7dacf91f756e92c8db508ad903c4588b43f3253680eec3dd8b40db68,2026-06-01T09:02:10
1957-03-01,2026-06-01T09:02:10,1957-03-15,15.900417108869165,yale_shiller_ie_data,http://www.econ.yale.edu/~shiller/data/ie_data.xls,0df9392b7dacf91f756e92c8db508ad903c4588b43f3253680eec3dd8b40db68,2026-06-01T09:02:10
1957-04-01,2026-06-01T09:02:10,1957-04-15,16.123704360211754,yale_shiller_ie_data,http://www.econ.yale.edu/~shiller/data/ie_data.xls,0df9392b7dacf91f756e92c8db508ad903c4588b43f3253680eec3dd8b40db68,2026-06-01T09:02:10
1957-05-01,2026-06-01T09:02:10,1957-05-15,16.59811078911426,yale_shiller_ie_data,http://www.econ.yale.edu/~shiller/data/ie_data.xls,0df9392b7dacf91f756e92c8db508ad903c4588b43f3253680eec3dd8b40db68,2026-06-01T09:02:10
1957-06-01,2026-06-01T09:02:10,1957-06-14,16.729918872472865,yale_shiller_ie_data,http://www.econ.yale.edu/~shiller/data/ie_data.xls,0df9392b7dacf91f756e92c8db508ad903c4588b43f3253680eec3dd8b40db68,2026-06-01T09:02:10
1957-07-01,2026-06-01T09:02:10,1957-07-15,16.868882383979795,yale_shiller_ie_data,http://www.econ.yale.edu/~shiller/data/ie_data.xls,0df9392b7dacf91f756e92c8db508ad903c4588b43f3253680eec3dd8b40db68,2026-06-01T09:02:10
1957-08-01,2026-06-01T09:02:10,1957-08-15,15.868942729452241,yale_shiller_ie_data,http://www.econ.yale.edu/~shiller/data/ie_data.xls,0df9392b7dacf91f756e92c8db508ad903c4588b43f3253680eec3dd8b40db68,2026-06-01T09:02:10
1957-09-01,2026-06-01T09:02:10,1957-09-13,15.15727448896221,yale_shiller_ie_data,http://www.econ.yale.edu/~shiller/data/ie_data.xls,0df9392b7dacf91f756e92c8db508ad903c4588b43f3253680eec3dd8b40db68,2026-06-01T09:02:10
1957-10-01,2026-06-01T09:02:10,1957-10-15,14.149451489483534,yale_shiller_ie_data,http://www.econ.yale.edu/~shiller/data/ie_data.xls,0df9392b7dacf91f756e92c8db508ad903c4588b43f3253680eec3dd8b40db68,2026-06-01T09:02:10
1957-11-01,2026-06-01T09:02:10,1957-11-15,13.73624223529848,yale_shiller_ie_data,http://www.econ.yale.edu/~shiller/data/ie_data.xls,0df9392b7dacf91f756e92c8db508ad903c4588b43f3253680eec3dd8b40db68,2026-06-01T09:02:10
1957-12-01,2026-06-01T09:02:10,1957-12-13,13.673246057951383,yale_shiller_ie_data,http://www.econ.yale.edu/~shiller/data/ie_data.xls,0df9392b7dacf91f756e92c8db508ad903c4588b43f3253680eec3dd8b40db68,2026-06-01T09:02:10
1958-01-01,2026-06-01T09:02:10,1958-01-15,13.788431552307634,yale_shiller_ie_data,http://www.econ.yale.edu/~shiller/data/ie_data.xls,0df9392b7dacf91f756e92c8db508ad903c4588b43f3253680eec3dd8b40db68,2026-06-01T09:02:10
1958-02-01,2026-06-01T09:02:10,1958-02-14,13.784906390337678,yale_shiller_ie_data,http://www.econ.yale.edu/~shiller/data/ie_data.xls,0df9392b7dacf91f756e92c8db508ad903c4588b43f3253680eec3dd8b40db68,2026-06-01T09:02:10
1958-03-01,2026-06-01T09:02:10,1958-03-14,13.925589923892938,yale_shiller_ie_data,http://www.econ.yale.edu/~shiller/data/ie_data.xls,0df9392b7dacf91f756e92c8db508ad903c4588b43f3253680eec3dd8b40db68,2026-06-01T09:02:10
1958-04-01,2026-06-01T09:02:10,1958-04-15,13.913501765262778,yale_shiller_ie_data,http://www.econ.yale.edu/~shiller/data/ie_data.xls,0df9392b7dacf91f756e92c8db508ad903c4588b43f3253680eec3dd8b40db68,2026-06-01T09:02:10
1958-05-01,2026-06-01T09:02:10,1958-05-15,14.32382496840923,yale_shiller_ie_data,http://www.econ.yale.edu/~shiller/data/ie_data.xls,0df9392b7dacf91f756e92c8db508ad903c4588b43f3253680eec3dd8b40db68,2026-06-01T09:02:10
1958-06-01,2026-06-01T09:02:10,1958-06-13,14.635555551956267,yale_shiller_ie_data,http://www.econ.yale.edu/~shiller/data/ie_data.xls,0df9392b7dacf91f756e92c8db508ad903c4588b43f3253680eec3dd8b40db68,2026-06-01T09:02:10
1958-07-01,2026-06-01T09:02:10,1958-07-15,14.957457101901133,yale_shiller_ie_data,http://www.econ.yale.edu/~shiller/data/ie_data.xls,0df9392b7dacf91f756e92c8db508ad903c4588b43f3253680eec3dd8b40db68,2026-06-01T09:02:10
1958-08-01,2026-06-01T09:02:10,1958-08-15,15.544566891165923,yale_shiller_ie_data,http://www.econ.yale.edu/~shiller/data/ie_data.xls,0df9392b7dacf91f756e92c8db508ad903c4588b43f3253680eec3dd8b40db68,2026-06-01T09:02:10
1958-09-01,2026-06-01T09:02:10,1958-09-15,15.931923184092845,yale_shiller_ie_data,http://www.econ.yale.edu/~shiller/data/ie_data.xls,0df9392b7dacf91f756e92c8db508ad903c4588b43f3253680eec3dd8b40db68,2026-06-01T09:02:10
1958-10-01,2026-06-01T09:02:10,1958-10-15,16.559803310351572,yale_shiller_ie_data,http://www.econ.yale.edu/~shiller/data/ie_data.xls,0df9392b7dacf91f756e92c8db508ad903c4588b43f3253680eec3dd8b40db68,2026-06-01T09:02:10
1958-11-01,2026-06-01T09:02:10,1958-11-14,16.988883579386336,yale_shiller_ie_data,http://www.econ.yale.edu/~shiller/data/ie_data.xls,0df9392b7dacf91f756e92c8db508ad903c4588b43f3253680eec3dd8b40db68,2026-06-01T09:02:10
1958-12-01,2026-06-01T09:02:10,1958-12-15,17.35835736536996,yale_shiller_ie_data,http://www.econ.yale.edu/~shiller/data/ie_data.xls,0df9392b7dacf91f756e92c8db508ad903c4588b43f3253680eec3dd8b40db68,2026-06-01T09:02:10
1959-01-01,2026-06-01T09:02:10,1959-01-15,17.98033934299339,yale_shiller_ie_data,http://www.econ.yale.edu/~shiller/data/ie_data.xls,0df9392b7dacf91f756e92c8db508ad903c4588b43f3253680eec3dd8b40db68,2026-06-01T09:02:10
1959-02-01,2026-06-01T09:02:10,1959-02-13,17.759169263611422,yale_shiller_ie_data,http://www.econ.yale.edu/~shiller/data/ie_data.xls,0df9392b7dacf91f756e92c8db508ad903c4588b43f3253680eec3dd8b40db68,2026-06-01T09:02:10
1959-03-01,2026-06-01T09:02:10,1959-03-13,18.200871845485636,yale_shiller_ie_data,http://www.econ.yale.edu/~shiller/data/ie_data.xls,0df9392b7dacf91f756e92c8db508ad903c4588b43f3253680eec3dd8b40db68,2026-06-01T09:02:10
1959-04-01,2026-06-01T09:02:10,1959-04-15,18.430753048783426,yale_shiller_ie_data,http://www.econ.yale.edu/~shiller/data/ie_data.xls,0df9392b7dacf91f756e92c8db508ad903c4588b43f3253680eec3dd8b40db68,2026-06-01T09:02:10
1959-05-01,2026-06-01T09:02:10,1959-05-15,18.692721439594187,yale_shiller_ie_data,http://www.econ.yale.edu/~shiller/data/ie_data.xls,0df9392b7dacf91f756e92c8db508ad903c4588b43f3253680eec3dd8b40db68,2026-06-01T09:02:10
1959-06-01,2026-06-01T09:02:10,1959-06-15,18.44859139706648,yale_shiller_ie_data,http://www.econ.yale.edu/~shiller/data/ie_data.xls,0df9392b7dacf91f756e92c8db508ad903c4588b43f3253680eec3dd8b40db68,2026-06-01T09:02:10
1959-07-01,2026-06-01T09:02:10,1959-07-15,19.090533975796514,yale_shiller_ie_data,http://www.econ.yale.edu/~shiller/data/ie_data.xls,0df9392b7dacf91f756e92c8db508ad903c4588b43f3253680eec3dd8b40db68,2026-06-01T09:02:10
1959-08-01,2026-06-01T09:02:10,1959-08-14,18.95880364075021,yale_shiller_ie_data,http://www.econ.yale.edu/~shiller/data/ie_data.xls,0df9392b7dacf91f756e92c8db508ad903c4588b43f3253680eec3dd8b40db68,2026-06-01T09:02:10
1959-09-01,2026-06-01T09:02:10,1959-09-15,18.12329055675862,yale_shiller_ie_data,http://www.econ.yale.edu/~shiller/data/ie_data.xls,0df9392b7dacf91f756e92c8db508ad903c4588b43f3253680eec3dd8b40db68,2026-06-01T09:02:10
1959-10-01,2026-06-01T09:02:10,1959-10-15,18.02196244151543,yale_shiller_ie_data,http://www.econ.yale.edu/~shiller/data/ie_data.xls,0df9392b7dacf91f756e92c8db508ad903c4588b43f3253680eec3dd8b40db68,2026-06-01T09:02:10
1959-11-01,2026-06-01T09:02:10,1959-11-13,18.07178913057022,yale_shiller_ie_data,http://www.econ.yale.edu/~shiller/data/ie_data.xls,0df9392b7dacf91f756e92c8db508ad903c4588b43f3253680eec3dd8b40db68,2026-06-01T09:02:10
1959-12-01,2026-06-01T09:02:10,1959-12-15,18.624728977900112,yale_shiller_ie_data,http://www.econ.yale.edu/~shiller/data/ie_data.xls,0df9392b7dacf91f756e92c8db508ad903c4588b43f3253680eec3dd8b40db68,2026-06-01T09:02:10
1960-01-01,2026-06-01T09:02:10,1960-01-15,18.338284994375567,yale_shiller_ie_data,http://www.econ.yale.edu/~shiller/data/ie_data.xls,0df9392b7dacf91f756e92c8db508ad903c4588b43f3253680eec3dd8b40db68,2026-06-01T09:02:10
1960-02-01,2026-06-01T09:02:10,1960-02-15,17.54527510894598,yale_shiller_ie_data,http://www.econ.yale.edu/~shiller/data/ie_data.xls,0df9392b7dacf91f756e92c8db508ad903c4588b43f3253680eec3dd8b40db68,2026-06-01T09:02:10
1960-03-01,2026-06-01T09:02:10,1960-03-15,17.286020720522153,yale_shiller_ie_data,http://www.econ.yale.edu/~shiller/data/ie_data.xls,0df9392b7dacf91f756e92c8db508ad903c4588b43f3253680eec3dd8b40db68,2026-06-01T09:02:10
1960-04-01,2026-06-01T09:02:10,1960-04-15,17.429766947597205,yale_shiller_ie_data,http://www.econ.yale.edu/~shiller/data/ie_data.xls,0df9392b7dacf91f756e92c8db508ad903c4588b43f3253680eec3dd8b40db68,2026-06-01T09:02:10
1960-05-01,2026-06-01T09:02:10,1960-05-13,17.25617057872792,yale_shiller_ie_data,http://www.econ.yale.edu/~shiller/data/ie_data.xls,0df9392b7dacf91f756e92c8db508ad903c4588b43f3253680eec3dd8b40db68,2026-06-01T09:02:10
1960-06-01,2026-06-01T09:02:10,1960-06-15,17.823363817264745,yale_shiller_ie_data,http://www.econ.yale.edu/~shiller/data/ie_data.xls,0df9392b7dacf91f756e92c8db508ad903c4588b43f3253680eec3dd8b40db68,2026-06-01T09:02:10
1960-07-01,2026-06-01T09:02:10,1960-07-15,17.376806472898117,yale_shiller_ie_data,http://www.econ.yale.edu/~shiller/data/ie_data.xls,0df9392b7dacf91f756e92c8db508ad903c4588b43f3253680eec3dd8b40db68,2026-06-01T09:02:10
1960-08-01,2026-06-01T09:02:10,1960-08-15,17.582113039577674,yale_shiller_ie_data,http://www.econ.yale.edu/~shiller/data/ie_data.xls,0df9392b7dacf91f756e92c8db508ad903c4588b43f3253680eec3dd8b40db68,2026-06-01T09:02:10
1960-09-01,2026-06-01T09:02:10,1960-09-15,17.052015467817665,yale_shiller_ie_data,http://www.econ.yale.edu/~shiller/data/ie_data.xls,0df9392b7dacf91f756e92c8db508ad903c4588b43f3253680eec3dd8b40db68,2026-06-01T09:02:10
1960-10-01,2026-06-01T09:02:10,1960-10-14,16.605104536251027,yale_shiller_ie_data,http://www.econ.yale.edu/~shiller/data/ie_data.xls,0df9392b7dacf91f756e92c8db508ad903c4588b43f3253680eec3dd8b40db68,2026-06-01T09:02:10
1960-11-01,2026-06-01T09:02:10,1960-11-15,17.146088452419004,yale_shiller_ie_data,http://www.econ.yale.edu/~shiller/data/ie_data.xls,0df9392b7dacf91f756e92c8db508ad903c4588b43f3253680eec3dd8b40db68,2026-06-01T09:02:10
1960-12-01,2026-06-01T09:02:10,1960-12-15,17.562090833957125,yale_shiller_ie_data,http://www.econ.yale.edu/~shiller/data/ie_data.xls,0df9392b7dacf91f756e92c8db508ad903c4588b43f3253680eec3dd8b40db68,2026-06-01T09:02:10
1961-01-01,2026-06-01T09:02:10,1961-01-13,18.470416986477176,yale_shiller_ie_data,http://www.econ.yale.edu/~shiller/data/ie_data.xls,0df9392b7dacf91f756e92c8db508ad903c4588b43f3253680eec3dd8b40db68,2026-06-01T09:02:10
1961-02-01,2026-06-01T09:02:10,1961-02-15,19.234014498298354,yale_shiller_ie_data,http://www.econ.yale.edu/~shiller/data/ie_data.xls,0df9392b7dacf91f756e92c8db508ad903c4588b43f3253680eec3dd8b40db68,2026-06-01T09:02:10
1961-03-01,2026-06-01T09:02:10,1961-03-15,19.84422527272557,yale_shiller_ie_data,http://www.econ.yale.edu/~shiller/data/ie_data.xls,0df9392b7dacf91f756e92c8db508ad903c4588b43f3253680eec3dd8b40db68,2026-06-01T09:02:10
1961-04-01,2026-06-01T09:02:10,1961-04-14,20.38284297575478,yale_shiller_ie_data,http://www.econ.yale.edu/~shiller/data/ie_data.xls,0df9392b7dacf91f756e92c8db508ad903c4588b43f3253680eec3dd8b40db68,2026-06-01T09:02:10
1961-05-01,2026-06-01T09:02:10,1961-05-15,20.598606843297347,yale_shiller_ie_data,http://www.econ.yale.edu/~shiller/data/ie_data.xls,0df9392b7dacf91f756e92c8db508ad903c4588b43f3253680eec3dd8b40db68,2026-06-01T09:02:10
1961-06-01,2026-06-01T09:02:10,1961-06-15,20.332414551592294,yale_shiller_ie_data,http://www.econ.yale.edu/~shiller/data/ie_data.xls,0df9392b7dacf91f756e92c8db508ad903c4588b43f3253680eec3dd8b40db68,2026-06-01T09:02:10
1961-07-01,2026-06-01T09:02:10,1961-07-14,20.146643736827325,yale_shiller_ie_data,http://www.econ.yale.edu/~shiller/data/ie_data.xls,0df9392b7dacf91f756e92c8db508ad903c4588b43f3253680eec3dd8b40db68,2026-06-01T09:02:10
1961-08-01,2026-06-01T09:02:10,1961-08-15,20.941688475215194,yale_shiller_ie_data,http://www.econ.yale.edu/~shiller/data/ie_data.xls,0df9392b7dacf91f756e92c8db508ad903c4588b43f3253680eec3dd8b40db68,2026-06-01T09:02:10
1961-09-01,2026-06-01T09:02:10,1961-09-15,20.70524304414726,yale_shiller_ie_data,http://www.econ.yale.edu/~shiller/data/ie_data.xls,0df9392b7dacf91f756e92c8db508ad903c4588b43f3253680eec3dd8b40db68,2026-06-01T09:02:10
1961-10-01,2026-06-01T09:02:10,1961-10-13,20.92419014101079,yale_shiller_ie_data,http://www.econ.yale.edu/~shiller/data/ie_data.xls,0df9392b7dacf91f756e92c8db508ad903c4588b43f3253680eec3dd8b40db68,2026-06-01T09:02:10
1961-11-01,2026-06-01T09:02:10,1961-11-15,21.857957721959675,yale_shiller_ie_data,http://www.econ.yale.edu/~shiller/data/ie_data.xls,0df9392b7dacf91f756e92c8db508ad903c4588b43f3253680eec3dd8b40db68,2026-06-01T09:02:10
1961-12-01,2026-06-01T09:02:10,1961-12-15,22.041480198382267,yale_shiller_ie_data,http://www.econ.yale.edu/~shiller/data/ie_data.xls,0df9392b7dacf91f756e92c8db508ad903c4588b43f3253680eec3dd8b40db68,2026-06-01T09:02:10
1962-01-01,2026-06-01T09:02:10,1962-01-15,21.19793140001523,yale_shiller_ie_data,http://www.econ.yale.edu/~shiller/data/ie_data.xls,0df9392b7dacf91f756e92c8db508ad903c4588b43f3253680eec3dd8b40db68,2026-06-01T09:02:10
1962-02-01,2026-06-01T09:02:10,1962-02-15,21.451687754873376,yale_shiller_ie_data,http://www.econ.yale.edu/~shiller/data/ie_data.xls,0df9392b7dacf91f756e92c8db508ad903c4588b43f3253680eec3dd8b40db68,2026-06-01T09:02:10
1962-03-01,2026-06-01T09:02:10,1962-03-15,21.44315856852624,yale_shiller_ie_data,http://www.econ.yale.edu/~shiller/data/ie_data.xls,0df9392b7dacf91f756e92c8db508ad903c4588b43f3253680eec3dd8b40db68,2026-06-01T09:02:10
1962-04-01,2026-06-01T09:02:10,1962-04-13,20.658336447649038,yale_shiller_ie_data,http://www.econ.yale.edu/~shiller/data/ie_data.xls,0df9392b7dacf91f756e92c8db508ad903c4588b43f3253680eec3dd8b40db68,2026-06-01T09:02:10
1962-05-01,2026-06-01T09:02:10,1962-05-15,19.089367498116655,yale_shiller_ie_data,http://www.econ.yale.edu/~shiller/data/ie_data.xls,0df9392b7dacf91f756e92c8db508ad903c4588b43f3253680eec3dd8b40db68,2026-06-01T09:02:10
1962-06-01,2026-06-01T09:02:10,1962-06-15,16.82757124479247,yale_shiller_ie_data,http://www.econ.yale.edu/~shiller/data/ie_data.xls,0df9392b7dacf91f756e92c8db508ad903c4588b43f3253680eec3dd8b40db68,2026-06-01T09:02:10
1962-07-01,2026-06-01T09:02:10,1962-07-13,17.141325661322796,yale_shiller_ie_data,http://www.econ.yale.edu/~shiller/data/ie_data.xls,0df9392b7dacf91f756e92c8db508ad903c4588b43f3253680eec3dd8b40db68,2026-06-01T09:02:10
1962-08-01,2026-06-01T09:02:10,1962-08-15,17.571262631045535,yale_shiller_ie_data,http://www.econ.yale.edu/~shiller/data/ie_data.xls,0df9392b7dacf91f756e92c8db508ad903c4588b43f3253680eec3dd8b40db68,2026-06-01T09:02:10
1962-09-01,2026-06-01T09:02:10,1962-09-14,17.321461147465484,yale_shiller_ie_data,http://www.econ.yale.edu/~shiller/data/ie_data.xls,0df9392b7dacf91f756e92c8db508ad903c4588b43f3253680eec3dd8b40db68,2026-06-01T09:02:10
1962-10-01,2026-06-01T09:02:10,1962-10-15,16.739820967901334,yale_shiller_ie_data,http://www.econ.yale.edu/~shiller/data/ie_data.xls,0df9392b7dacf91f756e92c8db508ad903c4588b43f3253680eec3dd8b40db68,2026-06-01T09:02:10
1962-11-01,2026-06-01T09:02:10,1962-11-15,17.854386489497152,yale_shiller_ie_data,http://www.econ.yale.edu/~shiller/data/ie_data.xls,0df9392b7dacf91f756e92c8db508ad903c4588b43f3253680eec3dd8b40db68,2026-06-01T09:02:10
1962-12-01,2026-06-01T09:02:10,1962-12-14,18.585836118439865,yale_shiller_ie_data,http://www.econ.yale.edu/~shiller/data/ie_data.xls,0df9392b7dacf91f756e92c8db508ad903c4588b43f3253680eec3dd8b40db68,2026-06-01T09:02:10
1963-01-01,2026-06-01T09:02:10,1963-01-15,19.259231693254055,yale_shiller_ie_data,http://www.econ.yale.edu/~shiller/data/ie_data.xls,0df9392b7dacf91f756e92c8db508ad903c4588b43f3253680eec3dd8b40db68,2026-06-01T09:02:10
1963-02-01,2026-06-01T09:02:10,1963-02-15,19.469191309671416,yale_shiller_ie_data,http://www.econ.yale.edu/~shiller/data/ie_data.xls,0df9392b7dacf91f756e92c8db508ad903c4588b43f3253680eec3dd8b40db68,2026-06-01T09:02:10
1963-03-01,2026-06-01T09:02:10,1963-03-15,19.288064606604838,yale_shiller_ie_data,http://www.econ.yale.edu/~shiller/data/ie_data.xls,0df9392b7dacf91f756e92c8db508ad903c4588b43f3253680eec3dd8b40db68,2026-06-01T09:02:10
1963-04-01,2026-06-01T09:02:10,1963-04-15,20.15007723822699,yale_shiller_ie_data,http://www.econ.yale.edu/~shiller/data/ie_data.xls,0df9392b7dacf91f756e92c8db508ad903c4588b43f3253680eec3dd8b40db68,2026-06-01T09:02:10
1963-05-01,2026-06-01T09:02:10,1963-05-15,20.50758586495262,yale_shiller_ie_data,http://www.econ.yale.edu/~shiller/data/ie_data.xls,0df9392b7dacf91f756e92c8db508ad903c4588b43f3253680eec3dd8b40db68,2026-06-01T09:02:10
1963-06-01,2026-06-01T09:02:10,1963-06-14,20.384149993841003,yale_shiller_ie_data,http://www.econ.yale.edu/~shiller/data/ie_data.xls,0df9392b7dacf91f756e92c8db508ad903c4588b43f3253680eec3dd8b40db68,2026-06-01T09:02:10
1963-07-01,2026-06-01T09:02:10,1963-07-15,19.969231885949643,yale_shiller_ie_data,http://www.econ.yale.edu/~shiller/data/ie_data.xls,0df9392b7dacf91f756e92c8db508ad903c4588b43f3253680eec3dd8b40db68,2026-06-01T09:02:10
1963-08-01,2026-06-01T09:02:10,1963-08-15,20.472637900527687,yale_shiller_ie_data,http://www.econ.yale.edu/~shiller/data/ie_data.xls,0df9392b7dacf91f756e92c8db508ad903c4588b43f3253680eec3dd8b40db68,2026-06-01T09:02:10
1963-09-01,2026-06-01T09:02:10,1963-09-13,20.960360090705116,yale_shiller_ie_data,http://www.econ.yale.edu/~shiller/data/ie_data.xls,0df9392b7dacf91f756e92c8db508ad903c4588b43f3253680eec3dd8b40db68,2026-06-01T09:02:10
1963-10-01,2026-06-01T09:02:10,1963-10-15,20.891344595411496,yale_shiller_ie_data,http://www.econ.yale.edu/~shiller/data/ie_data.xls,0df9392b7dacf91f756e92c8db508ad903c4588b43f3253680eec3dd8b40db68,2026-06-01T09:02:10
1963-11-01,2026-06-01T09:02:10,1963-11-15,20.720399335339714,yale_shiller_ie_data,http://www.econ.yale.edu/~shiller/data/ie_data.xls,0df9392b7dacf91f756e92c8db508ad903c4588b43f3253680eec3dd8b40db68,2026-06-01T09:02:10
1963-12-01,2026-06-01T09:02:10,1963-12-13,21.038599376737054,yale_shiller_ie_data,http://www.econ.yale.edu/~shiller/data/ie_data.xls,0df9392b7dacf91f756e92c8db508ad903c4588b43f3253680eec3dd8b40db68,2026-06-01T09:02:10
1964-01-01,2026-06-01T09:02:10,1964-01-15,21.627216196980946,yale_shiller_ie_data,http://www.econ.yale.edu/~shiller/data/ie_data.xls,0df9392b7dacf91f756e92c8db508ad903c4588b43f3253680eec3dd8b40db68,2026-06-01T09:02:10
1964-02-01,2026-06-01T09:02:10,1964-02-14,21.832670826710334,yale_shiller_ie_data,http://www.econ.yale.edu/~shiller/data/ie_data.xls,0df9392b7dacf91f756e92c8db508ad903c4588b43f3253680eec3dd8b40db68,2026-06-01T09:02:10
1964-03-01,2026-06-01T09:02:10,1964-03-13,22.167245585982645,yale_shiller_ie_data,http://www.econ.yale.edu/~shiller/data/ie_data.xls,0df9392b7dacf91f756e92c8db508ad903c4588b43f3253680eec3dd8b40db68,2026-06-01T09:02:10
1964-04-01,2026-06-01T09:02:10,1964-04-15,22.422192169737183,yale_shiller_ie_data,http://www.econ.yale.edu/~shiller/data/ie_data.xls,0df9392b7dacf91f756e92c8db508ad903c4588b43f3253680eec3dd8b40db68,2026-06-01T09:02:10
1964-05-01,2026-06-01T09:02:10,1964-05-15,22.574330769563844,yale_shiller_ie_data,http://www.econ.yale.edu/~shiller/data/ie_data.xls,0df9392b7dacf91f756e92c8db508ad903c4588b43f3253680eec3dd8b40db68,2026-06-01T09:02:10
1964-06-01,2026-06-01T09:02:10,1964-06-15,22.300288036082797,yale_shiller_ie_data,http://www.econ.yale.edu/~shiller/data/ie_data.xls,0df9392b7dacf91f756e92c8db508ad903c4588b43f3253680eec3dd8b40db68,2026-06-01T09:02:10
1964-07-01,2026-06-01T09:02:10,1964-07-15,22.984351845738402,yale_shiller_ie_data,http://www.econ.yale.edu/~shiller/data/ie_data.xls,0df9392b7dacf91f756e92c8db508ad903c4588b43f3253680eec3dd8b40db68,2026-06-01T09:02:10
1964-08-01,2026-06-01T09:02:10,1964-08-14,22.650407292938795,yale_shiller_ie_data,http://www.econ.yale.edu/~shiller/data/ie_data.xls,0df9392b7dacf91f756e92c8db508ad903c4588b43f3253680eec3dd8b40db68,2026-06-01T09:02:10
1964-09-01,2026-06-01T09:02:10,1964-09-15,22.892221984231686,yale_shiller_ie_data,http://www.econ.yale.edu/~shiller/data/ie_data.xls,0df9392b7dacf91f756e92c8db508ad903c4588b43f3253680eec3dd8b40db68,2026-06-01T09:02:10
1964-10-01,2026-06-01T09:02:10,1964-10-15,23.21215468067534,yale_shiller_ie_data,http://www.econ.yale.edu/~shiller/data/ie_data.xls,0df9392b7dacf91f756e92c8db508ad903c4588b43f3253680eec3dd8b40db68,2026-06-01T09:02:10
1964-11-01,2026-06-01T09:02:10,1964-11-13,23.22501979309582,yale_shiller_ie_data,http://www.econ.yale.edu/~shiller/data/ie_data.xls,0df9392b7dacf91f756e92c8db508ad903c4588b43f3253680eec3dd8b40db68,2026-06-01T09:02:10
1964-12-01,2026-06-01T09:02:10,1964-12-15,22.75298477278727,yale_shiller_ie_data,http://www.econ.yale.edu/~shiller/data/ie_data.xls,0df9392b7dacf91f756e92c8db508ad903c4588b43f3253680eec3dd8b40db68,2026-06-01T09:02:10
1965-01-01,2026-06-01T09:02:10,1965-01-15,23.269335081922474,yale_shiller_ie_data,http://www.econ.yale.edu/~shiller/data/ie_data.xls,0df9392b7dacf91f756e92c8db508ad903c4588b43f3253680eec3dd8b40db68,2026-06-01T09:02:10
1965-02-01,2026-06-01T09:02:10,1965-02-15,23.372068272751342,yale_shiller_ie_data,http://www.econ.yale.edu/~shiller/data/ie_data.xls,0df9392b7dacf91f756e92c8db508ad903c4588b43f3253680eec3dd8b40db68,2026-06-01T09:02:10
1965-03-01,2026-06-01T09:02:10,1965-03-15,23.253528200034843,yale_shiller_ie_data,http://www.econ.yale.edu/~shiller/data/ie_data.xls,0df9392b7dacf91f756e92c8db508ad903c4588b43f3253680eec3dd8b40db68,2026-06-01T09:02:10
1965-04-01,2026-06-01T09:02:10,1965-04-15,23.4205519547713,yale_shiller_ie_data,http://www.econ.yale.edu/~shiller/data/ie_data.xls,0df9392b7dacf91f756e92c8db508ad903c4588b43f3253680eec3dd8b40db68,2026-06-01T09:02:10
1965-05-01,2026-06-01T09:02:10,1965-05-14,23.708808308861954,yale_shiller_ie_data,http://www.econ.yale.edu/~shiller/data/ie_data.xls,0df9392b7dacf91f756e92c8db508ad903c4588b43f3253680eec3dd8b40db68,2026-06-01T09:02:10
1965-06-01,2026-06-01T09:02:10,1965-06-15,22.385342986457793,yale_shiller_ie_data,http://www.econ.yale.edu/~shiller/data/ie_data.xls,0df9392b7dacf91f756e92c8db508ad903c4588b43f3253680eec3dd8b40db68,2026-06-01T09:02:10
1965-07-01,2026-06-01T09:02:10,1965-07-15,22.300781712174434,yale_shiller_ie_data,http://www.econ.yale.edu/~shiller/data/ie_data.xls,0df9392b7dacf91f756e92c8db508ad903c4588b43f3253680eec3dd8b40db68,2026-06-01T09:02:10
1965-08-01,2026-06-01T09:02:10,1965-08-13,22.665971845964386,yale_shiller_ie_data,http://www.econ.yale.edu/~shiller/data/ie_data.xls,0df9392b7dacf91f756e92c8db508ad903c4588b43f3253680eec3dd8b40db68,2026-06-01T09:02:10
1965-09-01,2026-06-01T09:02:10,1965-09-15,23.374146831648623,yale_shiller_ie_data,http://www.econ.yale.edu/~shiller/data/ie_data.xls,0df9392b7dacf91f756e92c8db508ad903c4588b43f3253680eec3dd8b40db68,2026-06-01T09:02:10
1965-10-01,2026-06-01T09:02:10,1965-10-15,23.775745523312686,yale_shiller_ie_data,http://www.econ.yale.edu/~shiller/data/ie_data.xls,0df9392b7dacf91f756e92c8db508ad903c4588b43f3253680eec3dd8b40db68,2026-06-01T09:02:10
1965-11-01,2026-06-01T09:02:10,1965-11-15,23.925461156673713,yale_shiller_ie_data,http://www.econ.yale.edu/~shiller/data/ie_data.xls,0df9392b7dacf91f756e92c8db508ad903c4588b43f3253680eec3dd8b40db68,2026-06-01T09:02:10
1965-12-01,2026-06-01T09:02:10,1965-12-15,23.69411154910632,yale_shiller_ie_data,http://www.econ.yale.edu/~shiller/data/ie_data.xls,0df9392b7dacf91f756e92c8db508ad903c4588b43f3253680eec3dd8b40db68,2026-06-01T09:02:10
1966-01-01,2026-06-01T09:02:10,1966-01-14,24.058483388421738,yale_shiller_ie_data,http://www.econ.yale.edu/~shiller/data/ie_data.xls,0df9392b7dacf91f756e92c8db508ad903c4588b43f3253680eec3dd8b40db68,2026-06-01T09:02:10
1966-02-01,2026-06-01T09:02:10,1966-02-15,23.700027145579394,yale_shiller_ie_data,http://www.econ.yale.edu/~shiller/data/ie_data.xls,0df9392b7dacf91f756e92c8db508ad903c4588b43f3253680eec3dd8b40db68,2026-06-01T09:02:10
1966-03-01,2026-06-01T09:02:10,1966-03-15,22.611112582289987,yale_shiller_ie_data,http://www.econ.yale.edu/~shiller/data/ie_data.xls,0df9392b7dacf91f756e92c8db508ad903c4588b43f3253680eec3dd8b40db68,2026-06-01T09:02:10
1966-04-01,2026-06-01T09:02:10,1966-04-15,23.113696462615827,yale_shiller_ie_data,http://www.econ.yale.edu/~shiller/data/ie_data.xls,0df9392b7dacf91f756e92c8db508ad903c4588b43f3253680eec3dd8b40db68,2026-06-01T09:02:10
1966-05-01,2026-06-01T09:02:10,1966-05-13,21.8521779767631,yale_shiller_ie_data,http://www.econ.yale.edu/~shiller/data/ie_data.xls,0df9392b7dacf91f756e92c8db508ad903c4588b43f3253680eec3dd8b40db68,2026-06-01T09:02:10
1966-06-01,2026-06-01T09:02:10,1966-06-15,21.555253383226255,yale_shiller_ie_data,http://www.econ.yale.edu/~shiller/data/ie_data.xls,0df9392b7dacf91f756e92c8db508ad903c4588b43f3253680eec3dd8b40db68,2026-06-01T09:02:10
1966-07-01,2026-06-01T09:02:10,1966-07-15,21.381702007433415,yale_shiller_ie_data,http://www.econ.yale.edu/~shiller/data/ie_data.xls,0df9392b7dacf91f756e92c8db508ad903c4588b43f3253680eec3dd8b40db68,2026-06-01T09:02:10
1966-08-01,2026-06-01T09:02:10,1966-08-15,19.913903864009807,yale_shiller_ie_data,http://www.econ.yale.edu/~shiller/data/ie_data.xls,0df9392b7dacf91f756e92c8db508ad903c4588b43f3253680eec3dd8b40db68,2026-06-01T09:02:10
1966-09-01,2026-06-01T09:02:10,1966-09-15,19.161676250615006,yale_shiller_ie_data,http://www.econ.yale.edu/~shiller/data/ie_data.xls,0df9392b7dacf91f756e92c8db508ad903c4588b43f3253680eec3dd8b40db68,2026-06-01T09:02:10
1966-10-01,2026-06-01T09:02:10,1966-10-14,18.825409371315676,yale_shiller_ie_data,http://www.econ.yale.edu/~shiller/data/ie_data.xls,0df9392b7dacf91f756e92c8db508ad903c4588b43f3253680eec3dd8b40db68,2026-06-01T09:02:10
1966-11-01,2026-06-01T09:02:10,1966-11-15,19.711251211928968,yale_shiller_ie_data,http://www.econ.yale.edu/~shiller/data/ie_data.xls,0df9392b7dacf91f756e92c8db508ad903c4588b43f3253680eec3dd8b40db68,2026-06-01T09:02:10
1966-12-01,2026-06-01T09:02:10,1966-12-15,19.736473752791966,yale_shiller_ie_data,http://www.econ.yale.edu/~shiller/data/ie_data.xls,0df9392b7dacf91f756e92c8db508ad903c4588b43f3253680eec3dd8b40db68,2026-06-01T09:02:10
1967-01-01,2026-06-01T09:02:10,1967-01-13,20.432242125384278,yale_shiller_ie_data,http://www.econ.yale.edu/~shiller/data/ie_data.xls,0df9392b7dacf91f756e92c8db508ad903c4588b43f3253680eec3dd8b40db68,2026-06-01T09:02:10
1967-02-01,2026-06-01T09:02:10,1967-02-15,21.074443163678435,yale_shiller_ie_data,http://www.econ.yale.edu/~shiller/data/ie_data.xls,0df9392b7dacf91f756e92c8db508ad903c4588b43f3253680eec3dd8b40db68,2026-06-01T09:02:10
1967-03-01,2026-06-01T09:02:10,1967-03-15,21.44389860201909,yale_shiller_ie_data,http://www.econ.yale.edu/~shiller/data/ie_data.xls,0df9392b7dacf91f756e92c8db508ad903c4588b43f3253680eec3dd8b40db68,2026-06-01T09:02:10
1967-04-01,2026-06-01T09:02:10,1967-04-14,21.68602556674624,yale_shiller_ie_data,http://www.econ.yale.edu/~shiller/data/ie_data.xls,0df9392b7dacf91f756e92c8db508ad903c4588b43f3253680eec3dd8b40db68,2026-06-01T09:02:10
1967-05-01,2026-06-01T09:02:10,1967-05-15,21.948477389658397,yale_shiller_ie_data,http://www.econ.yale.edu/~shiller/data/ie_data.xls,0df9392b7dacf91f756e92c8db508ad903c4588b43f3253680eec3dd8b40db68,2026-06-01T09:02:10
1967-06-01,2026-06-01T09:02:10,1967-06-15,21.552097609793478,yale_shiller_ie_data,http://www.econ.yale.edu/~shiller/data/ie_data.xls,0df9392b7dacf91f756e92c8db508ad903c4588b43f3253680eec3dd8b40db68,2026-06-01T09:02:10
1967-07-01,2026-06-01T09:02:10,1967-07-14,21.804196245666358,yale_shiller_ie_data,http://www.econ.yale.edu/~shiller/data/ie_data.xls,0df9392b7dacf91f756e92c8db508ad903c4588b43f3253680eec3dd8b40db68,2026-06-01T09:02:10
1967-08-01,2026-06-01T09:02:10,1967-08-15,22.03062704912601,yale_shiller_ie_data,http://www.econ.yale.edu/~shiller/data/ie_data.xls,0df9392b7dacf91f756e92c8db508ad903c4588b43f3253680eec3dd8b40db68,2026-06-01T09:02:10
1967-09-01,2026-06-01T09:02:10,1967-09-15,22.219145488664783,yale_shiller_ie_data,http://www.econ.yale.edu/~shiller/data/ie_data.xls,0df9392b7dacf91f756e92c8db508ad903c4588b43f3253680eec3dd8b40db68,2026-06-01T09:02:10
1967-10-01,2026-06-01T09:02:10,1967-10-13,22.068199194183883,yale_shiller_ie_data,http://www.econ.yale.edu/~shiller/data/ie_data.xls,0df9392b7dacf91f756e92c8db508ad903c4588b43f3253680eec3dd8b40db68,2026-06-01T09:02:10
1967-11-01,2026-06-01T09:02:10,1967-11-15,21.263102968336277,yale_shiller_ie_data,http://www.econ.yale.edu/~shiller/data/ie_data.xls,0df9392b7dacf91f756e92c8db508ad903c4588b43f3253680eec3dd8b40db68,2026-06-01T09:02:10
1967-12-01,2026-06-01T09:02:10,1967-12-15,21.751597808723627,yale_shiller_ie_data,http://www.econ.yale.edu/~shiller/data/ie_data.xls,0df9392b7dacf91f756e92c8db508ad903c4588b43f3253680eec3dd8b40db68,2026-06-01T09:02:10
1968-01-01,2026-06-01T09:02:10,1968-01-15,21.511535896332177,yale_shiller_ie_data,http://www.econ.yale.edu/~shiller/data/ie_data.xls,0df9392b7dacf91f756e92c8db508ad903c4588b43f3253680eec3dd8b40db68,2026-06-01T09:02:10
1968-02-01,2026-06-01T09:02:10,1968-02-15,20.424992376214224,yale_shiller_ie_data,http://www.econ.yale.edu/~shiller/data/ie_data.xls,0df9392b7dacf91f756e92c8db508ad903c4588b43f3253680eec3dd8b40db68,2026-06-01T09:02:10
1968-03-01,2026-06-01T09:02:10,1968-03-15,19.9347113082957,yale_shiller_ie_data,http://www.econ.yale.edu/~shiller/data/ie_data.xls,0df9392b7dacf91f756e92c8db508ad903c4588b43f3253680eec3dd8b40db68,2026-06-01T09:02:10
1968-04-01,2026-06-01T09:02:10,1968-04-15,21.277356015671742,yale_shiller_ie_data,http://www.econ.yale.edu/~shiller/data/ie_data.xls,0df9392b7dacf91f756e92c8db508ad903c4588b43f3253680eec3dd8b40db68,2026-06-01T09:02:10
1968-05-01,2026-06-01T09:02:10,1968-05-15,21.63022714277988,yale_shiller_ie_data,http://www.econ.yale.edu/~shiller/data/ie_data.xls,0df9392b7dacf91f756e92c8db508ad903c4588b43f3253680eec3dd8b40db68,2026-06-01T09:02:10
1968-06-01,2026-06-01T09:02:10,1968-06-14,22.004623431346534,yale_shiller_ie_data,http://www.econ.yale.edu/~shiller/data/ie_data.xls,0df9392b7dacf91f756e92c8db508ad903c4588b43f3253680eec3dd8b40db68,2026-06-01T09:02:10
1968-07-01,2026-06-01T09:02:10,1968-07-15,21.75353741567095,yale_shiller_ie_data,http://www.econ.yale.edu/~shiller/data/ie_data.xls,0df9392b7dacf91f756e92c8db508ad903c4588b43f3253680eec3dd8b40db68,2026-06-01T09:02:10
1968-08-01,2026-06-01T09:02:10,1968-08-15,21.13776679361786,yale_shiller_ie_data,http://www.econ.yale.edu/~shiller/data/ie_data.xls,0df9392b7dacf91f756e92c8db508ad903c4588b43f3253680eec3dd8b40db68,2026-06-01T09:02:10
1968-09-01,2026-06-01T09:02:10,1968-09-13,21.680275633292936,yale_shiller_ie_data,http://www.econ.yale.edu/~shiller/data/ie_data.xls,0df9392b7dacf91f756e92c8db508ad903c4588b43f3253680eec3dd8b40db68,2026-06-01T09:02:10
1968-10-01,2026-06-01T09:02:10,1968-10-15,22.00460692795689,yale_shiller_ie_data,http://www.econ.yale.edu/~shiller/data/ie_data.xls,0df9392b7dacf91f756e92c8db508ad903c4588b43f3253680eec3dd8b40db68,2026-06-01T09:02:10
1968-11-01,2026-06-01T09:02:10,1968-11-15,22.195529227158158,yale_shiller_ie_data,http://www.econ.yale.edu/~shiller/data/ie_data.xls,0df9392b7dacf91f756e92c8db508ad903c4588b43f3253680eec3dd8b40db68,2026-06-01T09:02:10
1968-12-01,2026-06-01T09:02:10,1968-12-13,22.277872995434887,yale_shiller_ie_data,http://www.econ.yale.edu/~shiller/data/ie_data.xls,0df9392b7dacf91f756e92c8db508ad903c4588b43f3253680eec3dd8b40db68,2026-06-01T09:02:10
1969-01-01,2026-06-01T09:02:10,1969-01-15,21.194968072847157,yale_shiller_ie_data,http://www.econ.yale.edu/~shiller/data/ie_data.xls,0df9392b7dacf91f756e92c8db508ad903c4588b43f3253680eec3dd8b40db68,2026-06-01T09:02:10
1969-02-01,2026-06-01T09:02:10,1969-02-14,20.89572990198724,yale_shiller_ie_data,http://www.econ.yale.edu/~shiller/data/ie_data.xls,0df9392b7dacf91f756e92c8db508ad903c4588b43f3253680eec3dd8b40db68,2026-06-01T09:02:10
1969-03-01,2026-06-01T09:02:10,1969-03-14,20.202287616481662,yale_shiller_ie_data,http://www.econ.yale.edu/~shiller/data/ie_data.xls,0df9392b7dacf91f756e92c8db508ad903c4588b43f3253680eec3dd8b40db68,2026-06-01T09:02:10
1969-04-01,2026-06-01T09:02:10,1969-04-15,20.42860808193216,yale_shiller_ie_data,http://www.econ.yale.edu/~shiller/data/ie_data.xls,0df9392b7dacf91f756e92c8db508ad903c4588b43f3253680eec3dd8b40db68,2026-06-01T09:02:10
1969-05-01,2026-06-01T09:02:10,1969-05-15,20.9722582719721,yale_shiller_ie_data,http://www.econ.yale.edu/~shiller/data/ie_data.xls,0df9392b7dacf91f756e92c8db508ad903c4588b43f3253680eec3dd8b40db68,2026-06-01T09:02:10
1969-06-01,2026-06-01T09:02:10,1969-06-13,19.713341583757636,yale_shiller_ie_data,http://www.econ.yale.edu/~shiller/data/ie_data.xls,0df9392b7dacf91f756e92c8db508ad903c4588b43f3253680eec3dd8b40db68,2026-06-01T09:02:10
1969-07-01,2026-06-01T09:02:10,1969-07-15,18.681708207192766,yale_shiller_ie_data,http://www.econ.yale.edu/~shiller/data/ie_data.xls,0df9392b7dacf91f756e92c8db508ad903c4588b43f3253680eec3dd8b40db68,2026-06-01T09:02:10
1969-08-01,2026-06-01T09:02:10,1969-08-15,18.42951559020775,yale_shiller_ie_data,http://www.econ.yale.edu/~shiller/data/ie_data.xls,0df9392b7dacf91f756e92c8db508ad903c4588b43f3253680eec3dd8b40db68,2026-06-01T09:02:10
1969-09-01,2026-06-01T09:02:10,1969-09-15,18.39804634467698,yale_shiller_ie_data,http://www.econ.yale.edu/~shiller/data/ie_data.xls,0df9392b7dacf91f756e92c8db508ad903c4588b43f3253680eec3dd8b40db68,2026-06-01T09:02:10
1969-10-01,2026-06-01T09:02:10,1969-10-15,18.448662031815367,yale_shiller_ie_data,http://www.econ.yale.edu/~shiller/data/ie_data.xls,0df9392b7dacf91f756e92c8db508ad903c4588b43f3253680eec3dd8b40db68,2026-06-01T09:02:10
1969-11-01,2026-06-01T09:02:10,1969-11-14,18.437760084691057,yale_shiller_ie_data,http://www.econ.yale.edu/~shiller/data/ie_data.xls,0df9392b7dacf91f756e92c8db508ad903c4588b43f3253680eec3dd8b40db68,2026-06-01T09:02:10
1969-12-01,2026-06-01T09:02:10,1969-12-15,17.3269299137427,yale_shiller_ie_data,http://www.econ.yale.edu/~shiller/data/ie_data.xls,0df9392b7dacf91f756e92c8db508ad903c4588b43f3253680eec3dd8b40db68,2026-06-01T09:02:10
1970-01-01,2026-06-01T09:02:10,1970-01-15,17.09054139514022,yale_shiller_ie_data,http://www.econ.yale.edu/~shiller/data/ie_data.xls,0df9392b7dacf91f756e92c8db508ad903c4588b43f3253680eec3dd8b40db68,2026-06-01T09:02:10
1970-02-01,2026-06-01T09:02:10,1970-02-13,16.372586787159864,yale_shiller_ie_data,http://www.econ.yale.edu/~shiller/data/ie_data.xls,0df9392b7dacf91f756e92c8db508ad903c4588b43f3253680eec3dd8b40db68,2026-06-01T09:02:10
1970-03-01,2026-06-01T09:02:10,1970-03-13,16.531690813943623,yale_shiller_ie_data,http://www.econ.yale.edu/~shiller/data/ie_data.xls,0df9392b7dacf91f756e92c8db508ad903c4588b43f3253680eec3dd8b40db68,2026-06-01T09:02:10
1970-04-01,2026-06-01T09:02:10,1970-04-15,15.873067819354068,yale_shiller_ie_data,http://www.econ.yale.edu/~shiller/data/ie_data.xls,0df9392b7dacf91f756e92c8db508ad903c4588b43f3253680eec3dd8b40db68,2026-06-01T09:02:10
1970-05-01,2026-06-01T09:02:10,1970-05-15,13.983836060789194,yale_shiller_ie_data,http://www.econ.yale.edu/~shiller/data/ie_data.xls,0df9392b7dacf91f756e92c8db508ad903c4588b43f3253680eec3dd8b40db68,2026-06-01T09:02:10
1970-06-01,2026-06-01T09:02:10,1970-06-15,13.799691797725185,yale_shiller_ie_data,http://www.econ.yale.edu/~shiller/data/ie_data.xls,0df9392b7dacf91f756e92c8db508ad903c4588b43f3253680eec3dd8b40db68,2026-06-01T09:02:10
1970-07-01,2026-06-01T09:02:10,1970-07-15,13.726499744359776,yale_shiller_ie_data,http://www.econ.yale.edu/~shiller/data/ie_data.xls,0df9392b7dacf91f756e92c8db508ad903c4588b43f3253680eec3dd8b40db68,2026-06-01T09:02:10
1970-08-01,2026-06-01T09:02:10,1970-08-14,14.100456516815452,yale_shiller_ie_data,http://www.econ.yale.edu/~shiller/data/ie_data.xls,0df9392b7dacf91f756e92c8db508ad903c4588b43f3253680eec3dd8b40db68,2026-06-01T09:02:10
1970-09-01,2026-06-01T09:02:10,1970-09-15,14.842661145242232,yale_shiller_ie_data,http://www.econ.yale.edu/~shiller/data/ie_data.xls,0df9392b7dacf91f756e92c8db508ad903c4588b43f3253680eec3dd8b40db68,2026-06-01T09:02:10
1970-10-01,2026-06-01T09:02:10,1970-10-15,15.064185404089631,yale_shiller_ie_data,http://www.econ.yale.edu/~shiller/data/ie_data.xls,0df9392b7dacf91f756e92c8db508ad903c4588b43f3253680eec3dd8b40db68,2026-06-01T09:02:10
1970-11-01,2026-06-01T09:02:10,1970-11-13,14.950761908791737,yale_shiller_ie_data,http://www.econ.yale.edu/~shiller/data/ie_data.xls,0df9392b7dacf91f756e92c8db508ad903c4588b43f3253680eec3dd8b40db68,2026-06-01T09:02:10
1970-12-01,2026-06-01T09:02:10,1970-12-15,15.873840687205748,yale_shiller_ie_data,http://www.econ.yale.edu/~shiller/data/ie_data.xls,0df9392b7dacf91f756e92c8db508ad903c4588b43f3253680eec3dd8b40db68,2026-06-01T09:02:10
1971-01-01,2026-06-01T09:02:10,1971-01-15,16.46179394349194,yale_shiller_ie_data,http://www.econ.yale.edu/~shiller/data/ie_data.xls,0df9392b7dacf91f756e92c8db508ad903c4588b43f3253680eec3dd8b40db68,2026-06-01T09:02:10
1971-02-01,2026-06-01T09:02:10,1971-02-15,17.03453478150213,yale_shiller_ie_data,http://www.econ.yale.edu/~shiller/data/ie_data.xls,0df9392b7dacf91f756e92c8db508ad903c4588b43f3253680eec3dd8b40db68,2026-06-01T09:02:10
1971-03-01,2026-06-01T09:02:10,1971-03-15,17.402902607188878,yale_shiller_ie_data,http://www.econ.yale.edu/~shiller/data/ie_data.xls,0df9392b7dacf91f756e92c8db508ad903c4588b43f3253680eec3dd8b40db68,2026-06-01T09:02:10
1971-04-01,2026-06-01T09:02:10,1971-04-15,17.92411044795961,yale_shiller_ie_data,http://www.econ.yale.edu/~shiller/data/ie_data.xls,0df9392b7dacf91f756e92c8db508ad903c4588b43f3253680eec3dd8b40db68,2026-06-01T09:02:10
1971-05-01,2026-06-01T09:02:10,1971-05-14,17.56415327969939,yale_shiller_ie_data,http://www.econ.yale.edu/~shiller/data/ie_data.xls,0df9392b7dacf91f756e92c8db508ad903c4588b43f3253680eec3dd8b40db68,2026-06-01T09:02:10
1971-06-01,2026-06-01T09:02:10,1971-06-15,17.08316688007071,yale_shiller_ie_data,http://www.econ.yale.edu/~shiller/data/ie_data.xls,0df9392b7dacf91f756e92c8db508ad903c4588b43f3253680eec3dd8b40db68,2026-06-01T09:02:10
1971-07-01,2026-06-01T09:02:10,1971-07-15,16.889414708693362,yale_shiller_ie_data,http://www.econ.yale.edu/~shiller/data/ie_data.xls,0df9392b7dacf91f756e92c8db508ad903c4588b43f3253680eec3dd8b40db68,2026-06-01T09:02:10
1971-08-01,2026-06-01T09:02:10,1971-08-13,16.519449443051574,yale_shiller_ie_data,http://www.econ.yale.edu/~shiller/data/ie_data.xls,0df9392b7dacf91f756e92c8db508ad903c4588b43f3253680eec3dd8b40db68,2026-06-01T09:02:10
1971-09-01,2026-06-01T09:02:10,1971-09-15,16.856792547836005,yale_shiller_ie_data,http://www.econ.yale.edu/~shiller/data/ie_data.xls,0df9392b7dacf91f756e92c8db508ad903c4588b43f3253680eec3dd8b40db68,2026-06-01T09:02:10
1971-10-01,2026-06-01T09:02:10,1971-10-15,16.42886270915948,yale_shiller_ie_data,http://www.econ.yale.edu/~shiller/data/ie_data.xls,0df9392b7dacf91f756e92c8db508ad903c4588b43f3253680eec3dd8b40db68,2026-06-01T09:02:10
1971-11-01,2026-06-01T09:02:10,1971-11-15,15.63871265432665,yale_shiller_ie_data,http://www.econ.yale.edu/~shiller/data/ie_data.xls,0df9392b7dacf91f756e92c8db508ad903c4588b43f3253680eec3dd8b40db68,2026-06-01T09:02:10
1971-12-01,2026-06-01T09:02:10,1971-12-15,16.60355721292534,yale_shiller_ie_data,http://www.econ.yale.edu/~shiller/data/ie_data.xls,0df9392b7dacf91f756e92c8db508ad903c4588b43f3253680eec3dd8b40db68,2026-06-01T09:02:10
1972-01-01,2026-06-01T09:02:10,1972-01-14,17.26299679703518,yale_shiller_ie_data,http://www.econ.yale.edu/~shiller/data/ie_data.xls,0df9392b7dacf91f756e92c8db508ad903c4588b43f3253680eec3dd8b40db68,2026-06-01T09:02:10
1972-02-01,2026-06-01T09:02:10,1972-02-15,17.464147605486176,yale_shiller_ie_data,http://www.econ.yale.edu/~shiller/data/ie_data.xls,0df9392b7dacf91f756e92c8db508ad903c4588b43f3253680eec3dd8b40db68,2026-06-01T09:02:10
1972-03-01,2026-06-01T09:02:10,1972-03-15,17.805643849614945,yale_shiller_ie_data,http://www.econ.yale.edu/~shiller/data/ie_data.xls,0df9392b7dacf91f756e92c8db508ad903c4588b43f3253680eec3dd8b40db68,2026-06-01T09:02:10
1972-04-01,2026-06-01T09:02:10,1972-04-14,17.915161678498304,yale_shiller_ie_data,http://www.econ.yale.edu/~shiller/data/ie_data.xls,0df9392b7dacf91f756e92c8db508ad903c4588b43f3253680eec3dd8b40db68,2026-06-01T09:02:10
1972-05-01,2026-06-01T09:02:10,1972-05-15,17.662646200372556,yale_shiller_ie_data,http://www.econ.yale.edu/~shiller/data/ie_data.xls,0df9392b7dacf91f756e92c8db508ad903c4588b43f3253680eec3dd8b40db68,2026-06-01T09:02:10
1972-06-01,2026-06-01T09:02:10,1972-06-15,17.640857315740256,yale_shiller_ie_data,http://www.econ.yale.edu/~shiller/data/ie_data.xls,0df9392b7dacf91f756e92c8db508ad903c4588b43f3253680eec3dd8b40db68,2026-06-01T09:02:10
1972-07-01,2026-06-01T09:02:10,1972-07-14,17.39869003113817,yale_shiller_ie_data,http://www.econ.yale.edu/~shiller/data/ie_data.xls,0df9392b7dacf91f756e92c8db508ad903c4588b43f3253680eec3dd8b40db68,2026-06-01T09:02:10
1972-08-01,2026-06-01T09:02:10,1972-08-15,17.943404688029805,yale_shiller_ie_data,http://www.econ.yale.edu/~shiller/data/ie_data.xls,0df9392b7dacf91f756e92c8db508ad903c4588b43f3253680eec3dd8b40db68,2026-06-01T09:02:10
1972-09-01,2026-06-01T09:02:10,1972-09-15,17.613854552912112,yale_shiller_ie_data,http://www.econ.yale.edu/~shiller/data/ie_data.xls,0df9392b7dacf91f756e92c8db508ad903c4588b43f3253680eec3dd8b40db68,2026-06-01T09:02:10
1972-10-01,2026-06-01T09:02:10,1972-10-13,17.53318385415856,yale_shiller_ie_data,http://www.econ.yale.edu/~shiller/data/ie_data.xls,0df9392b7dacf91f756e92c8db508ad903c4588b43f3253680eec3dd8b40db68,2026-06-01T09:02:10
1972-11-01,2026-06-01T09:02:10,1972-11-15,18.338894714968063,yale_shiller_ie_data,http://www.econ.yale.edu/~shiller/data/ie_data.xls,0df9392b7dacf91f756e92c8db508ad903c4588b43f3253680eec3dd8b40db68,2026-06-01T09:02:10
1972-12-01,2026-06-01T09:02:10,1972-12-15,18.645719442073684,yale_shiller_ie_data,http://www.econ.yale.edu/~shiller/data/ie_data.xls,0df9392b7dacf91f756e92c8db508ad903c4588b43f3253680eec3dd8b40db68,2026-06-01T09:02:10
1973-01-01,2026-06-01T09:02:10,1973-01-15,18.712530467302436,yale_shiller_ie_data,http://www.econ.yale.edu/~shiller/data/ie_data.xls,0df9392b7dacf91f756e92c8db508ad903c4588b43f3253680eec3dd8b40db68,2026-06-01T09:02:10
1973-02-01,2026-06-01T09:02:10,1973-02-15,17.889889599193758,yale_shiller_ie_data,http://www.econ.yale.edu/~shiller/data/ie_data.xls,0df9392b7dacf91f756e92c8db508ad903c4588b43f3253680eec3dd8b40db68,2026-06-01T09:02:10
1973-03-01,2026-06-01T09:02:10,1973-03-15,17.41214205829034,yale_shiller_ie_data,http://www.econ.yale.edu/~shiller/data/ie_data.xls,0df9392b7dacf91f756e92c8db508ad903c4588b43f3253680eec3dd8b40db68,2026-06-01T09:02:10
1973-04-01,2026-06-01T09:02:10,1973-04-13,16.935740066050826,yale_shiller_ie_data,http://www.econ.yale.edu/~shiller/data/ie_data.xls,0df9392b7dacf91f756e92c8db508ad903c4588b43f3253680eec3dd8b40db68,2026-06-01T09:02:10
1973-05-01,2026-06-01T09:02:10,1973-05-15,16.314338759668573,yale_shiller_ie_data,http://www.econ.yale.edu/~shiller/data/ie_data.xls,0df9392b7dacf91f756e92c8db508ad903c4588b43f3253680eec3dd8b40db68,2026-06-01T09:02:10
1973-06-01,2026-06-01T09:02:10,1973-06-15,15.808323047681984,yale_shiller_ie_data,http://www.econ.yale.edu/~shiller/data/ie_data.xls,0df9392b7dacf91f756e92c8db508ad903c4588b43f3253680eec3dd8b40db68,2026-06-01T09:02:10
1973-07-01,2026-06-01T09:02:10,1973-07-13,15.889518573988786,yale_shiller_ie_data,http://www.econ.yale.edu/~shiller/data/ie_data.xls,0df9392b7dacf91f756e92c8db508ad903c4588b43f3253680eec3dd8b40db68,2026-06-01T09:02:10
1973-08-01,2026-06-01T09:02:10,1973-08-15,15.278501094706124,yale_shiller_ie_data,http://www.econ.yale.edu/~shiller/data/ie_data.xls,0df9392b7dacf91f756e92c8db508ad903c4588b43f3253680eec3dd8b40db68,2026-06-01T09:02:10
1973-09-01,2026-06-01T09:02:10,1973-09-14,15.475308601805564,yale_shiller_ie_data,http://www.econ.yale.edu/~shiller/data/ie_data.xls,0df9392b7dacf91f756e92c8db508ad903c4588b43f3253680eec3dd8b40db68,2026-06-01T09:02:10
1973-10-01,2026-06-01T09:02:10,1973-10-15,15.913516308933389,yale_shiller_ie_data,http://www.econ.yale.edu/~shiller/data/ie_data.xls,0df9392b7dacf91f756e92c8db508ad903c4588b43f3253680eec3dd8b40db68,2026-06-01T09:02:10
1973-11-01,2026-06-01T09:02:10,1973-11-15,14.651845159710572,yale_shiller_ie_data,http://www.econ.yale.edu/~shiller/data/ie_data.xls,0df9392b7dacf91f756e92c8db508ad903c4588b43f3253680eec3dd8b40db68,2026-06-01T09:02:10
1973-12-01,2026-06-01T09:02:10,1973-12-14,13.493329686205888,yale_shiller_ie_data,http://www.econ.yale.edu/~shiller/data/ie_data.xls,0df9392b7dacf91f756e92c8db508ad903c4588b43f3253680eec3dd8b40db68,2026-06-01T09:02:10
1974-01-01,2026-06-01T09:02:10,1974-01-15,13.530721892513949,yale_shiller_ie_data,http://www.econ.yale.edu/~shiller/data/ie_data.xls,0df9392b7dacf91f756e92c8db508ad903c4588b43f3253680eec3dd8b40db68,2026-06-01T09:02:10
1974-02-01,2026-06-01T09:02:10,1974-02-15,12.957321280205388,yale_shiller_ie_data,http://www.econ.yale.edu/~shiller/data/ie_data.xls,0df9392b7dacf91f756e92c8db508ad903c4588b43f3253680eec3dd8b40db68,2026-06-01T09:02:10
1974-03-01,2026-06-01T09:02:10,1974-03-15,13.310364239140162,yale_shiller_ie_data,http://www.econ.yale.edu/~shiller/data/ie_data.xls,0df9392b7dacf91f756e92c8db508ad903c4588b43f3253680eec3dd8b40db68,2026-06-01T09:02:10
1974-04-01,2026-06-01T09:02:10,1974-04-15,12.550411048540905,yale_shiller_ie_data,http://www.econ.yale.edu/~shiller/data/ie_data.xls,0df9392b7dacf91f756e92c8db508ad903c4588b43f3253680eec3dd8b40db68,2026-06-01T09:02:10
1974-05-01,2026-06-01T09:02:10,1974-05-15,11.99543694732966,yale_shiller_ie_data,http://www.econ.yale.edu/~shiller/data/ie_data.xls,0df9392b7dacf91f756e92c8db508ad903c4588b43f3253680eec3dd8b40db68,2026-06-01T09:02:10
1974-06-01,2026-06-01T09:02:10,1974-06-14,11.888498820078999,yale_shiller_ie_data,http://www.econ.yale.edu/~shiller/data/ie_data.xls,0df9392b7dacf91f756e92c8db508ad903c4588b43f3253680eec3dd8b40db68,2026-06-01T09:02:10
1974-07-01,2026-06-01T09:02:10,1974-07-15,10.39414180532705,yale_shiller_ie_data,http://www.econ.yale.edu/~shiller/data/ie_data.xls,0df9392b7dacf91f756e92c8db508ad903c4588b43f3253680eec3dd8b40db68,2026-06-01T09:02:10
1974-08-01,2026-06-01T09:02:10,1974-08-15,9.824195723141194,yale_shiller_ie_data,http://www.econ.yale.edu/~shiller/data/ie_data.xls,0df9392b7dacf91f756e92c8db508ad903c4588b43f3253680eec3dd8b40db68,2026-06-01T09:02:10
1974-09-01,2026-06-01T09:02:10,1974-09-13,8.680421305646334,yale_shiller_ie_data,http://www.econ.yale.edu/~shiller/data/ie_data.xls,0df9392b7dacf91f756e92c8db508ad903c4588b43f3253680eec3dd8b40db68,2026-06-01T09:02:10
1974-10-01,2026-06-01T09:02:10,1974-10-15,8.744983833809584,yale_shiller_ie_data,http://www.econ.yale.edu/~shiller/data/ie_data.xls,0df9392b7dacf91f756e92c8db508ad903c4588b43f3253680eec3dd8b40db68,2026-06-01T09:02:10
1974-11-01,2026-06-01T09:02:10,1974-11-15,8.948984512755604,yale_shiller_ie_data,http://www.econ.yale.edu/~shiller/data/ie_data.xls,0df9392b7dacf91f756e92c8db508ad903c4588b43f3253680eec3dd8b40db68,2026-06-01T09:02:10
1974-12-01,2026-06-01T09:02:10,1974-12-13,8.289060055923082,yale_shiller_ie_data,http://www.econ.yale.edu/~shiller/data/ie_data.xls,0df9392b7dacf91f756e92c8db508ad903c4588b43f3253680eec3dd8b40db68,2026-06-01T09:02:10
1975-01-01,2026-06-01T09:02:10,1975-01-15,8.920995508404248,yale_shiller_ie_data,http://www.econ.yale.edu/~shiller/data/ie_data.xls,0df9392b7dacf91f756e92c8db508ad903c4588b43f3253680eec3dd8b40db68,2026-06-01T09:02:10
1975-02-01,2026-06-01T09:02:10,1975-02-14,9.762246716166471,yale_shiller_ie_data,http://www.econ.yale.edu/~shiller/data/ie_data.xls,0df9392b7dacf91f756e92c8db508ad903c4588b43f3253680eec3dd8b40db68,2026-06-01T09:02:10
1975-03-01,2026-06-01T09:02:10,1975-03-14,10.163796767444035,yale_shiller_ie_data,http://www.econ.yale.edu/~shiller/data/ie_data.xls,0df9392b7dacf91f756e92c8db508ad903c4588b43f3253680eec3dd8b40db68,2026-06-01T09:02:10
1975-04-01,2026-06-01T09:02:10,1975-04-15,10.23307613660592,yale_shiller_ie_data,http://www.econ.yale.edu/~shiller/data/ie_data.xls,0df9392b7dacf91f756e92c8db508ad903c4588b43f3253680eec3dd8b40db68,2026-06-01T09:02:10
1975-05-01,2026-06-01T09:02:10,1975-05-15,10.81813911933581,yale_shiller_ie_data,http://www.econ.yale.edu/~shiller/data/ie_data.xls,0df9392b7dacf91f756e92c8db508ad903c4588b43f3253680eec3dd8b40db68,2026-06-01T09:02:10
1975-06-01,2026-06-01T09:02:10,1975-06-13,11.011354609247661,yale_shiller_ie_data,http://www.econ.yale.edu/~shiller/data/ie_data.xls,0df9392b7dacf91f756e92c8db508ad903c4588b43f3253680eec3dd8b40db68,2026-06-01T09:02:10
1975-07-01,2026-06-01T09:02:10,1975-07-15,10.902767048238575,yale_shiller_ie_data,http://www.econ.yale.edu/~shiller/data/ie_data.xls,0df9392b7dacf91f756e92c8db508ad903c4588b43f3253680eec3dd8b40db68,2026-06-01T09:02:10
1975-08-01,2026-06-01T09:02:10,1975-08-15,10.089769593328016,yale_shiller_ie_data,http://www.econ.yale.edu/~shiller/data/ie_data.xls,0df9392b7dacf91f756e92c8db508ad903c4588b43f3253680eec3dd8b40db68,2026-06-01T09:02:10
1975-09-01,2026-06-01T09:02:10,1975-09-15,9.918905356559423,yale_shiller_ie_data,http://www.econ.yale.edu/~shiller/data/ie_data.xls,0df9392b7dacf91f756e92c8db508ad903c4588b43f3253680eec3dd8b40db68,2026-06-01T09:02:10
1975-10-01,2026-06-01T09:02:10,1975-10-15,10.327599777501112,yale_shiller_ie_data,http://www.econ.yale.edu/~shiller/data/ie_data.xls,0df9392b7dacf91f756e92c8db508ad903c4588b43f3253680eec3dd8b40db68,2026-06-01T09:02:10
1975-11-01,2026-06-01T09:02:10,1975-11-14,10.435859457947897,yale_shiller_ie_data,http://www.econ.yale.edu/~shiller/data/ie_data.xls,0df9392b7dacf91f756e92c8db508ad903c4588b43f3253680eec3dd8b40db68,2026-06-01T09:02:10
1975-12-01,2026-06-01T09:02:10,1975-12-15,10.250368416256839,yale_shiller_ie_data,http://www.econ.yale.edu/~shiller/data/ie_data.xls,0df9392b7dacf91f756e92c8db508ad903c4588b43f3253680eec3dd8b40db68,2026-06-01T09:02:10
1976-01-01,2026-06-01T09:02:10,1976-01-15,11.18505136262215,yale_shiller_ie_data,http://www.econ.yale.edu/~shiller/data/ie_data.xls,0df9392b7dacf91f756e92c8db508ad903c4588b43f3253680eec3dd8b40db68,2026-06-01T09:02:10
1976-02-01,2026-06-01T09:02:10,1976-02-13,11.586092994449693,yale_shiller_ie_data,http://www.econ.yale.edu/~shiller/data/ie_data.xls,0df9392b7dacf91f756e92c8db508ad903c4588b43f3253680eec3dd8b40db68,2026-06-01T09:02:10
1976-03-01,2026-06-01T09:02:10,1976-03-15,11.631754403566513,yale_shiller_ie_data,http://www.econ.yale.edu/~shiller/data/ie_data.xls,0df9392b7dacf91f756e92c8db508ad903c4588b43f3253680eec3dd8b40db68,2026-06-01T09:02:10
1976-04-01,2026-06-01T09:02:10,1976-04-15,11.68916413220637,yale_shiller_ie_data,http://www.econ.yale.edu/~shiller/data/ie_data.xls,0df9392b7dacf91f756e92c8db508ad903c4588b43f3253680eec3dd8b40db68,2026-06-01T09:02:10
1976-05-01,2026-06-01T09:02:10,1976-05-14,11.532053585609427,yale_shiller_ie_data,http://www.econ.yale.edu/~shiller/data/ie_data.xls,0df9392b7dacf91f756e92c8db508ad903c4588b43f3253680eec3dd8b40db68,2026-06-01T09:02:10
1976-06-01,2026-06-01T09:02:10,1976-06-15,11.543841631417108,yale_shiller_ie_data,http://www.econ.yale.edu/~shiller/data/ie_data.xls,0df9392b7dacf91f756e92c8db508ad903c4588b43f3253680eec3dd8b40db68,2026-06-01T09:02:10
1976-07-01,2026-06-01T09:02:10,1976-07-15,11.75749048868991,yale_shiller_ie_data,http://www.econ.yale.edu/~shiller/data/ie_data.xls,0df9392b7dacf91f756e92c8db508ad903c4588b43f3253680eec3dd8b40db68,2026-06-01T09:02:10
1976-08-01,2026-06-01T09:02:10,1976-08-13,11.597986002509254,yale_shiller_ie_data,http://www.econ.yale.edu/~shiller/data/ie_data.xls,0df9392b7dacf91f756e92c8db508ad903c4588b43f3253680eec3dd8b40db68,2026-06-01T09:02:10
1976-09-01,2026-06-01T09:02:10,1976-09-15,11.805990949539794,yale_shiller_ie_data,http://www.econ.yale.edu/~shiller/data/ie_data.xls,0df9392b7dacf91f756e92c8db508ad903c4588b43f3253680eec3dd8b40db68,2026-06-01T09:02:10
1976-10-01,2026-06-01T09:02:10,1976-10-15,11.345696136316702,yale_shiller_ie_data,http://www.econ.yale.edu/~shiller/data/ie_data.xls,0df9392b7dacf91f756e92c8db508ad903c4588b43f3253680eec3dd8b40db68,2026-06-01T09:02:10
1976-11-01,2026-06-01T09:02:10,1976-11-15,11.248855860507968,yale_shiller_ie_data,http://www.econ.yale.edu/~shiller/data/ie_data.xls,0df9392b7dacf91f756e92c8db508ad903c4588b43f3253680eec3dd8b40db68,2026-06-01T09:02:10
1976-12-01,2026-06-01T09:02:10,1976-12-15,11.597589726582946,yale_shiller_ie_data,http://www.econ.yale.edu/~shiller/data/ie_data.xls,0df9392b7dacf91f756e92c8db508ad903c4588b43f3253680eec3dd8b40db68,2026-06-01T09:02:10
1977-01-01,2026-06-01T09:02:10,1977-01-14,11.437961346787558,yale_shiller_ie_data,http://www.econ.yale.edu/~shiller/data/ie_data.xls,0df9392b7dacf91f756e92c8db508ad903c4588b43f3253680eec3dd8b40db68,2026-06-01T09:02:10
1977-02-01,2026-06-01T09:02:10,1977-02-15,11.014841854222778,yale_shiller_ie_data,http://www.econ.yale.edu/~shiller/data/ie_data.xls,0df9392b7dacf91f756e92c8db508ad903c4588b43f3253680eec3dd8b40db68,2026-06-01T09:02:10
1977-03-01,2026-06-01T09:02:10,1977-03-15,10.895746511662741,yale_shiller_ie_data,http://www.econ.yale.edu/~shiller/data/ie_data.xls,0df9392b7dacf91f756e92c8db508ad903c4588b43f3253680eec3dd8b40db68,2026-06-01T09:02:10
1977-04-01,2026-06-01T09:02:10,1977-04-15,10.63603740914136,yale_shiller_ie_data,http://www.econ.yale.edu/~shiller/data/ie_data.xls,0df9392b7dacf91f756e92c8db508ad903c4588b43f3253680eec3dd8b40db68,2026-06-01T09:02:10
1977-05-01,2026-06-01T09:02:10,1977-05-13,10.548486693556999,yale_shiller_ie_data,http://www.econ.yale.edu/~shiller/data/ie_data.xls,0df9392b7dacf91f756e92c8db508ad903c4588b43f3253680eec3dd8b40db68,2026-06-01T09:02:10
1977-06-01,2026-06-01T09:02:10,1977-06-15,10.530023959090757,yale_shiller_ie_data,http://www.econ.yale.edu/~shiller/data/ie_data.xls,0df9392b7dacf91f756e92c8db508ad903c4588b43f3253680eec3dd8b40db68,2026-06-01T09:02:10
1977-07-01,2026-06-01T09:02:10,1977-07-15,10.567692447775407,yale_shiller_ie_data,http://www.econ.yale.edu/~shiller/data/ie_data.xls,0df9392b7dacf91f756e92c8db508ad903c4588b43f3253680eec3dd8b40db68,2026-06-01T09:02:10
1977-08-01,2026-06-01T09:02:10,1977-08-15,10.268385666710998,yale_shiller_ie_data,http://www.econ.yale.edu/~shiller/data/ie_data.xls,0df9392b7dacf91f756e92c8db508ad903c4588b43f3253680eec3dd8b40db68,2026-06-01T09:02:10
1977-09-01,2026-06-01T09:02:10,1977-09-15,10.067742820070704,yale_shiller_ie_data,http://www.econ.yale.edu/~shiller/data/ie_data.xls,0df9392b7dacf91f756e92c8db508ad903c4588b43f3253680eec3dd8b40db68,2026-06-01T09:02:10
1977-10-01,2026-06-01T09:02:10,1977-10-14,9.766666299556547,yale_shiller_ie_data,http://www.econ.yale.edu/~shiller/data/ie_data.xls,0df9392b7dacf91f756e92c8db508ad903c4588b43f3253680eec3dd8b40db68,2026-06-01T09:02:10
1977-11-01,2026-06-01T09:02:10,1977-11-15,9.766299983660199,yale_shiller_ie_data,http://www.econ.yale.edu/~shiller/data/ie_data.xls,0df9392b7dacf91f756e92c8db508ad903c4588b43f3253680eec3dd8b40db68,2026-06-01T09:02:10
1977-12-01,2026-06-01T09:02:10,1977-12-15,9.67826658253592,yale_shiller_ie_data,http://www.econ.yale.edu/~shiller/data/ie_data.xls,0df9392b7dacf91f756e92c8db508ad903c4588b43f3253680eec3dd8b40db68,2026-06-01T09:02:10
1978-01-01,2026-06-01T09:02:10,1978-01-13,9.241462260934691,yale_shiller_ie_data,http://www.econ.yale.edu/~shiller/data/ie_data.xls,0df9392b7dacf91f756e92c8db508ad903c4588b43f3253680eec3dd8b40db68,2026-06-01T09:02:10
1978-02-01,2026-06-01T09:02:10,1978-02-15,9.045263570704742,yale_shiller_ie_data,http://www.econ.yale.edu/~shiller/data/ie_data.xls,0df9392b7dacf91f756e92c8db508ad903c4588b43f3253680eec3dd8b40db68,2026-06-01T09:02:10
1978-03-01,2026-06-01T09:02:10,1978-03-15,8.950420077633895,yale_shiller_ie_data,http://www.econ.yale.edu/~shiller/data/ie_data.xls,0df9392b7dacf91f756e92c8db508ad903c4588b43f3253680eec3dd8b40db68,2026-06-01T09:02:10
1978-04-01,2026-06-01T09:02:10,1978-04-14,9.262588720866848,yale_shiller_ie_data,http://www.econ.yale.edu/~shiller/data/ie_data.xls,0df9392b7dacf91f756e92c8db508ad903c4588b43f3253680eec3dd8b40db68,2026-06-01T09:02:10
1978-05-01,2026-06-01T09:02:10,1978-05-15,9.63491072859845,yale_shiller_ie_data,http://www.econ.yale.edu/~shiller/data/ie_data.xls,0df9392b7dacf91f756e92c8db508ad903c4588b43f3253680eec3dd8b40db68,2026-06-01T09:02:10
1978-06-01,2026-06-01T09:02:10,1978-06-15,9.549678981041739,yale_shiller_ie_data,http://www.econ.yale.edu/~shiller/data/ie_data.xls,0df9392b7dacf91f756e92c8db508ad903c4588b43f3253680eec3dd8b40db68,2026-06-01T09:02:10
1978-07-01,2026-06-01T09:02:10,1978-07-14,9.425524047787361,yale_shiller_ie_data,http://www.econ.yale.edu/~shiller/data/ie_data.xls,0df9392b7dacf91f756e92c8db508ad903c4588b43f3253680eec3dd8b40db68,2026-06-01T09:02:10
1978-08-01,2026-06-01T09:02:10,1978-08-15,10.023970854003752,yale_shiller_ie_data,http://www.econ.yale.edu/~shiller/data/ie_data.xls,0df9392b7dacf91f756e92c8db508ad903c4588b43f3253680eec3dd8b40db68,2026-06-01T09:02:10
1978-09-01,2026-06-01T09:02:10,1978-09-15,9.941887473004407,yale_shiller_ie_data,http://www.econ.yale.edu/~shiller/data/ie_data.xls,0df9392b7dacf91f756e92c8db508ad903c4588b43f3253680eec3dd8b40db68,2026-06-01T09:02:10
1978-10-01,2026-06-01T09:02:10,1978-10-13,9.533608358208832,yale_shiller_ie_data,http://www.econ.yale.edu/~shiller/data/ie_data.xls,0df9392b7dacf91f756e92c8db508ad903c4588b43f3253680eec3dd8b40db68,2026-06-01T09:02:10
1978-11-01,2026-06-01T09:02:10,1978-11-15,8.92841890229315,yale_shiller_ie_data,http://www.econ.yale.edu/~shiller/data/ie_data.xls,0df9392b7dacf91f756e92c8db508ad903c4588b43f3253680eec3dd8b40db68,2026-06-01T09:02:10
1978-12-01,2026-06-01T09:02:10,1978-12-15,9.011941819133828,yale_shiller_ie_data,http://www.econ.yale.edu/~shiller/data/ie_data.xls,0df9392b7dacf91f756e92c8db508ad903c4588b43f3253680eec3dd8b40db68,2026-06-01T09:02:10
1979-01-01,2026-06-01T09:02:10,1979-01-15,9.25763691913997,yale_shiller_ie_data,http://www.econ.yale.edu/~shiller/data/ie_data.xls,0df9392b7dacf91f756e92c8db508ad903c4588b43f3253680eec3dd8b40db68,2026-06-01T09:02:10
1979-02-01,2026-06-01T09:02:10,1979-02-15,9.003740371045632,yale_shiller_ie_data,http://www.econ.yale.edu/~shiller/data/ie_data.xls,0df9392b7dacf91f756e92c8db508ad903c4588b43f3253680eec3dd8b40db68,2026-06-01T09:02:10
1979-03-01,2026-06-01T09:02:10,1979-03-15,9.070785029660762,yale_shiller_ie_data,http://www.econ.yale.edu/~shiller/data/ie_data.xls,0df9392b7dacf91f756e92c8db508ad903c4588b43f3253680eec3dd8b40db68,2026-06-01T09:02:10
1979-04-01,2026-06-01T09:02:10,1979-04-13,9.133063566217412,yale_shiller_ie_data,http://www.econ.yale.edu/~shiller/data/ie_data.xls,0df9392b7dacf91f756e92c8db508ad903c4588b43f3253680eec3dd8b40db68,2026-06-01T09:02:10
1979-05-01,2026-06-01T09:02:10,1979-05-15,8.794383289814954,yale_shiller_ie_data,http://www.econ.yale.edu/~shiller/data/ie_data.xls,0df9392b7dacf91f756e92c8db508ad903c4588b43f3253680eec3dd8b40db68,2026-06-01T09:02:10
1979-06-01,2026-06-01T09:02:10,1979-06-15,8.85393776469395,yale_shiller_ie_data,http://www.econ.yale.edu/~shiller/data/ie_data.xls,0df9392b7dacf91f756e92c8db508ad903c4588b43f3253680eec3dd8b40db68,2026-06-01T09:02:10
1979-07-01,2026-06-01T09:02:10,1979-07-13,8.827498045542361,yale_shiller_ie_data,http://www.econ.yale.edu/~shiller/data/ie_data.xls,0df9392b7dacf91f756e92c8db508ad903c4588b43f3253680eec3dd8b40db68,2026-06-01T09:02:10
1979-08-01,2026-06-01T09:02:10,1979-08-15,9.127165797215032,yale_shiller_ie_data,http://www.econ.yale.edu/~shiller/data/ie_data.xls,0df9392b7dacf91f756e92c8db508ad903c4588b43f3253680eec3dd8b40db68,2026-06-01T09:02:10
1979-09-01,2026-06-01T09:02:10,1979-09-14,9.112758990740955,yale_shiller_ie_data,http://www.econ.yale.edu/~shiller/data/ie_data.xls,0df9392b7dacf91f756e92c8db508ad903c4588b43f3253680eec3dd8b40db68,2026-06-01T09:02:10
1979-10-01,2026-06-01T09:02:10,1979-10-15,8.68184330689931,yale_shiller_ie_data,http://www.econ.yale.edu/~shiller/data/ie_data.xls,0df9392b7dacf91f756e92c8db508ad903c4588b43f3253680eec3dd8b40db68,2026-06-01T09:02:10
1979-11-01,2026-06-01T09:02:10,1979-11-15,8.518784302983555,yale_shiller_ie_data,http://www.econ.yale.edu/~shiller/data/ie_data.xls,0df9392b7dacf91f756e92c8db508ad903c4588b43f3253680eec3dd8b40db68,2026-06-01T09:02:10
1979-12-01,2026-06-01T09:02:10,1979-12-14,8.745204404669291,yale_shiller_ie_data,http://www.econ.yale.edu/~shiller/data/ie_data.xls,0df9392b7dacf91f756e92c8db508ad903c4588b43f3253680eec3dd8b40db68,2026-06-01T09:02:10
1980-01-01,2026-06-01T09:02:10,1980-01-15,8.850934180729109,yale_shiller_ie_data,http://www.econ.yale.edu/~shiller/data/ie_data.xls,0df9392b7dacf91f756e92c8db508ad903c4588b43f3253680eec3dd8b40db68,2026-06-01T09:02:10
1980-02-01,2026-06-01T09:02:10,1980-02-15,9.054476092192516,yale_shiller_ie_data,http://www.econ.yale.edu/~shiller/data/ie_data.xls,0df9392b7dacf91f756e92c8db508ad903c4588b43f3253680eec3dd8b40db68,2026-06-01T09:02:10
1980-03-01,2026-06-01T09:02:10,1980-03-14,8.081150900785497,yale_shiller_ie_data,http://www.econ.yale.edu/~shiller/data/ie_data.xls,0df9392b7dacf91f756e92c8db508ad903c4588b43f3253680eec3dd8b40db68,2026-06-01T09:02:10
1980-04-01,2026-06-01T09:02:10,1980-04-15,7.844024504719218,yale_shiller_ie_data,http://www.econ.yale.edu/~shiller/data/ie_data.xls,0df9392b7dacf91f756e92c8db508ad903c4588b43f3253680eec3dd8b40db68,2026-06-01T09:02:10
1980-05-01,2026-06-01T09:02:10,1980-05-15,8.104225807176494,yale_shiller_ie_data,http://www.econ.yale.edu/~shiller/data/ie_data.xls,0df9392b7dacf91f756e92c8db508ad903c4588b43f3253680eec3dd8b40db68,2026-06-01T09:02:10
1980-06-01,2026-06-01T09:02:10,1980-06-13,8.512077962306742,yale_shiller_ie_data,http://www.econ.yale.edu/~shiller/data/ie_data.xls,0df9392b7dacf91f756e92c8db508ad903c4588b43f3253680eec3dd8b40db68,2026-06-01T09:02:10
1980-07-01,2026-06-01T09:02:10,1980-07-15,8.880865527295843,yale_shiller_ie_data,http://www.econ.yale.edu/~shiller/data/ie_data.xls,0df9392b7dacf91f756e92c8db508ad903c4588b43f3253680eec3dd8b40db68,2026-06-01T09:02:10
1980-08-01,2026-06-01T09:02:10,1980-08-15,9.07100598161838,yale_shiller_ie_data,http://www.econ.yale.edu/~shiller/data/ie_data.xls,0df9392b7dacf91f756e92c8db508ad903c4588b43f3253680eec3dd8b40db68,2026-06-01T09:02:10
1980-09-01,2026-06-01T09:02:10,1980-09-15,9.196040131743239,yale_shiller_ie_data,http://www.econ.yale.edu/~shiller/data/ie_data.xls,0df9392b7dacf91f756e92c8db508ad903c4588b43f3253680eec3dd8b40db68,2026-06-01T09:02:10
1980-10-01,2026-06-01T09:02:10,1980-10-15,9.357841046757112,yale_shiller_ie_data,http://www.econ.yale.edu/~shiller/data/ie_data.xls,0df9392b7dacf91f756e92c8db508ad903c4588b43f3253680eec3dd8b40db68,2026-06-01T09:02:10
1980-11-01,2026-06-01T09:02:10,1980-11-14,9.654043663233388,yale_shiller_ie_data,http://www.econ.yale.edu/~shiller/data/ie_data.xls,0df9392b7dacf91f756e92c8db508ad903c4588b43f3253680eec3dd8b40db68,2026-06-01T09:02:10
1980-12-01,2026-06-01T09:02:10,1980-12-15,9.389902084921742,yale_shiller_ie_data,http://www.econ.yale.edu/~shiller/data/ie_data.xls,0df9392b7dacf91f756e92c8db508ad903c4588b43f3253680eec3dd8b40db68,2026-06-01T09:02:10
1981-01-01,2026-06-01T09:02:10,1981-01-15,9.259404530877953,yale_shiller_ie_data,http://www.econ.yale.edu/~shiller/data/ie_data.xls,0df9392b7dacf91f756e92c8db508ad903c4588b43f3253680eec3dd8b40db68,2026-06-01T09:02:10
1981-02-01,2026-06-01T09:02:10,1981-02-13,8.829899353831305,yale_shiller_ie_data,http://www.econ.yale.edu/~shiller/data/ie_data.xls,0df9392b7dacf91f756e92c8db508ad903c4588b43f3253680eec3dd8b40db68,2026-06-01T09:02:10
1981-03-01,2026-06-01T09:02:10,1981-03-13,9.081096883854622,yale_shiller_ie_data,http://www.econ.yale.edu/~shiller/data/ie_data.xls,0df9392b7dacf91f756e92c8db508ad903c4588b43f3253680eec3dd8b40db68,2026-06-01T09:02:10
1981-04-01,2026-06-01T09:02:10,1981-04-15,9.08556123078874,yale_shiller_ie_data,http://www.econ.yale.edu/~shiller/data/ie_data.xls,0df9392b7dacf91f756e92c8db508ad903c4588b43f3253680eec3dd8b40db68,2026-06-01T09:02:10
1981-05-01,2026-06-01T09:02:10,1981-05-15,8.818483466548065,yale_shiller_ie_data,http://www.econ.yale.edu/~shiller/data/ie_data.xls,0df9392b7dacf91f756e92c8db508ad903c4588b43f3253680eec3dd8b40db68,2026-06-01T09:02:10
1981-06-01,2026-06-01T09:02:10,1981-06-15,8.765340744304927,yale_shiller_ie_data,http://www.econ.yale.edu/~shiller/data/ie_data.xls,0df9392b7dacf91f756e92c8db508ad903c4588b43f3253680eec3dd8b40db68,2026-06-01T09:02:10
1981-07-01,2026-06-01T09:02:10,1981-07-15,8.44531946787551,yale_shiller_ie_data,http://www.econ.yale.edu/~shiller/data/ie_data.xls,0df9392b7dacf91f756e92c8db508ad903c4588b43f3253680eec3dd8b40db68,2026-06-01T09:02:10
1981-08-01,2026-06-01T09:02:10,1981-08-14,8.399806316566439,yale_shiller_ie_data,http://www.econ.yale.edu/~shiller/data/ie_data.xls,0df9392b7dacf91f756e92c8db508ad903c4588b43f3253680eec3dd8b40db68,2026-06-01T09:02:10
1981-09-01,2026-06-01T09:02:10,1981-09-15,7.581163051923156,yale_shiller_ie_data,http://www.econ.yale.edu/~shiller/data/ie_data.xls,0df9392b7dacf91f756e92c8db508ad903c4588b43f3253680eec3dd8b40db68,2026-06-01T09:02:10
1981-10-01,2026-06-01T09:02:10,1981-10-15,7.649141713319213,yale_shiller_ie_data,http://www.econ.yale.edu/~shiller/data/ie_data.xls,0df9392b7dacf91f756e92c8db508ad903c4588b43f3253680eec3dd8b40db68,2026-06-01T09:02:10
1981-11-01,2026-06-01T09:02:10,1981-11-13,7.810752565716109,yale_shiller_ie_data,http://www.econ.yale.edu/~shiller/data/ie_data.xls,0df9392b7dacf91f756e92c8db508ad903c4588b43f3253680eec3dd8b40db68,2026-06-01T09:02:10
1981-12-01,2026-06-01T09:02:10,1981-12-15,7.8325621371418945,yale_shiller_ie_data,http://www.econ.yale.edu/~shiller/data/ie_data.xls,0df9392b7dacf91f756e92c8db508ad903c4588b43f3253680eec3dd8b40db68,2026-06-01T09:02:10
1982-01-01,2026-06-01T09:02:10,1982-01-15,7.388659973375994,yale_shiller_ie_data,http://www.econ.yale.edu/~shiller/data/ie_data.xls,0df9392b7dacf91f756e92c8db508ad903c4588b43f3253680eec3dd8b40db68,2026-06-01T09:02:10
1982-02-01,2026-06-01T09:02:10,1982-02-15,7.181823450546731,yale_shiller_ie_data,http://www.econ.yale.edu/~shiller/data/ie_data.xls,0df9392b7dacf91f756e92c8db508ad903c4588b43f3253680eec3dd8b40db68,2026-06-01T09:02:10
1982-03-01,2026-06-01T09:02:10,1982-03-15,6.950673793536031,yale_shiller_ie_data,http://www.econ.yale.edu/~shiller/data/ie_data.xls,0df9392b7dacf91f756e92c8db508ad903c4588b43f3253680eec3dd8b40db68,2026-06-01T09:02:10
1982-04-01,2026-06-01T09:02:10,1982-04-15,7.259072625426146,yale_shiller_ie_data,http://www.econ.yale.edu/~shiller/data/ie_data.xls,0df9392b7dacf91f756e92c8db508ad903c4588b43f3253680eec3dd8b40db68,2026-06-01T09:02:10
1982-05-01,2026-06-01T09:02:10,1982-05-14,7.192612484464621,yale_shiller_ie_data,http://www.econ.yale.edu/~shiller/data/ie_data.xls,0df9392b7dacf91f756e92c8db508ad903c4588b43f3253680eec3dd8b40db68,2026-06-01T09:02:10
1982-06-01,2026-06-01T09:02:10,1982-06-15,6.692133988197588,yale_shiller_ie_data,http://www.econ.yale.edu/~shiller/data/ie_data.xls,0df9392b7dacf91f756e92c8db508ad903c4588b43f3253680eec3dd8b40db68,2026-06-01T09:02:10
1982-07-01,2026-06-01T09:02:10,1982-07-15,6.638653100208757,yale_shiller_ie_data,http://www.econ.yale.edu/~shiller/data/ie_data.xls,0df9392b7dacf91f756e92c8db508ad903c4588b43f3253680eec3dd8b40db68,2026-06-01T09:02:10
1982-08-01,2026-06-01T09:02:10,1982-08-13,6.643422752166089,yale_shiller_ie_data,http://www.econ.yale.edu/~shiller/data/ie_data.xls,0df9392b7dacf91f756e92c8db508ad903c4588b43f3253680eec3dd8b40db68,2026-06-01T09:02:10
1982-09-01,2026-06-01T09:02:10,1982-09-15,7.398838200323304,yale_shiller_ie_data,http://www.econ.yale.edu/~shiller/data/ie_data.xls,0df9392b7dacf91f756e92c8db508ad903c4588b43f3253680eec3dd8b40db68,2026-06-01T09:02:10
1982-10-01,2026-06-01T09:02:10,1982-10-15,7.999840994534585,yale_shiller_ie_data,http://www.econ.yale.edu/~shiller/data/ie_data.xls,0df9392b7dacf91f756e92c8db508ad903c4588b43f3253680eec3dd8b40db68,2026-06-01T09:02:10
1982-11-01,2026-06-01T09:02:10,1982-11-15,8.347476938155424,yale_shiller_ie_data,http://www.econ.yale.edu/~shiller/data/ie_data.xls,0df9392b7dacf91f756e92c8db508ad903c4588b43f3253680eec3dd8b40db68,2026-06-01T09:02:10
1982-12-01,2026-06-01T09:02:10,1982-12-15,8.467738401400473,yale_shiller_ie_data,http://www.econ.yale.edu/~shiller/data/ie_data.xls,0df9392b7dacf91f756e92c8db508ad903c4588b43f3253680eec3dd8b40db68,2026-06-01T09:02:10
1983-01-01,2026-06-01T09:02:10,1983-01-14,8.75678322413474,yale_shiller_ie_data,http://www.econ.yale.edu/~shiller/data/ie_data.xls,0df9392b7dacf91f756e92c8db508ad903c4588b43f3253680eec3dd8b40db68,2026-06-01T09:02:10
1983-02-01,2026-06-01T09:02:10,1983-02-15,8.910493436624117,yale_shiller_ie_data,http://www.econ.yale.edu/~shiller/data/ie_data.xls,0df9392b7dacf91f756e92c8db508ad903c4588b43f3253680eec3dd8b40db68,2026-06-01T09:02:10
1983-03-01,2026-06-01T09:02:10,1983-03-15,9.232829705190523,yale_shiller_ie_data,http://www.econ.yale.edu/~shiller/data/ie_data.xls,0df9392b7dacf91f756e92c8db508ad903c4588b43f3253680eec3dd8b40db68,2026-06-01T09:02:10
1983-04-01,2026-06-01T09:02:10,1983-04-15,9.53158128416041,yale_shiller_ie_data,http://www.econ.yale.edu/~shiller/data/ie_data.xls,0df9392b7dacf91f756e92c8db508ad903c4588b43f3253680eec3dd8b40db68,2026-06-01T09:02:10
1983-05-01,2026-06-01T09:02:10,1983-05-13,9.874456504668396,yale_shiller_ie_data,http://www.econ.yale.edu/~shiller/data/ie_data.xls,0df9392b7dacf91f756e92c8db508ad903c4588b43f3253680eec3dd8b40db68,2026-06-01T09:02:10
1983-06-01,2026-06-01T09:02:10,1983-06-15,10.00011790313002,yale_shiller_ie_data,http://www.econ.yale.edu/~shiller/data/ie_data.xls,0df9392b7dacf91f756e92c8db508ad903c4588b43f3253680eec3dd8b40db68,2026-06-01T09:02:10
1983-07-01,2026-06-01T09:02:10,1983-07-15,10.014475995571022,yale_shiller_ie_data,http://www.econ.yale.edu/~shiller/data/ie_data.xls,0df9392b7dacf91f756e92c8db508ad903c4588b43f3253680eec3dd8b40db68,2026-06-01T09:02:10
1983-08-01,2026-06-01T09:02:10,1983-08-15,9.728056935665206,yale_shiller_ie_data,http://www.econ.yale.edu/~shiller/data/ie_data.xls,0df9392b7dacf91f756e92c8db508ad903c4588b43f3253680eec3dd8b40db68,2026-06-01T09:02:10
1983-09-01,2026-06-01T09:02:10,1983-09-15,9.984202458028776,yale_shiller_ie_data,http://www.econ.yale.edu/~shiller/data/ie_data.xls,0df9392b7dacf91f756e92c8db508ad903c4588b43f3253680eec3dd8b40db68,2026-06-01T09:02:10
1983-10-01,2026-06-01T09:02:10,1983-10-14,10.003391799449624,yale_shiller_ie_data,http://www.econ.yale.edu/~shiller/data/ie_data.xls,0df9392b7dacf91f756e92c8db508ad903c4588b43f3253680eec3dd8b40db68,2026-06-01T09:02:10
1983-11-01,2026-06-01T09:02:10,1983-11-15,9.853581649364278,yale_shiller_ie_data,http://www.econ.yale.edu/~shiller/data/ie_data.xls,0df9392b7dacf91f756e92c8db508ad903c4588b43f3253680eec3dd8b40db68,2026-06-01T09:02:10
1983-12-01,2026-06-01T09:02:10,1983-12-15,9.81501090360867,yale_shiller_ie_data,http://www.econ.yale.edu/~shiller/data/ie_data.xls,0df9392b7dacf91f756e92c8db508ad903c4588b43f3253680eec3dd8b40db68,2026-06-01T09:02:10
1984-01-01,2026-06-01T09:02:10,1984-01-13,9.894931809202534,yale_shiller_ie_data,http://www.econ.yale.edu/~shiller/data/ie_data.xls,0df9392b7dacf91f756e92c8db508ad903c4588b43f3253680eec3dd8b40db68,2026-06-01T09:02:10
1984-02-01,2026-06-01T09:02:10,1984-02-15,9.32452964572798,yale_shiller_ie_data,http://www.econ.yale.edu/~shiller/data/ie_data.xls,0df9392b7dacf91f756e92c8db508ad903c4588b43f3253680eec3dd8b40db68,2026-06-01T09:02:10
1984-03-01,2026-06-01T09:02:10,1984-03-15,9.326747066508243,yale_shiller_ie_data,http://www.econ.yale.edu/~shiller/data/ie_data.xls,0df9392b7dacf91f756e92c8db508ad903c4588b43f3253680eec3dd8b40db68,2026-06-01T09:02:10
1984-04-01,2026-06-01T09:02:10,1984-04-13,9.305643404594822,yale_shiller_ie_data,http://www.econ.yale.edu/~shiller/data/ie_data.xls,0df9392b7dacf91f756e92c8db508ad903c4588b43f3253680eec3dd8b40db68,2026-06-01T09:02:10
1984-05-01,2026-06-01T09:02:10,1984-05-15,9.231831816896046,yale_shiller_ie_data,http://www.econ.yale.edu/~shiller/data/ie_data.xls,0df9392b7dacf91f756e92c8db508ad903c4588b43f3253680eec3dd8b40db68,2026-06-01T09:02:10
1984-06-01,2026-06-01T09:02:10,1984-06-15,9.010185512291006,yale_shiller_ie_data,http://www.econ.yale.edu/~shiller/data/ie_data.xls,0df9392b7dacf91f756e92c8db508ad903c4588b43f3253680eec3dd8b40db68,2026-06-01T09:02:10
1984-07-01,2026-06-01T09:02:10,1984-07-13,8.868302214043299,yale_shiller_ie_data,http://www.econ.yale.edu/~shiller/data/ie_data.xls,0df9392b7dacf91f756e92c8db508ad903c4588b43f3253680eec3dd8b40db68,2026-06-01T09:02:10
1984-08-01,2026-06-01T09:02:10,1984-08-15,9.623063257373168,yale_shiller_ie_data,http://www.econ.yale.edu/~shiller/data/ie_data.xls,0df9392b7dacf91f756e92c8db508ad903c4588b43f3253680eec3dd8b40db68,2026-06-01T09:02:10
1984-09-01,2026-06-01T09:02:10,1984-09-14,9.68734131362808,yale_shiller_ie_data,http://www.econ.yale.edu/~shiller/data/ie_data.xls,0df9392b7dacf91f756e92c8db508ad903c4588b43f3253680eec3dd8b40db68,2026-06-01T09:02:10
1984-10-01,2026-06-01T09:02:10,1984-10-15,9.595070703048505,yale_shiller_ie_data,http://www.econ.yale.edu/~shiller/data/ie_data.xls,0df9392b7dacf91f756e92c8db508ad903c4588b43f3253680eec3dd8b40db68,2026-06-01T09:02:10
1984-11-01,2026-06-01T09:02:10,1984-11-15,9.691973221783089,yale_shiller_ie_data,http://www.econ.yale.edu/~shiller/data/ie_data.xls,0df9392b7dacf91f756e92c8db508ad903c4588b43f3253680eec3dd8b40db68,2026-06-01T09:02:10
1984-12-01,2026-06-01T09:02:10,1984-12-14,9.59505480113346,yale_shiller_ie_data,http://www.econ.yale.edu/~shiller/data/ie_data.xls,0df9392b7dacf91f756e92c8db508ad903c4588b43f3253680eec3dd8b40db68,2026-06-01T09:02:10
1985-01-01,2026-06-01T09:02:10,1985-01-15,9.997001177730452,yale_shiller_ie_data,http://www.econ.yale.edu/~shiller/data/ie_data.xls,0df9392b7dacf91f756e92c8db508ad903c4588b43f3253680eec3dd8b40db68,2026-06-01T09:02:10
1985-02-01,2026-06-01T09:02:10,1985-02-15,10.49493517260708,yale_shiller_ie_data,http://www.econ.yale.edu/~shiller/data/ie_data.xls,0df9392b7dacf91f756e92c8db508ad903c4588b43f3253680eec3dd8b40db68,2026-06-01T09:02:10
1985-03-01,2026-06-01T09:02:10,1985-03-15,10.37321721492473,yale_shiller_ie_data,http://www.econ.yale.edu/~shiller/data/ie_data.xls,0df9392b7dacf91f756e92c8db508ad903c4588b43f3253680eec3dd8b40db68,2026-06-01T09:02:10
1985-04-01,2026-06-01T09:02:10,1985-04-15,10.39711871981682,yale_shiller_ie_data,http://www.econ.yale.edu/~shiller/data/ie_data.xls,0df9392b7dacf91f756e92c8db508ad903c4588b43f3253680eec3dd8b40db68,2026-06-01T09:02:10
1985-05-01,2026-06-01T09:02:10,1985-05-15,10.608120467860097,yale_shiller_ie_data,http://www.econ.yale.edu/~shiller/data/ie_data.xls,0df9392b7dacf91f756e92c8db508ad903c4588b43f3253680eec3dd8b40db68,2026-06-01T09:02:10
1985-06-01,2026-06-01T09:02:10,1985-06-14,10.810049845861215,yale_shiller_ie_data,http://www.econ.yale.edu/~shiller/data/ie_data.xls,0df9392b7dacf91f756e92c8db508ad903c4588b43f3253680eec3dd8b40db68,2026-06-01T09:02:10
1985-07-01,2026-06-01T09:02:10,1985-07-15,10.997563956793382,yale_shiller_ie_data,http://www.econ.yale.edu/~shiller/data/ie_data.xls,0df9392b7dacf91f756e92c8db508ad903c4588b43f3253680eec3dd8b40db68,2026-06-01T09:02:10
1985-08-01,2026-06-01T09:02:10,1985-08-15,10.738799808877284,yale_shiller_ie_data,http://www.econ.yale.edu/~shiller/data/ie_data.xls,0df9392b7dacf91f756e92c8db508ad903c4588b43f3253680eec3dd8b40db68,2026-06-01T09:02:10
1985-09-01,2026-06-01T09:02:10,1985-09-13,10.47123466169755,yale_shiller_ie_data,http://www.econ.yale.edu/~shiller/data/ie_data.xls,0df9392b7dacf91f756e92c8db508ad903c4588b43f3253680eec3dd8b40db68,2026-06-01T09:02:10
1985-10-01,2026-06-01T09:02:10,1985-10-15,10.552516982943748,yale_shiller_ie_data,http://www.econ.yale.edu/~shiller/data/ie_data.xls,0df9392b7dacf91f756e92c8db508ad903c4588b43f3253680eec3dd8b40db68,2026-06-01T09:02:10
1985-11-01,2026-06-01T09:02:10,1985-11-15,11.164611128667467,yale_shiller_ie_data,http://www.econ.yale.edu/~shiller/data/ie_data.xls,0df9392b7dacf91f756e92c8db508ad903c4588b43f3253680eec3dd8b40db68,2026-06-01T09:02:10
1985-12-01,2026-06-01T09:02:10,1985-12-13,11.690521474467593,yale_shiller_ie_data,http://www.econ.yale.edu/~shiller/data/ie_data.xls,0df9392b7dacf91f756e92c8db508ad903c4588b43f3253680eec3dd8b40db68,2026-06-01T09:02:10
1986-01-01,2026-06-01T09:02:10,1986-01-15,11.715007584487983,yale_shiller_ie_data,http://www.econ.yale.edu/~shiller/data/ie_data.xls,0df9392b7dacf91f756e92c8db508ad903c4588b43f3253680eec3dd8b40db68,2026-06-01T09:02:10
1986-02-01,2026-06-01T09:02:10,1986-02-14,12.388219099418121,yale_shiller_ie_data,http://www.econ.yale.edu/~shiller/data/ie_data.xls,0df9392b7dacf91f756e92c8db508ad903c4588b43f3253680eec3dd8b40db68,2026-06-01T09:02:10
1986-03-01,2026-06-01T09:02:10,1986-03-14,13.189022981532718,yale_shiller_ie_data,http://www.econ.yale.edu/~shiller/data/ie_data.xls,0df9392b7dacf91f756e92c8db508ad903c4588b43f3253680eec3dd8b40db68,2026-06-01T09:02:10
1986-04-01,2026-06-01T09:02:10,1986-04-15,13.552504172869476,yale_shiller_ie_data,http://www.econ.yale.edu/~shiller/data/ie_data.xls,0df9392b7dacf91f756e92c8db508ad903c4588b43f3253680eec3dd8b40db68,2026-06-01T09:02:10
1986-05-01,2026-06-01T09:02:10,1986-05-15,13.560046199232337,yale_shiller_ie_data,http://www.econ.yale.edu/~shiller/data/ie_data.xls,0df9392b7dacf91f756e92c8db508ad903c4588b43f3253680eec3dd8b40db68,2026-06-01T09:02:10
1986-06-01,2026-06-01T09:02:10,1986-06-13,13.888688626457117,yale_shiller_ie_data,http://www.econ.yale.edu/~shiller/data/ie_data.xls,0df9392b7dacf91f756e92c8db508ad903c4588b43f3253680eec3dd8b40db68,2026-06-01T09:02:10
1986-07-01,2026-06-01T09:02:10,1986-07-15,13.619995534083808,yale_shiller_ie_data,http://www.econ.yale.edu/~shiller/data/ie_data.xls,0df9392b7dacf91f756e92c8db508ad903c4588b43f3253680eec3dd8b40db68,2026-06-01T09:02:10
1986-08-01,2026-06-01T09:02:10,1986-08-15,13.887667550866055,yale_shiller_ie_data,http://www.econ.yale.edu/~shiller/data/ie_data.xls,0df9392b7dacf91f756e92c8db508ad903c4588b43f3253680eec3dd8b40db68,2026-06-01T09:02:10
1986-09-01,2026-06-01T09:02:10,1986-09-15,13.467314312977132,yale_shiller_ie_data,http://www.econ.yale.edu/~shiller/data/ie_data.xls,0df9392b7dacf91f756e92c8db508ad903c4588b43f3253680eec3dd8b40db68,2026-06-01T09:02:10
1986-10-01,2026-06-01T09:02:10,1986-10-15,13.425918860857362,yale_shiller_ie_data,http://www.econ.yale.edu/~shiller/data/ie_data.xls,0df9392b7dacf91f756e92c8db508ad903c4588b43f3253680eec3dd8b40db68,2026-06-01T09:02:10
1986-11-01,2026-06-01T09:02:10,1986-11-14,13.872985596138603,yale_shiller_ie_data,http://www.econ.yale.edu/~shiller/data/ie_data.xls,0df9392b7dacf91f756e92c8db508ad903c4588b43f3253680eec3dd8b40db68,2026-06-01T09:02:10
1986-12-01,2026-06-01T09:02:10,1986-12-15,14.085139814743314,yale_shiller_ie_data,http://www.econ.yale.edu/~shiller/data/ie_data.xls,0df9392b7dacf91f756e92c8db508ad903c4588b43f3253680eec3dd8b40db68,2026-06-01T09:02:10
1987-01-01,2026-06-01T09:02:10,1987-01-15,14.92220810371895,yale_shiller_ie_data,http://www.econ.yale.edu/~shiller/data/ie_data.xls,0df9392b7dacf91f756e92c8db508ad903c4588b43f3253680eec3dd8b40db68,2026-06-01T09:02:10
1987-02-01,2026-06-01T09:02:10,1987-02-13,15.822318142836455,yale_shiller_ie_data,http://www.econ.yale.edu/~shiller/data/ie_data.xls,0df9392b7dacf91f756e92c8db508ad903c4588b43f3253680eec3dd8b40db68,2026-06-01T09:02:10
1987-03-01,2026-06-01T09:02:10,1987-03-13,16.433343976069928,yale_shiller_ie_data,http://www.econ.yale.edu/~shiller/data/ie_data.xls,0df9392b7dacf91f756e92c8db508ad903c4588b43f3253680eec3dd8b40db68,2026-06-01T09:02:10
1987-04-01,2026-06-01T09:02:10,1987-04-15,16.19653445322088,yale_shiller_ie_data,http://www.econ.yale.edu/~shiller/data/ie_data.xls,0df9392b7dacf91f756e92c8db508ad903c4588b43f3253680eec3dd8b40db68,2026-06-01T09:02:10
1987-05-01,2026-06-01T09:02:10,1987-05-15,16.160311952655743,yale_shiller_ie_data,http://www.econ.yale.edu/~shiller/data/ie_data.xls,0df9392b7dacf91f756e92c8db508ad903c4588b43f3253680eec3dd8b40db68,2026-06-01T09:02:10
1987-06-01,2026-06-01T09:02:10,1987-06-15,16.825207307878724,yale_shiller_ie_data,http://www.econ.yale.edu/~shiller/data/ie_data.xls,0df9392b7dacf91f756e92c8db508ad903c4588b43f3253680eec3dd8b40db68,2026-06-01T09:02:10
1987-07-01,2026-06-01T09:02:10,1987-07-15,17.306004390512225,yale_shiller_ie_data,http://www.econ.yale.edu/~shiller/data/ie_data.xls,0df9392b7dacf91f756e92c8db508ad903c4588b43f3253680eec3dd8b40db68,2026-06-01T09:02:10
1987-08-01,2026-06-01T09:02:10,1987-08-14,18.32690724585634,yale_shiller_ie_data,http://www.econ.yale.edu/~shiller/data/ie_data.xls,0df9392b7dacf91f756e92c8db508ad903c4588b43f3253680eec3dd8b40db68,2026-06-01T09:02:10
1987-09-01,2026-06-01T09:02:10,1987-09-15,17.67562044993822,yale_shiller_ie_data,http://www.econ.yale.edu/~shiller/data/ie_data.xls,0df9392b7dacf91f756e92c8db508ad903c4588b43f3253680eec3dd8b40db68,2026-06-01T09:02:10
1987-10-01,2026-06-01T09:02:10,1987-10-15,15.530055563627315,yale_shiller_ie_data,http://www.econ.yale.edu/~shiller/data/ie_data.xls,0df9392b7dacf91f756e92c8db508ad903c4588b43f3253680eec3dd8b40db68,2026-06-01T09:02:10
1987-11-01,2026-06-01T09:02:10,1987-11-13,13.590885143189084,yale_shiller_ie_data,http://www.econ.yale.edu/~shiller/data/ie_data.xls,0df9392b7dacf91f756e92c8db508ad903c4588b43f3253680eec3dd8b40db68,2026-06-01T09:02:10
1987-12-01,2026-06-01T09:02:10,1987-12-15,13.389028514426965,yale_shiller_ie_data,http://www.econ.yale.edu/~shiller/data/ie_data.xls,0df9392b7dacf91f756e92c8db508ad903c4588b43f3253680eec3dd8b40db68,2026-06-01T09:02:10
1988-01-01,2026-06-01T09:02:10,1988-01-15,13.898336683569138,yale_shiller_ie_data,http://www.econ.yale.edu/~shiller/data/ie_data.xls,0df9392b7dacf91f756e92c8db508ad903c4588b43f3253680eec3dd8b40db68,2026-06-01T09:02:10
1988-02-01,2026-06-01T09:02:10,1988-02-15,14.298270962469523,yale_shiller_ie_data,http://www.econ.yale.edu/~shiller/data/ie_data.xls,0df9392b7dacf91f756e92c8db508ad903c4588b43f3253680eec3dd8b40db68,2026-06-01T09:02:10
1988-03-01,2026-06-01T09:02:10,1988-03-15,14.668946811103458,yale_shiller_ie_data,http://www.econ.yale.edu/~shiller/data/ie_data.xls,0df9392b7dacf91f756e92c8db508ad903c4588b43f3253680eec3dd8b40db68,2026-06-01T09:02:10
1988-04-01,2026-06-01T09:02:10,1988-04-15,14.433316420838946,yale_shiller_ie_data,http://www.econ.yale.edu/~shiller/data/ie_data.xls,0df9392b7dacf91f756e92c8db508ad903c4588b43f3253680eec3dd8b40db68,2026-06-01T09:02:10
1988-05-01,2026-06-01T09:02:10,1988-05-13,14.031891348027774,yale_shiller_ie_data,http://www.econ.yale.edu/~shiller/data/ie_data.xls,0df9392b7dacf91f756e92c8db508ad903c4588b43f3253680eec3dd8b40db68,2026-06-01T09:02:10
1988-06-01,2026-06-01T09:02:10,1988-06-15,14.76646864787962,yale_shiller_ie_data,http://www.econ.yale.edu/~shiller/data/ie_data.xls,0df9392b7dacf91f756e92c8db508ad903c4588b43f3253680eec3dd8b40db68,2026-06-01T09:02:10
1988-07-01,2026-06-01T09:02:10,1988-07-15,14.608315717522101,yale_shiller_ie_data,http://www.econ.yale.edu/~shiller/data/ie_data.xls,0df9392b7dacf91f756e92c8db508ad903c4588b43f3253680eec3dd8b40db68,2026-06-01T09:02:10
1988-08-01,2026-06-01T09:02:10,1988-08-15,14.244946310675651,yale_shiller_ie_data,http://www.econ.yale.edu/~shiller/data/ie_data.xls,0df9392b7dacf91f756e92c8db508ad903c4588b43f3253680eec3dd8b40db68,2026-06-01T09:02:10
1988-09-01,2026-06-01T09:02:10,1988-09-15,14.369428776140163,yale_shiller_ie_data,http://www.econ.yale.edu/~shiller/data/ie_data.xls,0df9392b7dacf91f756e92c8db508ad903c4588b43f3253680eec3dd8b40db68,2026-06-01T09:02:10
1988-10-01,2026-06-01T09:02:10,1988-10-14,14.811450153277727,yale_shiller_ie_data,http://www.econ.yale.edu/~shiller/data/ie_data.xls,0df9392b7dacf91f756e92c8db508ad903c4588b43f3253680eec3dd8b40db68,2026-06-01T09:02:10
1988-11-01,2026-06-01T09:02:10,1988-11-15,14.445530680872888,yale_shiller_ie_data,http://www.econ.yale.edu/~shiller/data/ie_data.xls,0df9392b7dacf91f756e92c8db508ad903c4588b43f3253680eec3dd8b40db68,2026-06-01T09:02:10
1988-12-01,2026-06-01T09:02:10,1988-12-15,14.702086748571997,yale_shiller_ie_data,http://www.econ.yale.edu/~shiller/data/ie_data.xls,0df9392b7dacf91f756e92c8db508ad903c4588b43f3253680eec3dd8b40db68,2026-06-01T09:02:10
1989-01-01,2026-06-01T09:02:10,1989-01-13,15.088072442713283,yale_shiller_ie_data,http://www.econ.yale.edu/~shiller/data/ie_data.xls,0df9392b7dacf91f756e92c8db508ad903c4588b43f3253680eec3dd8b40db68,2026-06-01T09:02:10
1989-02-01,2026-06-01T09:02:10,1989-02-15,15.467060462734754,yale_shiller_ie_data,http://www.econ.yale.edu/~shiller/data/ie_data.xls,0df9392b7dacf91f756e92c8db508ad903c4588b43f3253680eec3dd8b40db68,2026-06-01T09:02:10
1989-03-01,2026-06-01T09:02:10,1989-03-15,15.298969108882357,yale_shiller_ie_data,http://www.econ.yale.edu/~shiller/data/ie_data.xls,0df9392b7dacf91f756e92c8db508ad903c4588b43f3253680eec3dd8b40db68,2026-06-01T09:02:10
1989-04-01,2026-06-01T09:02:10,1989-04-14,15.686742656144583,yale_shiller_ie_data,http://www.econ.yale.edu/~shiller/data/ie_data.xls,0df9392b7dacf91f756e92c8db508ad903c4588b43f3253680eec3dd8b40db68,2026-06-01T09:02:10
1989-05-01,2026-06-01T09:02:10,1989-05-15,16.186353538544548,yale_shiller_ie_data,http://www.econ.yale.edu/~shiller/data/ie_data.xls,0df9392b7dacf91f756e92c8db508ad903c4588b43f3253680eec3dd8b40db68,2026-06-01T09:02:10
1989-06-01,2026-06-01T09:02:10,1989-06-15,16.64190423580859,yale_shiller_ie_data,http://www.econ.yale.edu/~shiller/data/ie_data.xls,0df9392b7dacf91f756e92c8db508ad903c4588b43f3253680eec3dd8b40db68,2026-06-01T09:02:10
1989-07-01,2026-06-01T09:02:10,1989-07-14,17.013407650499122,yale_shiller_ie_data,http://www.econ.yale.edu/~shiller/data/ie_data.xls,0df9392b7dacf91f756e92c8db508ad903c4588b43f3253680eec3dd8b40db68,2026-06-01T09:02:10
1989-08-01,2026-06-01T09:02:10,1989-08-15,17.73425143657732,yale_shiller_ie_data,http://www.econ.yale.edu/~shiller/data/ie_data.xls,0df9392b7dacf91f756e92c8db508ad903c4588b43f3253680eec3dd8b40db68,2026-06-01T09:02:10
1989-09-01,2026-06-01T09:02:10,1989-09-15,17.71422067897908,yale_shiller_ie_data,http://www.econ.yale.edu/~shiller/data/ie_data.xls,0df9392b7dacf91f756e92c8db508ad903c4588b43f3253680eec3dd8b40db68,2026-06-01T09:02:10
1989-10-01,2026-06-01T09:02:10,1989-10-13,17.64085385279795,yale_shiller_ie_data,http://www.econ.yale.edu/~shiller/data/ie_data.xls,0df9392b7dacf91f756e92c8db508ad903c4588b43f3253680eec3dd8b40db68,2026-06-01T09:02:10
1989-11-01,2026-06-01T09:02:10,1989-11-15,17.242369266947428,yale_shiller_ie_data,http://www.econ.yale.edu/~shiller/data/ie_data.xls,0df9392b7dacf91f756e92c8db508ad903c4588b43f3253680eec3dd8b40db68,2026-06-01T09:02:10
1989-12-01,2026-06-01T09:02:10,1989-12-15,17.650212904947328,yale_shiller_ie_data,http://www.econ.yale.edu/~shiller/data/ie_data.xls,0df9392b7dacf91f756e92c8db508ad903c4588b43f3253680eec3dd8b40db68,2026-06-01T09:02:10
1990-01-01,2026-06-01T09:02:10,1990-01-15,17.048843606878272,yale_shiller_ie_data,http://www.econ.yale.edu/~shiller/data/ie_data.xls,0df9392b7dacf91f756e92c8db508ad903c4588b43f3253680eec3dd8b40db68,2026-06-01T09:02:10
1990-02-01,2026-06-01T09:02:10,1990-02-15,16.508093516490288,yale_shiller_ie_data,http://www.econ.yale.edu/~shiller/data/ie_data.xls,0df9392b7dacf91f756e92c8db508ad903c4588b43f3253680eec3dd8b40db68,2026-06-01T09:02:10
1990-03-01,2026-06-01T09:02:10,1990-03-15,16.83374823348095,yale_shiller_ie_data,http://www.econ.yale.edu/~shiller/data/ie_data.xls,0df9392b7dacf91f756e92c8db508ad903c4588b43f3253680eec3dd8b40db68,2026-06-01T09:02:10
1990-04-01,2026-06-01T09:02:10,1990-04-13,16.813913898735773,yale_shiller_ie_data,http://www.econ.yale.edu/~shiller/data/ie_data.xls,0df9392b7dacf91f756e92c8db508ad903c4588b43f3253680eec3dd8b40db68,2026-06-01T09:02:10
1990-05-01,2026-06-01T09:02:10,1990-05-15,17.39241358864501,yale_shiller_ie_data,http://www.econ.yale.edu/~shiller/data/ie_data.xls,0df9392b7dacf91f756e92c8db508ad903c4588b43f3253680eec3dd8b40db68,2026-06-01T09:02:10
1990-06-01,2026-06-01T09:02:10,1990-06-15,17.817082821653013,yale_shiller_ie_data,http://www.econ.yale.edu/~shiller/data/ie_data.xls,0df9392b7dacf91f756e92c8db508ad903c4588b43f3253680eec3dd8b40db68,2026-06-01T09:02:10
1990-07-01,2026-06-01T09:02:10,1990-07-13,17.74717158707024,yale_shiller_ie_data,http://www.econ.yale.edu/~shiller/data/ie_data.xls,0df9392b7dacf91f756e92c8db508ad903c4588b43f3253680eec3dd8b40db68,2026-06-01T09:02:10
1990-08-01,2026-06-01T09:02:10,1990-08-15,16.168334756508976,yale_shiller_ie_data,http://www.econ.yale.edu/~shiller/data/ie_data.xls,0df9392b7dacf91f756e92c8db508ad903c4588b43f3253680eec3dd8b40db68,2026-06-01T09:02:10
1990-09-01,2026-06-01T09:02:10,1990-09-14,15.30128544352263,yale_shiller_ie_data,http://www.econ.yale.edu/~shiller/data/ie_data.xls,0df9392b7dacf91f756e92c8db508ad903c4588b43f3253680eec3dd8b40db68,2026-06-01T09:02:10
1990-10-01,2026-06-01T09:02:10,1990-10-15,14.818147965500804,yale_shiller_ie_data,http://www.econ.yale.edu/~shiller/data/ie_data.xls,0df9392b7dacf91f756e92c8db508ad903c4588b43f3253680eec3dd8b40db68,2026-06-01T09:02:10
1990-11-01,2026-06-01T09:02:10,1990-11-15,15.187607599503192,yale_shiller_ie_data,http://www.econ.yale.edu/~shiller/data/ie_data.xls,0df9392b7dacf91f756e92c8db508ad903c4588b43f3253680eec3dd8b40db68,2026-06-01T09:02:10
1990-12-01,2026-06-01T09:02:10,1990-12-14,15.846314974728767,yale_shiller_ie_data,http://www.econ.yale.edu/~shiller/data/ie_data.xls,0df9392b7dacf91f756e92c8db508ad903c4588b43f3253680eec3dd8b40db68,2026-06-01T09:02:10
1991-01-01,2026-06-01T09:02:10,1991-01-15,15.606190118802362,yale_shiller_ie_data,http://www.econ.yale.edu/~shiller/data/ie_data.xls,0df9392b7dacf91f756e92c8db508ad903c4588b43f3253680eec3dd8b40db68,2026-06-01T09:02:10
1991-02-01,2026-06-01T09:02:10,1991-02-15,17.35466474520511,yale_shiller_ie_data,http://www.econ.yale.edu/~shiller/data/ie_data.xls,0df9392b7dacf91f756e92c8db508ad903c4588b43f3253680eec3dd8b40db68,2026-06-01T09:02:10
1991-03-01,2026-06-01T09:02:10,1991-03-15,17.818620083397377,yale_shiller_ie_data,http://www.econ.yale.edu/~shiller/data/ie_data.xls,0df9392b7dacf91f756e92c8db508ad903c4588b43f3253680eec3dd8b40db68,2026-06-01T09:02:10
1991-04-01,2026-06-01T09:02:10,1991-04-15,18.155345895198014,yale_shiller_ie_data,http://www.econ.yale.edu/~shiller/data/ie_data.xls,0df9392b7dacf91f756e92c8db508ad903c4588b43f3253680eec3dd8b40db68,2026-06-01T09:02:10
1991-05-01,2026-06-01T09:02:10,1991-05-15,18.03543091100405,yale_shiller_ie_data,http://www.econ.yale.edu/~shiller/data/ie_data.xls,0df9392b7dacf91f756e92c8db508ad903c4588b43f3253680eec3dd8b40db68,2026-06-01T09:02:10
1991-06-01,2026-06-01T09:02:10,1991-06-14,18.01522704468833,yale_shiller_ie_data,http://www.econ.yale.edu/~shiller/data/ie_data.xls,0df9392b7dacf91f756e92c8db508ad903c4588b43f3253680eec3dd8b40db68,2026-06-01T09:02:10
1991-07-01,2026-06-01T09:02:10,1991-07-15,18.103452345519745,yale_shiller_ie_data,http://www.econ.yale.edu/~shiller/data/ie_data.xls,0df9392b7dacf91f756e92c8db508ad903c4588b43f3253680eec3dd8b40db68,2026-06-01T09:02:10
1991-08-01,2026-06-01T09:02:10,1991-08-15,18.512258455337715,yale_shiller_ie_data,http://www.econ.yale.edu/~shiller/data/ie_data.xls,0df9392b7dacf91f756e92c8db508ad903c4588b43f3253680eec3dd8b40db68,2026-06-01T09:02:10
1991-09-01,2026-06-01T09:02:10,1991-09-13,18.35728259177432,yale_shiller_ie_data,http://www.econ.yale.edu/~shiller/data/ie_data.xls,0df9392b7dacf91f756e92c8db508ad903c4588b43f3253680eec3dd8b40db68,2026-06-01T09:02:10
1991-10-01,2026-06-01T09:02:10,1991-10-15,18.34918799200198,yale_shiller_ie_data,http://www.econ.yale.edu/~shiller/data/ie_data.xls,0df9392b7dacf91f756e92c8db508ad903c4588b43f3253680eec3dd8b40db68,2026-06-01T09:02:10
1991-11-01,2026-06-01T09:02:10,1991-11-15,18.288868169301338,yale_shiller_ie_data,http://www.econ.yale.edu/~shiller/data/ie_data.xls,0df9392b7dacf91f756e92c8db508ad903c4588b43f3253680eec3dd8b40db68,2026-06-01T09:02:10
1991-12-01,2026-06-01T09:02:10,1991-12-13,18.441652313512723,yale_shiller_ie_data,http://www.econ.yale.edu/~shiller/data/ie_data.xls,0df9392b7dacf91f756e92c8db508ad903c4588b43f3253680eec3dd8b40db68,2026-06-01T09:02:10
1992-01-01,2026-06-01T09:02:10,1992-01-15,19.77306821146264,yale_shiller_ie_data,http://www.econ.yale.edu/~shiller/data/ie_data.xls,0df9392b7dacf91f756e92c8db508ad903c4588b43f3253680eec3dd8b40db68,2026-06-01T09:02:10
1992-02-01,2026-06-01T09:02:10,1992-02-14,19.582982970386738,yale_shiller_ie_data,http://www.econ.yale.edu/~shiller/data/ie_data.xls,0df9392b7dacf91f756e92c8db508ad903c4588b43f3253680eec3dd8b40db68,2026-06-01T09:02:10
1992-03-01,2026-06-01T09:02:10,1992-03-13,19.283561861298548,yale_shiller_ie_data,http://www.econ.yale.edu/~shiller/data/ie_data.xls,0df9392b7dacf91f756e92c8db508ad903c4588b43f3253680eec3dd8b40db68,2026-06-01T09:02:10
1992-04-01,2026-06-01T09:02:10,1992-04-15,19.301229507881043,yale_shiller_ie_data,http://www.econ.yale.edu/~shiller/data/ie_data.xls,0df9392b7dacf91f756e92c8db508ad903c4588b43f3253680eec3dd8b40db68,2026-06-01T09:02:10
1992-05-01,2026-06-01T09:02:10,1992-05-15,19.66227979564169,yale_shiller_ie_data,http://www.econ.yale.edu/~shiller/data/ie_data.xls,0df9392b7dacf91f756e92c8db508ad903c4588b43f3253680eec3dd8b40db68,2026-06-01T09:02:10
1992-06-01,2026-06-01T09:02:10,1992-06-15,19.3153659676446,yale_shiller_ie_data,http://www.econ.yale.edu/~shiller/data/ie_data.xls,0df9392b7dacf91f756e92c8db508ad903c4588b43f3253680eec3dd8b40db68,2026-06-01T09:02:10
1992-07-01,2026-06-01T09:02:10,1992-07-15,19.620740694824406,yale_shiller_ie_data,http://www.econ.yale.edu/~shiller/data/ie_data.xls,0df9392b7dacf91f756e92c8db508ad903c4588b43f3253680eec3dd8b40db68,2026-06-01T09:02:10
1992-08-01,2026-06-01T09:02:10,1992-08-14,19.722137498351525,yale_shiller_ie_data,http://www.econ.yale.edu/~shiller/data/ie_data.xls,0df9392b7dacf91f756e92c8db508ad903c4588b43f3253680eec3dd8b40db68,2026-06-01T09:02:10
1992-09-01,2026-06-01T09:02:10,1992-09-15,19.708766424745303,yale_shiller_ie_data,http://www.econ.yale.edu/~shiller/data/ie_data.xls,0df9392b7dacf91f756e92c8db508ad903c4588b43f3253680eec3dd8b40db68,2026-06-01T09:02:10
1992-10-01,2026-06-01T09:02:10,1992-10-15,19.37027107690697,yale_shiller_ie_data,http://www.econ.yale.edu/~shiller/data/ie_data.xls,0df9392b7dacf91f756e92c8db508ad903c4588b43f3253680eec3dd8b40db68,2026-06-01T09:02:10
1992-11-01,2026-06-01T09:02:10,1992-11-13,19.833656038801234,yale_shiller_ie_data,http://www.econ.yale.edu/~shiller/data/ie_data.xls,0df9392b7dacf91f756e92c8db508ad903c4588b43f3253680eec3dd8b40db68,2026-06-01T09:02:10
1992-12-01,2026-06-01T09:02:10,1992-12-15,20.448606721242964,yale_shiller_ie_data,http://www.econ.yale.edu/~shiller/data/ie_data.xls,0df9392b7dacf91f756e92c8db508ad903c4588b43f3253680eec3dd8b40db68,2026-06-01T09:02:10
1993-01-01,2026-06-01T09:02:10,1993-01-15,20.32341080299571,yale_shiller_ie_data,http://www.econ.yale.edu/~shiller/data/ie_data.xls,0df9392b7dacf91f756e92c8db508ad903c4588b43f3253680eec3dd8b40db68,2026-06-01T09:02:10
1993-02-01,2026-06-01T09:02:10,1993-02-15,20.545336792900446,yale_shiller_ie_data,http://www.econ.yale.edu/~shiller/data/ie_data.xls,0df9392b7dacf91f756e92c8db508ad903c4588b43f3253680eec3dd8b40db68,2026-06-01T09:02:10
1993-03-01,2026-06-01T09:02:10,1993-03-15,20.855200148690912,yale_shiller_ie_data,http://www.econ.yale.edu/~shiller/data/ie_data.xls,0df9392b7dacf91f756e92c8db508ad903c4588b43f3253680eec3dd8b40db68,2026-06-01T09:02:10
1993-04-01,2026-06-01T09:02:10,1993-04-15,20.457362016642186,yale_shiller_ie_data,http://www.econ.yale.edu/~shiller/data/ie_data.xls,0df9392b7dacf91f756e92c8db508ad903c4588b43f3253680eec3dd8b40db68,2026-06-01T09:02:10
1993-05-01,2026-06-01T09:02:10,1993-05-14,20.517605633764866,yale_shiller_ie_data,http://www.econ.yale.edu/~shiller/data/ie_data.xls,0df9392b7dacf91f756e92c8db508ad903c4588b43f3253680eec3dd8b40db68,2026-06-01T09:02:10
1993-06-01,2026-06-01T09:02:10,1993-06-15,20.60835701296019,yale_shiller_ie_data,http://www.econ.yale.edu/~shiller/data/ie_data.xls,0df9392b7dacf91f756e92c8db508ad903c4588b43f3253680eec3dd8b40db68,2026-06-01T09:02:10
1993-07-01,2026-06-01T09:02:10,1993-07-15,20.564596413297142,yale_shiller_ie_data,http://www.econ.yale.edu/~shiller/data/ie_data.xls,0df9392b7dacf91f756e92c8db508ad903c4588b43f3253680eec3dd8b40db68,2026-06-01T09:02:10
1993-08-01,2026-06-01T09:02:10,1993-08-13,20.812227546627383,yale_shiller_ie_data,http://www.econ.yale.edu/~shiller/data/ie_data.xls,0df9392b7dacf91f756e92c8db508ad903c4588b43f3253680eec3dd8b40db68,2026-06-01T09:02:10
1993-09-01,2026-06-01T09:02:10,1993-09-15,20.993501005229128,yale_shiller_ie_data,http://www.econ.yale.edu/~shiller/data/ie_data.xls,0df9392b7dacf91f756e92c8db508ad903c4588b43f3253680eec3dd8b40db68,2026-06-01T09:02:10
1993-10-01,2026-06-01T09:02:10,1993-10-15,21.109178247475118,yale_shiller_ie_data,http://www.econ.yale.edu/~shiller/data/ie_data.xls,0df9392b7dacf91f756e92c8db508ad903c4588b43f3253680eec3dd8b40db68,2026-06-01T09:02:10
1993-11-01,2026-06-01T09:02:10,1993-11-15,21.037901189606373,yale_shiller_ie_data,http://www.econ.yale.edu/~shiller/data/ie_data.xls,0df9392b7dacf91f756e92c8db508ad903c4588b43f3253680eec3dd8b40db68,2026-06-01T09:02:10
1993-12-01,2026-06-01T09:02:10,1993-12-15,21.164732079814645,yale_shiller_ie_data,http://www.econ.yale.edu/~shiller/data/ie_data.xls,0df9392b7dacf91f756e92c8db508ad903c4588b43f3253680eec3dd8b40db68,2026-06-01T09:02:10
1994-01-01,2026-06-01T09:02:10,1994-01-14,21.41197491382654,yale_shiller_ie_data,http://www.econ.yale.edu/~shiller/data/ie_data.xls,0df9392b7dacf91f756e92c8db508ad903c4588b43f3253680eec3dd8b40db68,2026-06-01T09:02:10
1994-02-01,2026-06-01T09:02:10,1994-02-15,21.263840187313026,yale_shiller_ie_data,http://www.econ.yale.edu/~shiller/data/ie_data.xls,0df9392b7dacf91f756e92c8db508ad903c4588b43f3253680eec3dd8b40db68,2026-06-01T09:02:10
1994-03-01,2026-06-01T09:02:10,1994-03-15,20.833375889460406,yale_shiller_ie_data,http://www.econ.yale.edu/~shiller/data/ie_data.xls,0df9392b7dacf91f756e92c8db508ad903c4588b43f3253680eec3dd8b40db68,2026-06-01T09:02:10
1994-04-01,2026-06-01T09:02:10,1994-04-15,20.055250085063847,yale_shiller_ie_data,http://www.econ.yale.edu/~shiller/data/ie_data.xls,0df9392b7dacf91f756e92c8db508ad903c4588b43f3253680eec3dd8b40db68,2026-06-01T09:02:10
1994-05-01,2026-06-01T09:02:10,1994-05-13,20.196492421281455,yale_shiller_ie_data,http://www.econ.yale.edu/~shiller/data/ie_data.xls,0df9392b7dacf91f756e92c8db508ad903c4588b43f3253680eec3dd8b40db68,2026-06-01T09:02:10
1994-06-01,2026-06-01T09:02:10,1994-06-15,20.29076369067031,yale_shiller_ie_data,http://www.econ.yale.edu/~shiller/data/ie_data.xls,0df9392b7dacf91f756e92c8db508ad903c4588b43f3253680eec3dd8b40db68,2026-06-01T09:02:10
1994-07-01,2026-06-01T09:02:10,1994-07-15,20.067951816142152,yale_shiller_ie_data,http://www.econ.yale.edu/~shiller/data/ie_data.xls,0df9392b7dacf91f756e92c8db508ad903c4588b43f3253680eec3dd8b40db68,2026-06-01T09:02:10
1994-08-01,2026-06-01T09:02:10,1994-08-15,20.535549404755642,yale_shiller_ie_data,http://www.econ.yale.edu/~shiller/data/ie_data.xls,0df9392b7dacf91f756e92c8db508ad903c4588b43f3253680eec3dd8b40db68,2026-06-01T09:02:10
1994-09-01,2026-06-01T09:02:10,1994-09-15,20.576450100818864,yale_shiller_ie_data,http://www.econ.yale.edu/~shiller/data/ie_data.xls,0df9392b7dacf91f756e92c8db508ad903c4588b43f3253680eec3dd8b40db68,2026-06-01T09:02:10
1994-10-01,2026-06-01T09:02:10,1994-10-14,20.395759282410253,yale_shiller_ie_data,http://www.econ.yale.edu/~shiller/data/ie_data.xls,0df9392b7dacf91f756e92c8db508ad903c4588b43f3253680eec3dd8b40db68,2026-06-01T09:02:10
1994-11-01,2026-06-01T09:02:10,1994-11-15,20.20947302039405,yale_shiller_ie_data,http://www.econ.yale.edu/~shiller/data/ie_data.xls,0df9392b7dacf91f756e92c8db508ad903c4588b43f3253680eec3dd8b40db68,2026-06-01T09:02:10
1994-12-01,2026-06-01T09:02:10,1994-12-15,19.911484108090335,yale_shiller_ie_data,http://www.econ.yale.edu/~shiller/data/ie_data.xls,0df9392b7dacf91f756e92c8db508ad903c4588b43f3253680eec3dd8b40db68,2026-06-01T09:02:10
1995-01-01,2026-06-01T09:02:10,1995-01-13,20.219119422457304,yale_shiller_ie_data,http://www.econ.yale.edu/~shiller/data/ie_data.xls,0df9392b7dacf91f756e92c8db508ad903c4588b43f3253680eec3dd8b40db68,2026-06-01T09:02:10
1995-02-01,2026-06-01T09:02:10,1995-02-15,20.802571764332683,yale_shiller_ie_data,http://www.econ.yale.edu/~shiller/data/ie_data.xls,0df9392b7dacf91f756e92c8db508ad903c4588b43f3253680eec3dd8b40db68,2026-06-01T09:02:10
1995-03-01,2026-06-01T09:02:10,1995-03-15,21.15273730203699,yale_shiller_ie_data,http://www.econ.yale.edu/~shiller/data/ie_data.xls,0df9392b7dacf91f756e92c8db508ad903c4588b43f3253680eec3dd8b40db68,2026-06-01T09:02:10
1995-04-01,2026-06-01T09:02:10,1995-04-14,21.64273926187965,yale_shiller_ie_data,http://www.econ.yale.edu/~shiller/data/ie_data.xls,0df9392b7dacf91f756e92c8db508ad903c4588b43f3253680eec3dd8b40db68,2026-06-01T09:02:10
1995-05-01,2026-06-01T09:02:10,1995-05-15,22.19542669801995,yale_shiller_ie_data,http://www.econ.yale.edu/~shiller/data/ie_data.xls,0df9392b7dacf91f756e92c8db508ad903c4588b43f3253680eec3dd8b40db68,2026-06-01T09:02:10
1995-06-01,2026-06-01T09:02:10,1995-06-15,22.71835675952061,yale_shiller_ie_data,http://www.econ.yale.edu/~shiller/data/ie_data.xls,0df9392b7dacf91f756e92c8db508ad903c4588b43f3253680eec3dd8b40db68,2026-06-01T09:02:10
1995-07-01,2026-06-01T09:02:10,1995-07-14,23.376412691512137,yale_shiller_ie_data,http://www.econ.yale.edu/~shiller/data/ie_data.xls,0df9392b7dacf91f756e92c8db508ad903c4588b43f3253680eec3dd8b40db68,2026-06-01T09:02:10
1995-08-01,2026-06-01T09:02:10,1995-08-15,23.28407025623054,yale_shiller_ie_data,http://www.econ.yale.edu/~shiller/data/ie_data.xls,0df9392b7dacf91f756e92c8db508ad903c4588b43f3253680eec3dd8b40db68,2026-06-01T09:02:10
1995-09-01,2026-06-01T09:02:10,1995-09-15,23.94600707529987,yale_shiller_ie_data,http://www.econ.yale.edu/~shiller/data/ie_data.xls,0df9392b7dacf91f756e92c8db508ad903c4588b43f3253680eec3dd8b40db68,2026-06-01T09:02:10
1995-10-01,2026-06-01T09:02:10,1995-10-13,23.92676276408328,yale_shiller_ie_data,http://www.econ.yale.edu/~shiller/data/ie_data.xls,0df9392b7dacf91f756e92c8db508ad903c4588b43f3253680eec3dd8b40db68,2026-06-01T09:02:10
1995-11-01,2026-06-01T09:02:10,1995-11-15,24.34758688111482,yale_shiller_ie_data,http://www.econ.yale.edu/~shiller/data/ie_data.xls,0df9392b7dacf91f756e92c8db508ad903c4588b43f3253680eec3dd8b40db68,2026-06-01T09:02:10
1995-12-01,2026-06-01T09:02:10,1995-12-15,25.027380664939116,yale_shiller_ie_data,http://www.econ.yale.edu/~shiller/data/ie_data.xls,0df9392b7dacf91f756e92c8db508ad903c4588b43f3253680eec3dd8b40db68,2026-06-01T09:02:10
1996-01-01,2026-06-01T09:02:10,1996-01-15,24.76246519464403,yale_shiller_ie_data,http://www.econ.yale.edu/~shiller/data/ie_data.xls,0df9392b7dacf91f756e92c8db508ad903c4588b43f3253680eec3dd8b40db68,2026-06-01T09:02:10
1996-02-01,2026-06-01T09:02:10,1996-02-15,25.97606555059339,yale_shiller_ie_data,http://www.econ.yale.edu/~shiller/data/ie_data.xls,0df9392b7dacf91f756e92c8db508ad903c4588b43f3253680eec3dd8b40db68,2026-06-01T09:02:10
1996-03-01,2026-06-01T09:02:10,1996-03-15,25.629930395216117,yale_shiller_ie_data,http://www.econ.yale.edu/~shiller/data/ie_data.xls,0df9392b7dacf91f756e92c8db508ad903c4588b43f3253680eec3dd8b40db68,2026-06-01T09:02:10
1996-04-01,2026-06-01T09:02:10,1996-04-15,25.424203848381524,yale_shiller_ie_data,http://www.econ.yale.edu/~shiller/data/ie_data.xls,0df9392b7dacf91f756e92c8db508ad903c4588b43f3253680eec3dd8b40db68,2026-06-01T09:02:10
1996-05-01,2026-06-01T09:02:10,1996-05-15,25.81404382769903,yale_shiller_ie_data,http://www.econ.yale.edu/~shiller/data/ie_data.xls,0df9392b7dacf91f756e92c8db508ad903c4588b43f3253680eec3dd8b40db68,2026-06-01T09:02:10
1996-06-01,2026-06-01T09:02:10,1996-06-14,25.96667355833385,yale_shiller_ie_data,http://www.econ.yale.edu/~shiller/data/ie_data.xls,0df9392b7dacf91f756e92c8db508ad903c4588b43f3253680eec3dd8b40db68,2026-06-01T09:02:10
1996-07-01,2026-06-01T09:02:10,1996-07-15,24.858411332348393,yale_shiller_ie_data,http://www.econ.yale.edu/~shiller/data/ie_data.xls,0df9392b7dacf91f756e92c8db508ad903c4588b43f3253680eec3dd8b40db68,2026-06-01T09:02:10
1996-08-01,2026-06-01T09:02:10,1996-08-15,25.412529121454945,yale_shiller_ie_data,http://www.econ.yale.edu/~shiller/data/ie_data.xls,0df9392b7dacf91f756e92c8db508ad903c4588b43f3253680eec3dd8b40db68,2026-06-01T09:02:10
1996-09-01,2026-06-01T09:02:10,1996-09-13,25.680115512876764,yale_shiller_ie_data,http://www.econ.yale.edu/~shiller/data/ie_data.xls,0df9392b7dacf91f756e92c8db508ad903c4588b43f3253680eec3dd8b40db68,2026-06-01T09:02:10
1996-10-01,2026-06-01T09:02:10,1996-10-15,26.483467720897202,yale_shiller_ie_data,http://www.econ.yale.edu/~shiller/data/ie_data.xls,0df9392b7dacf91f756e92c8db508ad903c4588b43f3253680eec3dd8b40db68,2026-06-01T09:02:10
1996-11-01,2026-06-01T09:02:10,1996-11-15,27.5856120490128,yale_shiller_ie_data,http://www.econ.yale.edu/~shiller/data/ie_data.xls,0df9392b7dacf91f756e92c8db508ad903c4588b43f3253680eec3dd8b40db68,2026-06-01T09:02:10
1996-12-01,2026-06-01T09:02:10,1996-12-13,27.72394616389397,yale_shiller_ie_data,http://www.econ.yale.edu/~shiller/data/ie_data.xls,0df9392b7dacf91f756e92c8db508ad903c4588b43f3253680eec3dd8b40db68,2026-06-01T09:02:10
1997-01-01,2026-06-01T09:02:10,1997-01-15,28.332870129950372,yale_shiller_ie_data,http://www.econ.yale.edu/~shiller/data/ie_data.xls,0df9392b7dacf91f756e92c8db508ad903c4588b43f3253680eec3dd8b40db68,2026-06-01T09:02:10
1997-02-01,2026-06-01T09:02:10,1997-02-14,29.26563488357595,yale_shiller_ie_data,http://www.econ.yale.edu/~shiller/data/ie_data.xls,0df9392b7dacf91f756e92c8db508ad903c4588b43f3253680eec3dd8b40db68,2026-06-01T09:02:10
1997-03-01,2026-06-01T09:02:10,1997-03-14,28.802458591871662,yale_shiller_ie_data,http://www.econ.yale.edu/~shiller/data/ie_data.xls,0df9392b7dacf91f756e92c8db508ad903c4588b43f3253680eec3dd8b40db68,2026-06-01T09:02:10
1997-04-01,2026-06-01T09:02:10,1997-04-15,27.585160338136546,yale_shiller_ie_data,http://www.econ.yale.edu/~shiller/data/ie_data.xls,0df9392b7dacf91f756e92c8db508ad903c4588b43f3253680eec3dd8b40db68,2026-06-01T09:02:10
1997-05-01,2026-06-01T09:02:10,1997-05-15,29.92836222468878,yale_shiller_ie_data,http://www.econ.yale.edu/~shiller/data/ie_data.xls,0df9392b7dacf91f756e92c8db508ad903c4588b43f3253680eec3dd8b40db68,2026-06-01T09:02:10
1997-06-01,2026-06-01T09:02:10,1997-06-13,31.25656061638128,yale_shiller_ie_data,http://www.econ.yale.edu/~shiller/data/ie_data.xls,0df9392b7dacf91f756e92c8db508ad903c4588b43f3253680eec3dd8b40db68,2026-06-01T09:02:10
1997-07-01,2026-06-01T09:02:10,1997-07-15,32.76663768966994,yale_shiller_ie_data,http://www.econ.yale.edu/~shiller/data/ie_data.xls,0df9392b7dacf91f756e92c8db508ad903c4588b43f3253680eec3dd8b40db68,2026-06-01T09:02:10
1997-08-01,2026-06-01T09:02:10,1997-08-15,32.58628348671318,yale_shiller_ie_data,http://www.econ.yale.edu/~shiller/data/ie_data.xls,0df9392b7dacf91f756e92c8db508ad903c4588b43f3253680eec3dd8b40db68,2026-06-01T09:02:10
1997-09-01,2026-06-01T09:02:10,1997-09-15,32.666581341708635,yale_shiller_ie_data,http://www.econ.yale.edu/~shiller/data/ie_data.xls,0df9392b7dacf91f756e92c8db508ad903c4588b43f3253680eec3dd8b40db68,2026-06-01T09:02:10
1997-10-01,2026-06-01T09:02:10,1997-10-15,32.901498179798125,yale_shiller_ie_data,http://www.econ.yale.edu/~shiller/data/ie_data.xls,0df9392b7dacf91f756e92c8db508ad903c4588b43f3253680eec3dd8b40db68,2026-06-01T09:02:10
1997-11-01,2026-06-01T09:02:10,1997-11-14,32.336600532812675,yale_shiller_ie_data,http://www.econ.yale.edu/~shiller/data/ie_data.xls,0df9392b7dacf91f756e92c8db508ad903c4588b43f3253680eec3dd8b40db68,2026-06-01T09:02:10
1997-12-01,2026-06-01T09:02:10,1997-12-15,33.030789042905425,yale_shiller_ie_data,http://www.econ.yale.edu/~shiller/data/ie_data.xls,0df9392b7dacf91f756e92c8db508ad903c4588b43f3253680eec3dd8b40db68,2026-06-01T09:02:10
1998-01-01,2026-06-01T09:02:10,1998-01-15,32.859968415052236,yale_shiller_ie_data,http://www.econ.yale.edu/~shiller/data/ie_data.xls,0df9392b7dacf91f756e92c8db508ad903c4588b43f3253680eec3dd8b40db68,2026-06-01T09:02:10
1998-02-01,2026-06-01T09:02:10,1998-02-13,34.70967778226998,yale_shiller_ie_data,http://www.econ.yale.edu/~shiller/data/ie_data.xls,0df9392b7dacf91f756e92c8db508ad903c4588b43f3253680eec3dd8b40db68,2026-06-01T09:02:10
1998-03-01,2026-06-01T09:02:10,1998-03-13,36.29692773642508,yale_shiller_ie_data,http://www.econ.yale.edu/~shiller/data/ie_data.xls,0df9392b7dacf91f756e92c8db508ad903c4588b43f3253680eec3dd8b40db68,2026-06-01T09:02:10
1998-04-01,2026-06-01T09:02:10,1998-04-15,37.27693404302875,yale_shiller_ie_data,http://www.econ.yale.edu/~shiller/data/ie_data.xls,0df9392b7dacf91f756e92c8db508ad903c4588b43f3253680eec3dd8b40db68,2026-06-01T09:02:10
1998-05-01,2026-06-01T09:02:10,1998-05-15,36.956598518968995,yale_shiller_ie_data,http://www.econ.yale.edu/~shiller/data/ie_data.xls,0df9392b7dacf91f756e92c8db508ad903c4588b43f3253680eec3dd8b40db68,2026-06-01T09:02:10
1998-06-01,2026-06-01T09:02:10,1998-06-15,36.802293460092024,yale_shiller_ie_data,http://www.econ.yale.edu/~shiller/data/ie_data.xls,0df9392b7dacf91f756e92c8db508ad903c4588b43f3253680eec3dd8b40db68,2026-06-01T09:02:10
1998-07-01,2026-06-01T09:02:10,1998-07-15,38.25964508524856,yale_shiller_ie_data,http://www.econ.yale.edu/~shiller/data/ie_data.xls,0df9392b7dacf91f756e92c8db508ad903c4588b43f3253680eec3dd8b40db68,2026-06-01T09:02:10
1998-08-01,2026-06-01T09:02:10,1998-08-14,35.42340102487832,yale_shiller_ie_data,http://www.econ.yale.edu/~shiller/data/ie_data.xls,0df9392b7dacf91f756e92c8db508ad903c4588b43f3253680eec3dd8b40db68,2026-06-01T09:02:10
1998-09-01,2026-06-01T09:02:10,1998-09-15,33.5323569808349,yale_shiller_ie_data,http://www.econ.yale.edu/~shiller/data/ie_data.xls,0df9392b7dacf91f756e92c8db508ad903c4588b43f3253680eec3dd8b40db68,2026-06-01T09:02:10
1998-10-01,2026-06-01T09:02:10,1998-10-15,33.773102879048146,yale_shiller_ie_data,http://www.econ.yale.edu/~shiller/data/ie_data.xls,0df9392b7dacf91f756e92c8db508ad903c4588b43f3253680eec3dd8b40db68,2026-06-01T09:02:10
1998-11-01,2026-06-01T09:02:10,1998-11-13,37.36939188392094,yale_shiller_ie_data,http://www.econ.yale.edu/~shiller/data/ie_data.xls,0df9392b7dacf91f756e92c8db508ad903c4588b43f3253680eec3dd8b40db68,2026-06-01T09:02:10
1998-12-01,2026-06-01T09:02:10,1998-12-15,38.82027478009814,yale_shiller_ie_data,http://www.econ.yale.edu/~shiller/data/ie_data.xls,0df9392b7dacf91f756e92c8db508ad903c4588b43f3253680eec3dd8b40db68,2026-06-01T09:02:10
1999-01-01,2026-06-01T09:02:10,1999-01-15,40.57695767720811,yale_shiller_ie_data,http://www.econ.yale.edu/~shiller/data/ie_data.xls,0df9392b7dacf91f756e92c8db508ad903c4588b43f3253680eec3dd8b40db68,2026-06-01T09:02:10
1999-02-01,2026-06-01T09:02:10,1999-02-15,40.40015922925994,yale_shiller_ie_data,http://www.econ.yale.edu/~shiller/data/ie_data.xls,0df9392b7dacf91f756e92c8db508ad903c4588b43f3253680eec3dd8b40db68,2026-06-01T09:02:10
1999-03-01,2026-06-01T09:02:10,1999-03-15,41.35610363271298,yale_shiller_ie_data,http://www.econ.yale.edu/~shiller/data/ie_data.xls,0df9392b7dacf91f756e92c8db508ad903c4588b43f3253680eec3dd8b40db68,2026-06-01T09:02:10
1999-04-01,2026-06-01T09:02:10,1999-04-15,42.70450951689213,yale_shiller_ie_data,http://www.econ.yale.edu/~shiller/data/ie_data.xls,0df9392b7dacf91f756e92c8db508ad903c4588b43f3253680eec3dd8b40db68,2026-06-01T09:02:10
1999-05-01,2026-06-01T09:02:10,1999-05-14,42.55667670951804,yale_shiller_ie_data,http://www.econ.yale.edu/~shiller/data/ie_data.xls,0df9392b7dacf91f756e92c8db508ad903c4588b43f3253680eec3dd8b40db68,2026-06-01T09:02:10
1999-06-01,2026-06-01T09:02:10,1999-06-15,42.180675911746924,yale_shiller_ie_data,http://www.econ.yale.edu/~shiller/data/ie_data.xls,0df9392b7dacf91f756e92c8db508ad903c4588b43f3253680eec3dd8b40db68,2026-06-01T09:02:10
1999-07-01,2026-06-01T09:02:10,1999-07-15,43.828035992805404,yale_shiller_ie_data,http://www.econ.yale.edu/~shiller/data/ie_data.xls,0df9392b7dacf91f756e92c8db508ad903c4588b43f3253680eec3dd8b40db68,2026-06-01T09:02:10
1999-08-01,2026-06-01T09:02:10,1999-08-13,41.930712159940455,yale_shiller_ie_data,http://www.econ.yale.edu/~shiller/data/ie_data.xls,0df9392b7dacf91f756e92c8db508ad903c4588b43f3253680eec3dd8b40db68,2026-06-01T09:02:10
1999-09-01,2026-06-01T09:02:10,1999-09-15,41.32345133471502,yale_shiller_ie_data,http://www.econ.yale.edu/~shiller/data/ie_data.xls,0df9392b7dacf91f756e92c8db508ad903c4588b43f3253680eec3dd8b40db68,2026-06-01T09:02:10
1999-10-01,2026-06-01T09:02:10,1999-10-15,40.55285439953987,yale_shiller_ie_data,http://www.econ.yale.edu/~shiller/data/ie_data.xls,0df9392b7dacf91f756e92c8db508ad903c4588b43f3253680eec3dd8b40db68,2026-06-01T09:02:10
1999-11-01,2026-06-01T09:02:10,1999-11-15,43.208290714613916,yale_shiller_ie_data,http://www.econ.yale.edu/~shiller/data/ie_data.xls,0df9392b7dacf91f756e92c8db508ad903c4588b43f3253680eec3dd8b40db68,2026-06-01T09:02:10
1999-12-01,2026-06-01T09:02:10,1999-12-15,44.19793976104055,yale_shiller_ie_data,http://www.econ.yale.edu/~shiller/data/ie_data.xls,0df9392b7dacf91f756e92c8db508ad903c4588b43f3253680eec3dd8b40db68,2026-06-01T09:02:10
2000-01-01,2026-06-01T09:02:10,2000-01-14,43.77257814693799,yale_shiller_ie_data,http://www.econ.yale.edu/~shiller/data/ie_data.xls,0df9392b7dacf91f756e92c8db508ad903c4588b43f3253680eec3dd8b40db68,2026-06-01T09:02:10
2000-02-01,2026-06-01T09:02:10,2000-02-15,42.18563588791731,yale_shiller_ie_data,http://www.econ.yale.edu/~shiller/data/ie_data.xls,0df9392b7dacf91f756e92c8db508ad903c4588b43f3253680eec3dd8b40db68,2026-06-01T09:02:10
2000-03-01,2026-06-01T09:02:10,2000-03-15,43.22074843996587,yale_shiller_ie_data,http://www.econ.yale.edu/~shiller/data/ie_data.xls,0df9392b7dacf91f756e92c8db508ad903c4588b43f3253680eec3dd8b40db68,2026-06-01T09:02:10
2000-04-01,2026-06-01T09:02:10,2000-04-14,43.52857428850774,yale_shiller_ie_data,http://www.econ.yale.edu/~shiller/data/ie_data.xls,0df9392b7dacf91f756e92c8db508ad903c4588b43f3253680eec3dd8b40db68,2026-06-01T09:02:10
2000-05-01,2026-06-01T09:02:10,2000-05-15,41.96605050332432,yale_shiller_ie_data,http://www.econ.yale.edu/~shiller/data/ie_data.xls,0df9392b7dacf91f756e92c8db508ad903c4588b43f3253680eec3dd8b40db68,2026-06-01T09:02:10
2000-06-01,2026-06-01T09:02:10,2000-06-15,42.781971567071444,yale_shiller_ie_data,http://www.econ.yale.edu/~shiller/data/ie_data.xls,0df9392b7dacf91f756e92c8db508ad903c4588b43f3253680eec3dd8b40db68,2026-06-01T09:02:10
2000-07-01,2026-06-01T09:02:10,2000-07-14,42.75809361826958,yale_shiller_ie_data,http://www.econ.yale.edu/~shiller/data/ie_data.xls,0df9392b7dacf91f756e92c8db508ad903c4588b43f3253680eec3dd8b40db68,2026-06-01T09:02:10
2000-08-01,2026-06-01T09:02:10,2000-08-15,42.869565494419476,yale_shiller_ie_data,http://www.econ.yale.edu/~shiller/data/ie_data.xls,0df9392b7dacf91f756e92c8db508ad903c4588b43f3253680eec3dd8b40db68,2026-06-01T09:02:10
2000-09-01,2026-06-01T09:02:10,2000-09-15,41.89800792488472,yale_shiller_ie_data,http://www.econ.yale.edu/~shiller/data/ie_data.xls,0df9392b7dacf91f756e92c8db508ad903c4588b43f3253680eec3dd8b40db68,2026-06-01T09:02:10
2000-10-01,2026-06-01T09:02:10,2000-10-13,39.369699044201354,yale_shiller_ie_data,http://www.econ.yale.edu/~shiller/data/ie_data.xls,0df9392b7dacf91f756e92c8db508ad903c4588b43f3253680eec3dd8b40db68,2026-06-01T09:02:10
2000-11-01,2026-06-01T09:02:10,2000-11-15,38.78214245678476,yale_shiller_ie_data,http://www.econ.yale.edu/~shiller/data/ie_data.xls,0df9392b7dacf91f756e92c8db508ad903c4588b43f3253680eec3dd8b40db68,2026-06-01T09:02:10
2000-12-01,2026-06-01T09:02:10,2000-12-15,37.27423800449718,yale_shiller_ie_data,http://www.econ.yale.edu/~shiller/data/ie_data.xls,0df9392b7dacf91f756e92c8db508ad903c4588b43f3253680eec3dd8b40db68,2026-06-01T09:02:10
2001-01-01,2026-06-01T09:02:10,2001-01-15,36.97886799702981,yale_shiller_ie_data,http://www.econ.yale.edu/~shiller/data/ie_data.xls,0df9392b7dacf91f756e92c8db508ad903c4588b43f3253680eec3dd8b40db68,2026-06-01T09:02:10
2001-02-01,2026-06-01T09:02:10,2001-02-15,35.834662651431266,yale_shiller_ie_data,http://www.econ.yale.edu/~shiller/data/ie_data.xls,0df9392b7dacf91f756e92c8db508ad903c4588b43f3253680eec3dd8b40db68,2026-06-01T09:02:10
2001-03-01,2026-06-01T09:02:10,2001-03-15,32.32583723617873,yale_shiller_ie_data,http://www.econ.yale.edu/~shiller/data/ie_data.xls,0df9392b7dacf91f756e92c8db508ad903c4588b43f3253680eec3dd8b40db68,2026-06-01T09:02:10
2001-04-01,2026-06-01T09:02:10,2001-04-13,32.17390116836067,yale_shiller_ie_data,http://www.econ.yale.edu/~shiller/data/ie_data.xls,0df9392b7dacf91f756e92c8db508ad903c4588b43f3253680eec3dd8b40db68,2026-06-01T09:02:10
2001-05-01,2026-06-01T09:02:10,2001-05-15,34.074643217140014,yale_shiller_ie_data,http://www.econ.yale.edu/~shiller/data/ie_data.xls,0df9392b7dacf91f756e92c8db508ad903c4588b43f3253680eec3dd8b40db68,2026-06-01T09:02:10
2001-06-01,2026-06-01T09:02:10,2001-06-15,33.06853441111275,yale_shiller_ie_data,http://www.econ.yale.edu/~shiller/data/ie_data.xls,0df9392b7dacf91f756e92c8db508ad903c4588b43f3253680eec3dd8b40db68,2026-06-01T09:02:10
2001-07-01,2026-06-01T09:02:10,2001-07-13,32.16303868744433,yale_shiller_ie_data,http://www.econ.yale.edu/~shiller/data/ie_data.xls,0df9392b7dacf91f756e92c8db508ad903c4588b43f3253680eec3dd8b40db68,2026-06-01T09:02:10
2001-08-01,2026-06-01T09:02:10,2001-08-15,31.404318760780118,yale_shiller_ie_data,http://www.econ.yale.edu/~shiller/data/ie_data.xls,0df9392b7dacf91f756e92c8db508ad903c4588b43f3253680eec3dd8b40db68,2026-06-01T09:02:10
2001-09-01,2026-06-01T09:02:10,2001-09-14,27.66739258686248,yale_shiller_ie_data,http://www.econ.yale.edu/~shiller/data/ie_data.xls,0df9392b7dacf91f756e92c8db508ad903c4588b43f3253680eec3dd8b40db68,2026-06-01T09:02:10
2001-10-01,2026-06-01T09:02:10,2001-10-15,28.57737311336008,yale_shiller_ie_data,http://www.econ.yale.edu/~shiller/data/ie_data.xls,0df9392b7dacf91f756e92c8db508ad903c4588b43f3253680eec3dd8b40db68,2026-06-01T09:02:10
2001-11-01,2026-06-01T09:02:10,2001-11-15,30.00510381105679,yale_shiller_ie_data,http://www.econ.yale.edu/~shiller/data/ie_data.xls,0df9392b7dacf91f756e92c8db508ad903c4588b43f3253680eec3dd8b40db68,2026-06-01T09:02:10
2001-12-01,2026-06-01T09:02:10,2001-12-14,30.499953255020433,yale_shiller_ie_data,http://www.econ.yale.edu/~shiller/data/ie_data.xls,0df9392b7dacf91f756e92c8db508ad903c4588b43f3253680eec3dd8b40db68,2026-06-01T09:02:10
2002-01-01,2026-06-01T09:02:10,2002-01-15,30.277204433095978,yale_shiller_ie_data,http://www.econ.yale.edu/~shiller/data/ie_data.xls,0df9392b7dacf91f756e92c8db508ad903c4588b43f3253680eec3dd8b40db68,2026-06-01T09:02:10
2002-02-01,2026-06-01T09:02:10,2002-02-15,29.085704152008407,yale_shiller_ie_data,http://www.econ.yale.edu/~shiller/data/ie_data.xls,0df9392b7dacf91f756e92c8db508ad903c4588b43f3253680eec3dd8b40db68,2026-06-01T09:02:10
2002-03-01,2026-06-01T09:02:10,2002-03-15,30.292130640918653,yale_shiller_ie_data,http://www.econ.yale.edu/~shiller/data/ie_data.xls,0df9392b7dacf91f756e92c8db508ad903c4588b43f3253680eec3dd8b40db68,2026-06-01T09:02:10
2002-04-01,2026-06-01T09:02:10,2002-04-15,29.00588325311866,yale_shiller_ie_data,http://www.econ.yale.edu/~shiller/data/ie_data.xls,0df9392b7dacf91f756e92c8db508ad903c4588b43f3253680eec3dd8b40db68,2026-06-01T09:02:10
2002-05-01,2026-06-01T09:02:10,2002-05-15,28.128107508688316,yale_shiller_ie_data,http://www.econ.yale.edu/~shiller/data/ie_data.xls,0df9392b7dacf91f756e92c8db508ad903c4588b43f3253680eec3dd8b40db68,2026-06-01T09:02:10
2002-06-01,2026-06-01T09:02:10,2002-06-14,26.38767254118334,yale_shiller_ie_data,http://www.econ.yale.edu/~shiller/data/ie_data.xls,0df9392b7dacf91f756e92c8db508ad903c4588b43f3253680eec3dd8b40db68,2026-06-01T09:02:10
2002-07-01,2026-06-01T09:02:10,2002-07-15,23.463120467431427,yale_shiller_ie_data,http://www.econ.yale.edu/~shiller/data/ie_data.xls,0df9392b7dacf91f756e92c8db508ad903c4588b43f3253680eec3dd8b40db68,2026-06-01T09:02:10
2002-08-01,2026-06-01T09:02:10,2002-08-15,23.58871352884236,yale_shiller_ie_data,http://www.econ.yale.edu/~shiller/data/ie_data.xls,0df9392b7dacf91f756e92c8db508ad903c4588b43f3253680eec3dd8b40db68,2026-06-01T09:02:10
2002-09-01,2026-06-01T09:02:10,2002-09-13,22.365036801224317,yale_shiller_ie_data,http://www.econ.yale.edu/~shiller/data/ie_data.xls,0df9392b7dacf91f756e92c8db508ad903c4588b43f3253680eec3dd8b40db68,2026-06-01T09:02:10
2002-10-01,2026-06-01T09:02:10,2002-10-15,21.95623386365907,yale_shiller_ie_data,http://www.econ.yale.edu/~shiller/data/ie_data.xls,0df9392b7dacf91f756e92c8db508ad903c4588b43f3253680eec3dd8b40db68,2026-06-01T09:02:10
2002-11-01,2026-06-01T09:02:10,2002-11-15,23.348396502725116,yale_shiller_ie_data,http://www.econ.yale.edu/~shiller/data/ie_data.xls,0df9392b7dacf91f756e92c8db508ad903c4588b43f3253680eec3dd8b40db68,2026-06-01T09:02:10
2002-12-01,2026-06-01T09:02:10,2002-12-13,23.101442537685614,yale_shiller_ie_data,http://www.econ.yale.edu/~shiller/data/ie_data.xls,0df9392b7dacf91f756e92c8db508ad903c4588b43f3253680eec3dd8b40db68,2026-06-01T09:02:10
2003-01-01,2026-06-01T09:02:10,2003-01-15,22.8983485766132,yale_shiller_ie_data,http://www.econ.yale.edu/~shiller/data/ie_data.xls,0df9392b7dacf91f756e92c8db508ad903c4588b43f3253680eec3dd8b40db68,2026-06-01T09:02:10
2003-02-01,2026-06-01T09:02:10,2003-02-14,21.214102123415266,yale_shiller_ie_data,http://www.econ.yale.edu/~shiller/data/ie_data.xls,0df9392b7dacf91f756e92c8db508ad903c4588b43f3253680eec3dd8b40db68,2026-06-01T09:02:10
2003-03-01,2026-06-01T09:02:10,2003-03-14,21.30971902699097,yale_shiller_ie_data,http://www.econ.yale.edu/~shiller/data/ie_data.xls,0df9392b7dacf91f756e92c8db508ad903c4588b43f3253680eec3dd8b40db68,2026-06-01T09:02:10
2003-04-01,2026-06-01T09:02:10,2003-04-15,22.42793957773088,yale_shiller_ie_data,http://www.econ.yale.edu/~shiller/data/ie_data.xls,0df9392b7dacf91f756e92c8db508ad903c4588b43f3253680eec3dd8b40db68,2026-06-01T09:02:10
2003-05-01,2026-06-01T09:02:10,2003-05-15,23.591080453481464,yale_shiller_ie_data,http://www.econ.yale.edu/~shiller/data/ie_data.xls,0df9392b7dacf91f756e92c8db508ad903c4588b43f3253680eec3dd8b40db68,2026-06-01T09:02:10
2003-06-01,2026-06-01T09:02:10,2003-06-13,24.832223259531045,yale_shiller_ie_data,http://www.econ.yale.edu/~shiller/data/ie_data.xls,0df9392b7dacf91f756e92c8db508ad903c4588b43f3253680eec3dd8b40db68,2026-06-01T09:02:10
2003-07-01,2026-06-01T09:02:10,2003-07-15,24.867329101268762,yale_shiller_ie_data,http://www.econ.yale.edu/~shiller/data/ie_data.xls,0df9392b7dacf91f756e92c8db508ad903c4588b43f3253680eec3dd8b40db68,2026-06-01T09:02:10
2003-08-01,2026-06-01T09:02:10,2003-08-15,24.642251409932143,yale_shiller_ie_data,http://www.econ.yale.edu/~shiller/data/ie_data.xls,0df9392b7dacf91f756e92c8db508ad903c4588b43f3253680eec3dd8b40db68,2026-06-01T09:02:10
2003-09-01,2026-06-01T09:02:10,2003-09-15,25.243686752606234,yale_shiller_ie_data,http://www.econ.yale.edu/~shiller/data/ie_data.xls,0df9392b7dacf91f756e92c8db508ad903c4588b43f3253680eec3dd8b40db68,2026-06-01T09:02:10
2003-10-01,2026-06-01T09:02:10,2003-10-15,25.682756070579668,yale_shiller_ie_data,http://www.econ.yale.edu/~shiller/data/ie_data.xls,0df9392b7dacf91f756e92c8db508ad903c4588b43f3253680eec3dd8b40db68,2026-06-01T09:02:10
2003-11-01,2026-06-01T09:02:10,2003-11-14,25.946798218420103,yale_shiller_ie_data,http://www.econ.yale.edu/~shiller/data/ie_data.xls,0df9392b7dacf91f756e92c8db508ad903c4588b43f3253680eec3dd8b40db68,2026-06-01T09:02:10
2003-12-01,2026-06-01T09:02:10,2003-12-15,26.635170511081512,yale_shiller_ie_data,http://www.econ.yale.edu/~shiller/data/ie_data.xls,0df9392b7dacf91f756e92c8db508ad903c4588b43f3253680eec3dd8b40db68,2026-06-01T09:02:10
2004-01-01,2026-06-01T09:02:10,2004-01-15,27.65854035573655,yale_shiller_ie_data,http://www.econ.yale.edu/~shiller/data/ie_data.xls,0df9392b7dacf91f756e92c8db508ad903c4588b43f3253680eec3dd8b40db68,2026-06-01T09:02:10
2004-02-01,2026-06-01T09:02:10,2004-02-13,27.6508620367402,yale_shiller_ie_data,http://www.econ.yale.edu/~shiller/data/ie_data.xls,0df9392b7dacf91f756e92c8db508ad903c4588b43f3253680eec3dd8b40db68,2026-06-01T09:02:10
2004-03-01,2026-06-01T09:02:10,2004-03-15,26.886530384035847,yale_shiller_ie_data,http://www.econ.yale.edu/~shiller/data/ie_data.xls,0df9392b7dacf91f756e92c8db508ad903c4588b43f3253680eec3dd8b40db68,2026-06-01T09:02:10
2004-04-01,2026-06-01T09:02:10,2004-04-15,26.900577508444865,yale_shiller_ie_data,http://www.econ.yale.edu/~shiller/data/ie_data.xls,0df9392b7dacf91f756e92c8db508ad903c4588b43f3253680eec3dd8b40db68,2026-06-01T09:02:10
2004-05-01,2026-06-01T09:02:10,2004-05-14,25.90281429294374,yale_shiller_ie_data,http://www.econ.yale.edu/~shiller/data/ie_data.xls,0df9392b7dacf91f756e92c8db508ad903c4588b43f3253680eec3dd8b40db68,2026-06-01T09:02:10
2004-06-01,2026-06-01T09:02:10,2004-06-15,26.401285366474895,yale_shiller_ie_data,http://www.econ.yale.edu/~shiller/data/ie_data.xls,0df9392b7dacf91f756e92c8db508ad903c4588b43f3253680eec3dd8b40db68,2026-06-01T09:02:10
2004-07-01,2026-06-01T09:02:10,2004-07-15,25.69588864626854,yale_shiller_ie_data,http://www.econ.yale.edu/~shiller/data/ie_data.xls,0df9392b7dacf91f756e92c8db508ad903c4588b43f3253680eec3dd8b40db68,2026-06-01T09:02:10
2004-08-01,2026-06-01T09:02:10,2004-08-13,25.174462226477758,yale_shiller_ie_data,http://www.econ.yale.edu/~shiller/data/ie_data.xls,0df9392b7dacf91f756e92c8db508ad903c4588b43f3253680eec3dd8b40db68,2026-06-01T09:02:10
2004-09-01,2026-06-01T09:02:10,2004-09-15,25.66840677635768,yale_shiller_ie_data,http://www.econ.yale.edu/~shiller/data/ie_data.xls,0df9392b7dacf91f756e92c8db508ad903c4588b43f3253680eec3dd8b40db68,2026-06-01T09:02:10
2004-10-01,2026-06-01T09:02:10,2004-10-15,25.41165566548932,yale_shiller_ie_data,http://www.econ.yale.edu/~shiller/data/ie_data.xls,0df9392b7dacf91f756e92c8db508ad903c4588b43f3253680eec3dd8b40db68,2026-06-01T09:02:10
2004-11-01,2026-06-01T09:02:10,2004-11-15,26.465310814818036,yale_shiller_ie_data,http://www.econ.yale.edu/~shiller/data/ie_data.xls,0df9392b7dacf91f756e92c8db508ad903c4588b43f3253680eec3dd8b40db68,2026-06-01T09:02:10
2004-12-01,2026-06-01T09:02:10,2004-12-15,27.144808694741215,yale_shiller_ie_data,http://www.econ.yale.edu/~shiller/data/ie_data.xls,0df9392b7dacf91f756e92c8db508ad903c4588b43f3253680eec3dd8b40db68,2026-06-01T09:02:10
2005-01-01,2026-06-01T09:02:10,2005-01-14,26.587250697970365,yale_shiller_ie_data,http://www.econ.yale.edu/~shiller/data/ie_data.xls,0df9392b7dacf91f756e92c8db508ad903c4588b43f3253680eec3dd8b40db68,2026-06-01T09:02:10
2005-02-01,2026-06-01T09:02:10,2005-02-15,26.74486312810117,yale_shiller_ie_data,http://www.econ.yale.edu/~shiller/data/ie_data.xls,0df9392b7dacf91f756e92c8db508ad903c4588b43f3253680eec3dd8b40db68,2026-06-01T09:02:10
2005-03-01,2026-06-01T09:02:10,2005-03-15,26.33914213105792,yale_shiller_ie_data,http://www.econ.yale.edu/~shiller/data/ie_data.xls,0df9392b7dacf91f756e92c8db508ad903c4588b43f3253680eec3dd8b40db68,2026-06-01T09:02:10
2005-04-01,2026-06-01T09:02:10,2005-04-15,25.40892256911446,yale_shiller_ie_data,http://www.econ.yale.edu/~shiller/data/ie_data.xls,0df9392b7dacf91f756e92c8db508ad903c4588b43f3253680eec3dd8b40db68,2026-06-01T09:02:10
2005-05-01,2026-06-01T09:02:10,2005-05-13,25.65023018718296,yale_shiller_ie_data,http://www.econ.yale.edu/~shiller/data/ie_data.xls,0df9392b7dacf91f756e92c8db508ad903c4588b43f3253680eec3dd8b40db68,2026-06-01T09:02:10
2005-06-01,2026-06-01T09:02:10,2005-06-15,26.068394871883985,yale_shiller_ie_data,http://www.econ.yale.edu/~shiller/data/ie_data.xls,0df9392b7dacf91f756e92c8db508ad903c4588b43f3253680eec3dd8b40db68,2026-06-01T09:02:10
2005-07-01,2026-06-01T09:02:10,2005-07-15,26.28787109125474,yale_shiller_ie_data,http://www.econ.yale.edu/~shiller/data/ie_data.xls,0df9392b7dacf91f756e92c8db508ad903c4588b43f3253680eec3dd8b40db68,2026-06-01T09:02:10
2005-08-01,2026-06-01T09:02:10,2005-08-15,26.104381410936142,yale_shiller_ie_data,http://www.econ.yale.edu/~shiller/data/ie_data.xls,0df9392b7dacf91f756e92c8db508ad903c4588b43f3253680eec3dd8b40db68,2026-06-01T09:02:10
2005-09-01,2026-06-01T09:02:10,2005-09-15,25.730122990164464,yale_shiller_ie_data,http://www.econ.yale.edu/~shiller/data/ie_data.xls,0df9392b7dacf91f756e92c8db508ad903c4588b43f3253680eec3dd8b40db68,2026-06-01T09:02:10
2005-10-01,2026-06-01T09:02:10,2005-10-14,24.876538723647947,yale_shiller_ie_data,http://www.econ.yale.edu/~shiller/data/ie_data.xls,0df9392b7dacf91f756e92c8db508ad903c4588b43f3253680eec3dd8b40db68,2026-06-01T09:02:10
2005-11-01,2026-06-01T09:02:10,2005-11-15,25.931783309069008,yale_shiller_ie_data,http://www.econ.yale.edu/~shiller/data/ie_data.xls,0df9392b7dacf91f756e92c8db508ad903c4588b43f3253680eec3dd8b40db68,2026-06-01T09:02:10
2005-12-01,2026-06-01T09:02:10,2005-12-15,26.443803114292393,yale_shiller_ie_data,http://www.econ.yale.edu/~shiller/data/ie_data.xls,0df9392b7dacf91f756e92c8db508ad903c4588b43f3253680eec3dd8b40db68,2026-06-01T09:02:10
2006-01-01,2026-06-01T09:02:10,2006-01-13,26.468702626685708,yale_shiller_ie_data,http://www.econ.yale.edu/~shiller/data/ie_data.xls,0df9392b7dacf91f756e92c8db508ad903c4588b43f3253680eec3dd8b40db68,2026-06-01T09:02:10
2006-02-01,2026-06-01T09:02:10,2006-02-15,26.249624763583277,yale_shiller_ie_data,http://www.econ.yale.edu/~shiller/data/ie_data.xls,0df9392b7dacf91f756e92c8db508ad903c4588b43f3253680eec3dd8b40db68,2026-06-01T09:02:10
2006-03-01,2026-06-01T09:02:10,2006-03-15,26.327837778667668,yale_shiller_ie_data,http://www.econ.yale.edu/~shiller/data/ie_data.xls,0df9392b7dacf91f756e92c8db508ad903c4588b43f3253680eec3dd8b40db68,2026-06-01T09:02:10
2006-04-01,2026-06-01T09:02:10,2006-04-14,26.147280943874513,yale_shiller_ie_data,http://www.econ.yale.edu/~shiller/data/ie_data.xls,0df9392b7dacf91f756e92c8db508ad903c4588b43f3253680eec3dd8b40db68,2026-06-01T09:02:10
2006-05-01,2026-06-01T09:02:10,2006-05-15,25.650640708757326,yale_shiller_ie_data,http://www.econ.yale.edu/~shiller/data/ie_data.xls,0df9392b7dacf91f756e92c8db508ad903c4588b43f3253680eec3dd8b40db68,2026-06-01T09:02:10
2006-06-01,2026-06-01T09:02:10,2006-06-15,24.74958224164637,yale_shiller_ie_data,http://www.econ.yale.edu/~shiller/data/ie_data.xls,0df9392b7dacf91f756e92c8db508ad903c4588b43f3253680eec3dd8b40db68,2026-06-01T09:02:10
2006-07-01,2026-06-01T09:02:10,2006-07-14,24.6967867668533,yale_shiller_ie_data,http://www.econ.yale.edu/~shiller/data/ie_data.xls,0df9392b7dacf91f756e92c8db508ad903c4588b43f3253680eec3dd8b40db68,2026-06-01T09:02:10
2006-08-01,2026-06-01T09:02:10,2006-08-15,25.05139356201095,yale_shiller_ie_data,http://www.econ.yale.edu/~shiller/data/ie_data.xls,0df9392b7dacf91f756e92c8db508ad903c4588b43f3253680eec3dd8b40db68,2026-06-01T09:02:10
2006-09-01,2026-06-01T09:02:10,2006-09-15,25.644156440797378,yale_shiller_ie_data,http://www.econ.yale.edu/~shiller/data/ie_data.xls,0df9392b7dacf91f756e92c8db508ad903c4588b43f3253680eec3dd8b40db68,2026-06-01T09:02:10
2006-10-01,2026-06-01T09:02:10,2006-10-13,26.538040282101708,yale_shiller_ie_data,http://www.econ.yale.edu/~shiller/data/ie_data.xls,0df9392b7dacf91f756e92c8db508ad903c4588b43f3253680eec3dd8b40db68,2026-06-01T09:02:10
2006-11-01,2026-06-01T09:02:10,2006-11-15,26.928020270856482,yale_shiller_ie_data,http://www.econ.yale.edu/~shiller/data/ie_data.xls,0df9392b7dacf91f756e92c8db508ad903c4588b43f3253680eec3dd8b40db68,2026-06-01T09:02:10
2006-12-01,2026-06-01T09:02:10,2006-12-15,27.28268978757168,yale_shiller_ie_data,http://www.econ.yale.edu/~shiller/data/ie_data.xls,0df9392b7dacf91f756e92c8db508ad903c4588b43f3253680eec3dd8b40db68,2026-06-01T09:02:10
2007-01-01,2026-06-01T09:02:10,2007-01-15,27.20753665680713,yale_shiller_ie_data,http://www.econ.yale.edu/~shiller/data/ie_data.xls,0df9392b7dacf91f756e92c8db508ad903c4588b43f3253680eec3dd8b40db68,2026-06-01T09:02:10
2007-02-01,2026-06-01T09:02:10,2007-02-15,27.315181413516612,yale_shiller_ie_data,http://www.econ.yale.edu/~shiller/data/ie_data.xls,0df9392b7dacf91f756e92c8db508ad903c4588b43f3253680eec3dd8b40db68,2026-06-01T09:02:10
2007-03-01,2026-06-01T09:02:10,2007-03-15,26.227605554650886,yale_shiller_ie_data,http://www.econ.yale.edu/~shiller/data/ie_data.xls,0df9392b7dacf91f756e92c8db508ad903c4588b43f3253680eec3dd8b40db68,2026-06-01T09:02:10
2007-04-01,2026-06-01T09:02:10,2007-04-13,26.97626831418907,yale_shiller_ie_data,http://www.econ.yale.edu/~shiller/data/ie_data.xls,0df9392b7dacf91f756e92c8db508ad903c4588b43f3253680eec3dd8b40db68,2026-06-01T09:02:10
2007-05-01,2026-06-01T09:02:10,2007-05-15,27.548490451851258,yale_shiller_ie_data,http://www.econ.yale.edu/~shiller/data/ie_data.xls,0df9392b7dacf91f756e92c8db508ad903c4588b43f3253680eec3dd8b40db68,2026-06-01T09:02:10
2007-06-01,2026-06-01T09:02:10,2007-06-15,27.4182627404106,yale_shiller_ie_data,http://www.econ.yale.edu/~shiller/data/ie_data.xls,0df9392b7dacf91f756e92c8db508ad903c4588b43f3253680eec3dd8b40db68,2026-06-01T09:02:10
2007-07-01,2026-06-01T09:02:10,2007-07-13,27.410088167204318,yale_shiller_ie_data,http://www.econ.yale.edu/~shiller/data/ie_data.xls,0df9392b7dacf91f756e92c8db508ad903c4588b43f3253680eec3dd8b40db68,2026-06-01T09:02:10
2007-08-01,2026-06-01T09:02:10,2007-08-15,26.14860718931231,yale_shiller_ie_data,http://www.econ.yale.edu/~shiller/data/ie_data.xls,0df9392b7dacf91f756e92c8db508ad903c4588b43f3253680eec3dd8b40db68,2026-06-01T09:02:10
2007-09-01,2026-06-01T09:02:10,2007-09-14,26.725743047696906,yale_shiller_ie_data,http://www.econ.yale.edu/~shiller/data/ie_data.xls,0df9392b7dacf91f756e92c8db508ad903c4588b43f3253680eec3dd8b40db68,2026-06-01T09:02:10
2007-10-01,2026-06-01T09:02:10,2007-10-15,27.32064813046201,yale_shiller_ie_data,http://www.econ.yale.edu/~shiller/data/ie_data.xls,0df9392b7dacf91f756e92c8db508ad903c4588b43f3253680eec3dd8b40db68,2026-06-01T09:02:10
2007-11-01,2026-06-01T09:02:10,2007-11-15,25.729053579498377,yale_shiller_ie_data,http://www.econ.yale.edu/~shiller/data/ie_data.xls,0df9392b7dacf91f756e92c8db508ad903c4588b43f3253680eec3dd8b40db68,2026-06-01T09:02:10
2007-12-01,2026-06-01T09:02:10,2007-12-14,25.95551010524023,yale_shiller_ie_data,http://www.econ.yale.edu/~shiller/data/ie_data.xls,0df9392b7dacf91f756e92c8db508ad903c4588b43f3253680eec3dd8b40db68,2026-06-01T09:02:10
2008-01-01,2026-06-01T09:02:10,2008-01-15,24.02231776083682,yale_shiller_ie_data,http://www.econ.yale.edu/~shiller/data/ie_data.xls,0df9392b7dacf91f756e92c8db508ad903c4588b43f3253680eec3dd8b40db68,2026-06-01T09:02:10
2008-02-01,2026-06-01T09:02:10,2008-02-15,23.495263401811787,yale_shiller_ie_data,http://www.econ.yale.edu/~shiller/data/ie_data.xls,0df9392b7dacf91f756e92c8db508ad903c4588b43f3253680eec3dd8b40db68,2026-06-01T09:02:10
2008-03-01,2026-06-01T09:02:10,2008-03-14,22.606810842249335,yale_shiller_ie_data,http://www.econ.yale.edu/~shiller/data/ie_data.xls,0df9392b7dacf91f756e92c8db508ad903c4588b43f3253680eec3dd8b40db68,2026-06-01T09:02:10
2008-04-01,2026-06-01T09:02:10,2008-04-15,23.35604064320161,yale_shiller_ie_data,http://www.econ.yale.edu/~shiller/data/ie_data.xls,0df9392b7dacf91f756e92c8db508ad903c4588b43f3253680eec3dd8b40db68,2026-06-01T09:02:10
2008-05-01,2026-06-01T09:02:10,2008-05-15,23.69643211662318,yale_shiller_ie_data,http://www.econ.yale.edu/~shiller/data/ie_data.xls,0df9392b7dacf91f756e92c8db508ad903c4588b43f3253680eec3dd8b40db68,2026-06-01T09:02:10
2008-06-01,2026-06-01T09:02:10,2008-06-13,22.41681280228194,yale_shiller_ie_data,http://www.econ.yale.edu/~shiller/data/ie_data.xls,0df9392b7dacf91f756e92c8db508ad903c4588b43f3253680eec3dd8b40db68,2026-06-01T09:02:10
2008-07-01,2026-06-01T09:02:10,2008-07-15,20.90720646266158,yale_shiller_ie_data,http://www.econ.yale.edu/~shiller/data/ie_data.xls,0df9392b7dacf91f756e92c8db508ad903c4588b43f3253680eec3dd8b40db68,2026-06-01T09:02:10
2008-08-01,2026-06-01T09:02:10,2008-08-15,21.401617360047926,yale_shiller_ie_data,http://www.econ.yale.edu/~shiller/data/ie_data.xls,0df9392b7dacf91f756e92c8db508ad903c4588b43f3253680eec3dd8b40db68,2026-06-01T09:02:10
2008-09-01,2026-06-01T09:02:10,2008-09-15,20.362733946097514,yale_shiller_ie_data,http://www.econ.yale.edu/~shiller/data/ie_data.xls,0df9392b7dacf91f756e92c8db508ad903c4588b43f3253680eec3dd8b40db68,2026-06-01T09:02:10
2008-10-01,2026-06-01T09:02:10,2008-10-15,16.387356548789832,yale_shiller_ie_data,http://www.econ.yale.edu/~shiller/data/ie_data.xls,0df9392b7dacf91f756e92c8db508ad903c4588b43f3253680eec3dd8b40db68,2026-06-01T09:02:10
2008-11-01,2026-06-01T09:02:10,2008-11-14,15.259659405704582,yale_shiller_ie_data,http://www.econ.yale.edu/~shiller/data/ie_data.xls,0df9392b7dacf91f756e92c8db508ad903c4588b43f3253680eec3dd8b40db68,2026-06-01T09:02:10
2008-12-01,2026-06-01T09:02:10,2008-12-15,15.376080747423769,yale_shiller_ie_data,http://www.econ.yale.edu/~shiller/data/ie_data.xls,0df9392b7dacf91f756e92c8db508ad903c4588b43f3253680eec3dd8b40db68,2026-06-01T09:02:10
2009-01-01,2026-06-01T09:02:10,2009-01-15,15.174651936879666,yale_shiller_ie_data,http://www.econ.yale.edu/~shiller/data/ie_data.xls,0df9392b7dacf91f756e92c8db508ad903c4588b43f3253680eec3dd8b40db68,2026-06-01T09:02:10
2009-02-01,2026-06-01T09:02:10,2009-02-13,14.122181801918897,yale_shiller_ie_data,http://www.econ.yale.edu/~shiller/data/ie_data.xls,0df9392b7dacf91f756e92c8db508ad903c4588b43f3253680eec3dd8b40db68,2026-06-01T09:02:10
2009-03-01,2026-06-01T09:02:10,2009-03-13,13.323667656863927,yale_shiller_ie_data,http://www.econ.yale.edu/~shiller/data/ie_data.xls,0df9392b7dacf91f756e92c8db508ad903c4588b43f3253680eec3dd8b40db68,2026-06-01T09:02:10
2009-04-01,2026-06-01T09:02:10,2009-04-15,14.981866453039245,yale_shiller_ie_data,http://www.econ.yale.edu/~shiller/data/ie_data.xls,0df9392b7dacf91f756e92c8db508ad903c4588b43f3253680eec3dd8b40db68,2026-06-01T09:02:10
2009-05-01,2026-06-01T09:02:10,2009-05-15,15.996355755263155,yale_shiller_ie_data,http://www.econ.yale.edu/~shiller/data/ie_data.xls,0df9392b7dacf91f756e92c8db508ad903c4588b43f3253680eec3dd8b40db68,2026-06-01T09:02:10
2009-06-01,2026-06-01T09:02:10,2009-06-15,16.38418281621534,yale_shiller_ie_data,http://www.econ.yale.edu/~shiller/data/ie_data.xls,0df9392b7dacf91f756e92c8db508ad903c4588b43f3253680eec3dd8b40db68,2026-06-01T09:02:10
2009-07-01,2026-06-01T09:02:10,2009-07-15,16.694620816995617,yale_shiller_ie_data,http://www.econ.yale.edu/~shiller/data/ie_data.xls,0df9392b7dacf91f756e92c8db508ad903c4588b43f3253680eec3dd8b40db68,2026-06-01T09:02:10
2009-08-01,2026-06-01T09:02:10,2009-08-14,18.094069801576083,yale_shiller_ie_data,http://www.econ.yale.edu/~shiller/data/ie_data.xls,0df9392b7dacf91f756e92c8db508ad903c4588b43f3253680eec3dd8b40db68,2026-06-01T09:02:10
2009-09-01,2026-06-01T09:02:10,2009-09-15,18.83190226484009,yale_shiller_ie_data,http://www.econ.yale.edu/~shiller/data/ie_data.xls,0df9392b7dacf91f756e92c8db508ad903c4588b43f3253680eec3dd8b40db68,2026-06-01T09:02:10
2009-10-01,2026-06-01T09:02:10,2009-10-15,19.358008443486845,yale_shiller_ie_data,http://www.econ.yale.edu/~shiller/data/ie_data.xls,0df9392b7dacf91f756e92c8db508ad903c4588b43f3253680eec3dd8b40db68,2026-06-01T09:02:10
2009-11-01,2026-06-01T09:02:10,2009-11-13,19.81276107996607,yale_shiller_ie_data,http://www.econ.yale.edu/~shiller/data/ie_data.xls,0df9392b7dacf91f756e92c8db508ad903c4588b43f3253680eec3dd8b40db68,2026-06-01T09:02:10
2009-12-01,2026-06-01T09:02:10,2009-12-15,20.32237650021655,yale_shiller_ie_data,http://www.econ.yale.edu/~shiller/data/ie_data.xls,0df9392b7dacf91f756e92c8db508ad903c4588b43f3253680eec3dd8b40db68,2026-06-01T09:02:10
2010-01-01,2026-06-01T09:02:10,2010-01-15,20.527859801454422,yale_shiller_ie_data,http://www.econ.yale.edu/~shiller/data/ie_data.xls,0df9392b7dacf91f756e92c8db508ad903c4588b43f3253680eec3dd8b40db68,2026-06-01T09:02:10
2010-02-01,2026-06-01T09:02:10,2010-02-15,19.920539306600453,yale_shiller_ie_data,http://www.econ.yale.edu/~shiller/data/ie_data.xls,0df9392b7dacf91f756e92c8db508ad903c4588b43f3253680eec3dd8b40db68,2026-06-01T09:02:10
2010-03-01,2026-06-01T09:02:10,2010-03-15,21.004601209715368,yale_shiller_ie_data,http://www.econ.yale.edu/~shiller/data/ie_data.xls,0df9392b7dacf91f756e92c8db508ad903c4588b43f3253680eec3dd8b40db68,2026-06-01T09:02:10
2010-04-01,2026-06-01T09:02:10,2010-04-15,21.804845599625164,yale_shiller_ie_data,http://www.econ.yale.edu/~shiller/data/ie_data.xls,0df9392b7dacf91f756e92c8db508ad903c4588b43f3253680eec3dd8b40db68,2026-06-01T09:02:10
2010-05-01,2026-06-01T09:02:10,2010-05-14,20.48006863842341,yale_shiller_ie_data,http://www.econ.yale.edu/~shiller/data/ie_data.xls,0df9392b7dacf91f756e92c8db508ad903c4588b43f3253680eec3dd8b40db68,2026-06-01T09:02:10
2010-06-01,2026-06-01T09:02:10,2010-06-15,19.74203985373946,yale_shiller_ie_data,http://www.econ.yale.edu/~shiller/data/ie_data.xls,0df9392b7dacf91f756e92c8db508ad903c4588b43f3253680eec3dd8b40db68,2026-06-01T09:02:10
2010-07-01,2026-06-01T09:02:10,2010-07-15,19.66866047071771,yale_shiller_ie_data,http://www.econ.yale.edu/~shiller/data/ie_data.xls,0df9392b7dacf91f756e92c8db508ad903c4588b43f3253680eec3dd8b40db68,2026-06-01T09:02:10
2010-08-01,2026-06-01T09:02:10,2010-08-13,19.77029917435858,yale_shiller_ie_data,http://www.econ.yale.edu/~shiller/data/ie_data.xls,0df9392b7dacf91f756e92c8db508ad903c4588b43f3253680eec3dd8b40db68,2026-06-01T09:02:10
2010-09-01,2026-06-01T09:02:10,2010-09-15,20.381395233204035,yale_shiller_ie_data,http://www.econ.yale.edu/~shiller/data/ie_data.xls,0df9392b7dacf91f756e92c8db508ad903c4588b43f3253680eec3dd8b40db68,2026-06-01T09:02:10
2010-10-01,2026-06-01T09:02:10,2010-10-15,21.240127651759426,yale_shiller_ie_data,http://www.econ.yale.edu/~shiller/data/ie_data.xls,0df9392b7dacf91f756e92c8db508ad903c4588b43f3253680eec3dd8b40db68,2026-06-01T09:02:10
2010-11-01,2026-06-01T09:02:10,2010-11-15,21.70072382776062,yale_shiller_ie_data,http://www.econ.yale.edu/~shiller/data/ie_data.xls,0df9392b7dacf91f756e92c8db508ad903c4588b43f3253680eec3dd8b40db68,2026-06-01T09:02:10
2010-12-01,2026-06-01T09:02:10,2010-12-15,22.396379773044213,yale_shiller_ie_data,http://www.econ.yale.edu/~shiller/data/ie_data.xls,0df9392b7dacf91f756e92c8db508ad903c4588b43f3253680eec3dd8b40db68,2026-06-01T09:02:10
2011-01-01,2026-06-01T09:02:10,2011-01-14,22.978299430554983,yale_shiller_ie_data,http://www.econ.yale.edu/~shiller/data/ie_data.xls,0df9392b7dacf91f756e92c8db508ad903c4588b43f3253680eec3dd8b40db68,2026-06-01T09:02:10
2011-02-01,2026-06-01T09:02:10,2011-02-15,23.489828703298535,yale_shiller_ie_data,http://www.econ.yale.edu/~shiller/data/ie_data.xls,0df9392b7dacf91f756e92c8db508ad903c4588b43f3253680eec3dd8b40db68,2026-06-01T09:02:10
2011-03-01,2026-06-01T09:02:10,2011-03-15,22.89933643014364,yale_shiller_ie_data,http://www.econ.yale.edu/~shiller/data/ie_data.xls,0df9392b7dacf91f756e92c8db508ad903c4588b43f3253680eec3dd8b40db68,2026-06-01T09:02:10
2011-04-01,2026-06-01T09:02:10,2011-04-15,23.14392944728595,yale_shiller_ie_data,http://www.econ.yale.edu/~shiller/data/ie_data.xls,0df9392b7dacf91f756e92c8db508ad903c4588b43f3253680eec3dd8b40db68,2026-06-01T09:02:10
2011-05-01,2026-06-01T09:02:10,2011-05-13,23.05949150609534,yale_shiller_ie_data,http://www.econ.yale.edu/~shiller/data/ie_data.xls,0df9392b7dacf91f756e92c8db508ad903c4588b43f3253680eec3dd8b40db68,2026-06-01T09:02:10
2011-06-01,2026-06-01T09:02:10,2011-06-15,22.10083128661099,yale_shiller_ie_data,http://www.econ.yale.edu/~shiller/data/ie_data.xls,0df9392b7dacf91f756e92c8db508ad903c4588b43f3253680eec3dd8b40db68,2026-06-01T09:02:10
2011-07-01,2026-06-01T09:02:10,2011-07-15,22.610981701156625,yale_shiller_ie_data,http://www.econ.yale.edu/~shiller/data/ie_data.xls,0df9392b7dacf91f756e92c8db508ad903c4588b43f3253680eec3dd8b40db68,2026-06-01T09:02:10
2011-08-01,2026-06-01T09:02:10,2011-08-15,20.049852721660496,yale_shiller_ie_data,http://www.econ.yale.edu/~shiller/data/ie_data.xls,0df9392b7dacf91f756e92c8db508ad903c4588b43f3253680eec3dd8b40db68,2026-06-01T09:02:10
2011-09-01,2026-06-01T09:02:10,2011-09-15,19.69811456887771,yale_shiller_ie_data,http://www.econ.yale.edu/~shiller/data/ie_data.xls,0df9392b7dacf91f756e92c8db508ad903c4588b43f3253680eec3dd8b40db68,2026-06-01T09:02:10
2011-10-01,2026-06-01T09:02:10,2011-10-14,20.155824786688747,yale_shiller_ie_data,http://www.econ.yale.edu/~shiller/data/ie_data.xls,0df9392b7dacf91f756e92c8db508ad903c4588b43f3253680eec3dd8b40db68,2026-06-01T09:02:10
2011-11-01,2026-06-01T09:02:10,2011-11-15,20.34524679764582,yale_shiller_ie_data,http://www.econ.yale.edu/~shiller/data/ie_data.xls,0df9392b7dacf91f756e92c8db508ad903c4588b43f3253680eec3dd8b40db68,2026-06-01T09:02:10
2011-12-01,2026-06-01T09:02:10,2011-12-15,20.523575499431697,yale_shiller_ie_data,http://www.econ.yale.edu/~shiller/data/ie_data.xls,0df9392b7dacf91f756e92c8db508ad903c4588b43f3253680eec3dd8b40db68,2026-06-01T09:02:10
2012-01-01,2026-06-01T09:02:10,2012-01-13,21.213008091803452,yale_shiller_ie_data,http://www.econ.yale.edu/~shiller/data/ie_data.xls,0df9392b7dacf91f756e92c8db508ad903c4588b43f3253680eec3dd8b40db68,2026-06-01T09:02:10
2012-02-01,2026-06-01T09:02:10,2012-02-15,21.79743596371753,yale_shiller_ie_data,http://www.econ.yale.edu/~shiller/data/ie_data.xls,0df9392b7dacf91f756e92c8db508ad903c4588b43f3253680eec3dd8b40db68,2026-06-01T09:02:10
2012-03-01,2026-06-01T09:02:10,2012-03-15,22.053943972904708,yale_shiller_ie_data,http://www.econ.yale.edu/~shiller/data/ie_data.xls,0df9392b7dacf91f756e92c8db508ad903c4588b43f3253680eec3dd8b40db68,2026-06-01T09:02:10
2012-04-01,2026-06-01T09:02:10,2012-04-13,21.779246906824888,yale_shiller_ie_data,http://www.econ.yale.edu/~shiller/data/ie_data.xls,0df9392b7dacf91f756e92c8db508ad903c4588b43f3253680eec3dd8b40db68,2026-06-01T09:02:10
2012-05-01,2026-06-01T09:02:10,2012-05-15,20.941467419743475,yale_shiller_ie_data,http://www.econ.yale.edu/~shiller/data/ie_data.xls,0df9392b7dacf91f756e92c8db508ad903c4588b43f3253680eec3dd8b40db68,2026-06-01T09:02:10
2012-06-01,2026-06-01T09:02:10,2012-06-15,20.547504086856083,yale_shiller_ie_data,http://www.econ.yale.edu/~shiller/data/ie_data.xls,0df9392b7dacf91f756e92c8db508ad903c4588b43f3253680eec3dd8b40db68,2026-06-01T09:02:10
2012-07-01,2026-06-01T09:02:10,2012-07-13,20.999341293380557,yale_shiller_ie_data,http://www.econ.yale.edu/~shiller/data/ie_data.xls,0df9392b7dacf91f756e92c8db508ad903c4588b43f3253680eec3dd8b40db68,2026-06-01T09:02:10
2012-08-01,2026-06-01T09:02:10,2012-08-15,21.410428453442933,yale_shiller_ie_data,http://www.econ.yale.edu/~shiller/data/ie_data.xls,0df9392b7dacf91f756e92c8db508ad903c4588b43f3253680eec3dd8b40db68,2026-06-01T09:02:10
2012-09-01,2026-06-01T09:02:10,2012-09-14,21.783690301727678,yale_shiller_ie_data,http://www.econ.yale.edu/~shiller/data/ie_data.xls,0df9392b7dacf91f756e92c8db508ad903c4588b43f3253680eec3dd8b40db68,2026-06-01T09:02:10
2012-10-01,2026-06-01T09:02:10,2012-10-15,21.577109654528787,yale_shiller_ie_data,http://www.econ.yale.edu/~shiller/data/ie_data.xls,0df9392b7dacf91f756e92c8db508ad903c4588b43f3253680eec3dd8b40db68,2026-06-01T09:02:10
2012-11-01,2026-06-01T09:02:10,2012-11-15,20.898162059573696,yale_shiller_ie_data,http://www.econ.yale.edu/~shiller/data/ie_data.xls,0df9392b7dacf91f756e92c8db508ad903c4588b43f3253680eec3dd8b40db68,2026-06-01T09:02:10
2012-12-01,2026-06-01T09:02:10,2012-12-14,21.23826113984562,yale_shiller_ie_data,http://www.econ.yale.edu/~shiller/data/ie_data.xls,0df9392b7dacf91f756e92c8db508ad903c4588b43f3253680eec3dd8b40db68,2026-06-01T09:02:10
2013-01-01,2026-06-01T09:02:10,2013-01-15,21.900475413821813,yale_shiller_ie_data,http://www.econ.yale.edu/~shiller/data/ie_data.xls,0df9392b7dacf91f756e92c8db508ad903c4588b43f3253680eec3dd8b40db68,2026-06-01T09:02:10
2013-02-01,2026-06-01T09:02:10,2013-02-15,22.05272433686195,yale_shiller_ie_data,http://www.econ.yale.edu/~shiller/data/ie_data.xls,0df9392b7dacf91f756e92c8db508ad903c4588b43f3253680eec3dd8b40db68,2026-06-01T09:02:10
2013-03-01,2026-06-01T09:02:10,2013-03-15,22.419207114602578,yale_shiller_ie_data,http://www.econ.yale.edu/~shiller/data/ie_data.xls,0df9392b7dacf91f756e92c8db508ad903c4588b43f3253680eec3dd8b40db68,2026-06-01T09:02:10
2013-04-01,2026-06-01T09:02:10,2013-04-15,22.59565539610559,yale_shiller_ie_data,http://www.econ.yale.edu/~shiller/data/ie_data.xls,0df9392b7dacf91f756e92c8db508ad903c4588b43f3253680eec3dd8b40db68,2026-06-01T09:02:10
2013-05-01,2026-06-01T09:02:10,2013-05-15,23.41184178184241,yale_shiller_ie_data,http://www.econ.yale.edu/~shiller/data/ie_data.xls,0df9392b7dacf91f756e92c8db508ad903c4588b43f3253680eec3dd8b40db68,2026-06-01T09:02:10
2013-06-01,2026-06-01T09:02:10,2013-06-14,22.925333173915337,yale_shiller_ie_data,http://www.econ.yale.edu/~shiller/data/ie_data.xls,0df9392b7dacf91f756e92c8db508ad903c4588b43f3253680eec3dd8b40db68,2026-06-01T09:02:10
2013-07-01,2026-06-01T09:02:10,2013-07-15,23.492460177159643,yale_shiller_ie_data,http://www.econ.yale.edu/~shiller/data/ie_data.xls,0df9392b7dacf91f756e92c8db508ad903c4588b43f3253680eec3dd8b40db68,2026-06-01T09:02:10
2013-08-01,2026-06-01T09:02:10,2013-08-15,23.3566490949161,yale_shiller_ie_data,http://www.econ.yale.edu/~shiller/data/ie_data.xls,0df9392b7dacf91f756e92c8db508ad903c4588b43f3253680eec3dd8b40db68,2026-06-01T09:02:10
2013-09-01,2026-06-01T09:02:10,2013-09-13,23.442287167960608,yale_shiller_ie_data,http://www.econ.yale.edu/~shiller/data/ie_data.xls,0df9392b7dacf91f756e92c8db508ad903c4588b43f3253680eec3dd8b40db68,2026-06-01T09:02:10
2013-10-01,2026-06-01T09:02:10,2013-10-15,23.834737887631437,yale_shiller_ie_data,http://www.econ.yale.edu/~shiller/data/ie_data.xls,0df9392b7dacf91f756e92c8db508ad903c4588b43f3253680eec3dd8b40db68,2026-06-01T09:02:10
2013-11-01,2026-06-01T09:02:10,2013-11-15,24.642077092412066,yale_shiller_ie_data,http://www.econ.yale.edu/~shiller/data/ie_data.xls,0df9392b7dacf91f756e92c8db508ad903c4588b43f3253680eec3dd8b40db68,2026-06-01T09:02:10
2013-12-01,2026-06-01T09:02:10,2013-12-13,24.861869296461947,yale_shiller_ie_data,http://www.econ.yale.edu/~shiller/data/ie_data.xls,0df9392b7dacf91f756e92c8db508ad903c4588b43f3253680eec3dd8b40db68,2026-06-01T09:02:10
2014-01-01,2026-06-01T09:02:10,2014-01-15,24.859609093632724,yale_shiller_ie_data,http://www.econ.yale.edu/~shiller/data/ie_data.xls,0df9392b7dacf91f756e92c8db508ad903c4588b43f3253680eec3dd8b40db68,2026-06-01T09:02:10
2014-02-01,2026-06-01T09:02:10,2014-02-14,24.59093087789414,yale_shiller_ie_data,http://www.econ.yale.edu/~shiller/data/ie_data.xls,0df9392b7dacf91f756e92c8db508ad903c4588b43f3253680eec3dd8b40db68,2026-06-01T09:02:10
2014-03-01,2026-06-01T09:02:10,2014-03-14,24.95603915396539,yale_shiller_ie_data,http://www.econ.yale.edu/~shiller/data/ie_data.xls,0df9392b7dacf91f756e92c8db508ad903c4588b43f3253680eec3dd8b40db68,2026-06-01T09:02:10
2014-04-01,2026-06-01T09:02:10,2014-04-15,24.78631539696264,yale_shiller_ie_data,http://www.econ.yale.edu/~shiller/data/ie_data.xls,0df9392b7dacf91f756e92c8db508ad903c4588b43f3253680eec3dd8b40db68,2026-06-01T09:02:10
2014-05-01,2026-06-01T09:02:10,2014-05-15,24.943274109902593,yale_shiller_ie_data,http://www.econ.yale.edu/~shiller/data/ie_data.xls,0df9392b7dacf91f756e92c8db508ad903c4588b43f3253680eec3dd8b40db68,2026-06-01T09:02:10
2014-06-01,2026-06-01T09:02:10,2014-06-13,25.558007623511294,yale_shiller_ie_data,http://www.econ.yale.edu/~shiller/data/ie_data.xls,0df9392b7dacf91f756e92c8db508ad903c4588b43f3253680eec3dd8b40db68,2026-06-01T09:02:10
2014-07-01,2026-06-01T09:02:10,2014-07-15,25.817545976158748,yale_shiller_ie_data,http://www.econ.yale.edu/~shiller/data/ie_data.xls,0df9392b7dacf91f756e92c8db508ad903c4588b43f3253680eec3dd8b40db68,2026-06-01T09:02:10
2014-08-01,2026-06-01T09:02:10,2014-08-15,25.6176064217994,yale_shiller_ie_data,http://www.econ.yale.edu/~shiller/data/ie_data.xls,0df9392b7dacf91f756e92c8db508ad903c4588b43f3253680eec3dd8b40db68,2026-06-01T09:02:10
2014-09-01,2026-06-01T09:02:10,2014-09-15,25.918436892606202,yale_shiller_ie_data,http://www.econ.yale.edu/~shiller/data/ie_data.xls,0df9392b7dacf91f756e92c8db508ad903c4588b43f3253680eec3dd8b40db68,2026-06-01T09:02:10
2014-10-01,2026-06-01T09:02:10,2014-10-15,25.16274828308326,yale_shiller_ie_data,http://www.econ.yale.edu/~shiller/data/ie_data.xls,0df9392b7dacf91f756e92c8db508ad903c4588b43f3253680eec3dd8b40db68,2026-06-01T09:02:10
2014-11-01,2026-06-01T09:02:10,2014-11-14,26.60681714714343,yale_shiller_ie_data,http://www.econ.yale.edu/~shiller/data/ie_data.xls,0df9392b7dacf91f756e92c8db508ad903c4588b43f3253680eec3dd8b40db68,2026-06-01T09:02:10
2014-12-01,2026-06-01T09:02:10,2014-12-15,26.794085482572566,yale_shiller_ie_data,http://www.econ.yale.edu/~shiller/data/ie_data.xls,0df9392b7dacf91f756e92c8db508ad903c4588b43f3253680eec3dd8b40db68,2026-06-01T09:02:10
2015-01-01,2026-06-01T09:02:10,2015-01-15,26.492295420383137,yale_shiller_ie_data,http://www.econ.yale.edu/~shiller/data/ie_data.xls,0df9392b7dacf91f756e92c8db508ad903c4588b43f3253680eec3dd8b40db68,2026-06-01T09:02:10
2015-02-01,2026-06-01T09:02:10,2015-02-13,26.99551369938325,yale_shiller_ie_data,http://www.econ.yale.edu/~shiller/data/ie_data.xls,0df9392b7dacf91f756e92c8db508ad903c4588b43f3253680eec3dd8b40db68,2026-06-01T09:02:10
2015-03-01,2026-06-01T09:02:10,2015-03-13,26.728605452928488,yale_shiller_ie_data,http://www.econ.yale.edu/~shiller/data/ie_data.xls,0df9392b7dacf91f756e92c8db508ad903c4588b43f3253680eec3dd8b40db68,2026-06-01T09:02:10
2015-04-01,2026-06-01T09:02:10,2015-04-15,26.791371680192338,yale_shiller_ie_data,http://www.econ.yale.edu/~shiller/data/ie_data.xls,0df9392b7dacf91f756e92c8db508ad903c4588b43f3253680eec3dd8b40db68,2026-06-01T09:02:10
2015-05-01,2026-06-01T09:02:10,2015-05-15,26.806111379650833,yale_shiller_ie_data,http://www.econ.yale.edu/~shiller/data/ie_data.xls,0df9392b7dacf91f756e92c8db508ad903c4588b43f3253680eec3dd8b40db68,2026-06-01T09:02:10
2015-06-01,2026-06-01T09:02:10,2015-06-15,26.495895292784848,yale_shiller_ie_data,http://www.econ.yale.edu/~shiller/data/ie_data.xls,0df9392b7dacf91f756e92c8db508ad903c4588b43f3253680eec3dd8b40db68,2026-06-01T09:02:10
2015-07-01,2026-06-01T09:02:10,2015-07-15,26.381136336399692,yale_shiller_ie_data,http://www.econ.yale.edu/~shiller/data/ie_data.xls,0df9392b7dacf91f756e92c8db508ad903c4588b43f3253680eec3dd8b40db68,2026-06-01T09:02:10
2015-08-01,2026-06-01T09:02:10,2015-08-14,25.693658417057698,yale_shiller_ie_data,http://www.econ.yale.edu/~shiller/data/ie_data.xls,0df9392b7dacf91f756e92c8db508ad903c4588b43f3253680eec3dd8b40db68,2026-06-01T09:02:10
2015-09-01,2026-06-01T09:02:10,2015-09-15,24.496752170486435,yale_shiller_ie_data,http://www.econ.yale.edu/~shiller/data/ie_data.xls,0df9392b7dacf91f756e92c8db508ad903c4588b43f3253680eec3dd8b40db68,2026-06-01T09:02:10
2015-10-01,2026-06-01T09:02:10,2015-10-15,25.491441046066747,yale_shiller_ie_data,http://www.econ.yale.edu/~shiller/data/ie_data.xls,0df9392b7dacf91f756e92c8db508ad903c4588b43f3253680eec3dd8b40db68,2026-06-01T09:02:10
2015-11-01,2026-06-01T09:02:10,2015-11-13,26.22585189097193,yale_shiller_ie_data,http://www.econ.yale.edu/~shiller/data/ie_data.xls,0df9392b7dacf91f756e92c8db508ad903c4588b43f3253680eec3dd8b40db68,2026-06-01T09:02:10
2015-12-01,2026-06-01T09:02:10,2015-12-15,25.965424037124176,yale_shiller_ie_data,http://www.econ.yale.edu/~shiller/data/ie_data.xls,0df9392b7dacf91f756e92c8db508ad903c4588b43f3253680eec3dd8b40db68,2026-06-01T09:02:10
2016-01-01,2026-06-01T09:02:10,2016-01-15,24.206167203878476,yale_shiller_ie_data,http://www.econ.yale.edu/~shiller/data/ie_data.xls,0df9392b7dacf91f756e92c8db508ad903c4588b43f3253680eec3dd8b40db68,2026-06-01T09:02:10
2016-02-01,2026-06-01T09:02:10,2016-02-15,24.00260677728976,yale_shiller_ie_data,http://www.econ.yale.edu/~shiller/data/ie_data.xls,0df9392b7dacf91f756e92c8db508ad903c4588b43f3253680eec3dd8b40db68,2026-06-01T09:02:10
2016-03-01,2026-06-01T09:02:10,2016-03-15,25.372298620187912,yale_shiller_ie_data,http://www.econ.yale.edu/~shiller/data/ie_data.xls,0df9392b7dacf91f756e92c8db508ad903c4588b43f3253680eec3dd8b40db68,2026-06-01T09:02:10
2016-04-01,2026-06-01T09:02:10,2016-04-15,25.922337543673883,yale_shiller_ie_data,http://www.econ.yale.edu/~shiller/data/ie_data.xls,0df9392b7dacf91f756e92c8db508ad903c4588b43f3253680eec3dd8b40db68,2026-06-01T09:02:10
2016-05-01,2026-06-01T09:02:10,2016-05-13,25.694709923449977,yale_shiller_ie_data,http://www.econ.yale.edu/~shiller/data/ie_data.xls,0df9392b7dacf91f756e92c8db508ad903c4588b43f3253680eec3dd8b40db68,2026-06-01T09:02:10
2016-06-01,2026-06-01T09:02:10,2016-06-15,25.84037292767051,yale_shiller_ie_data,http://www.econ.yale.edu/~shiller/data/ie_data.xls,0df9392b7dacf91f756e92c8db508ad903c4588b43f3253680eec3dd8b40db68,2026-06-01T09:02:10
2016-07-01,2026-06-01T09:02:10,2016-07-15,26.694003256096302,yale_shiller_ie_data,http://www.econ.yale.edu/~shiller/data/ie_data.xls,0df9392b7dacf91f756e92c8db508ad903c4588b43f3253680eec3dd8b40db68,2026-06-01T09:02:10
2016-08-01,2026-06-01T09:02:10,2016-08-15,26.948872433723864,yale_shiller_ie_data,http://www.econ.yale.edu/~shiller/data/ie_data.xls,0df9392b7dacf91f756e92c8db508ad903c4588b43f3253680eec3dd8b40db68,2026-06-01T09:02:10
2016-09-01,2026-06-01T09:02:10,2016-09-15,26.72787334647854,yale_shiller_ie_data,http://www.econ.yale.edu/~shiller/data/ie_data.xls,0df9392b7dacf91f756e92c8db508ad903c4588b43f3253680eec3dd8b40db68,2026-06-01T09:02:10
2016-10-01,2026-06-01T09:02:10,2016-10-14,26.525143085070596,yale_shiller_ie_data,http://www.econ.yale.edu/~shiller/data/ie_data.xls,0df9392b7dacf91f756e92c8db508ad903c4588b43f3253680eec3dd8b40db68,2026-06-01T09:02:10
2016-11-01,2026-06-01T09:02:10,2016-11-15,26.85095353105626,yale_shiller_ie_data,http://www.econ.yale.edu/~shiller/data/ie_data.xls,0df9392b7dacf91f756e92c8db508ad903c4588b43f3253680eec3dd8b40db68,2026-06-01T09:02:10
2016-12-01,2026-06-01T09:02:10,2016-12-15,27.865098223923525,yale_shiller_ie_data,http://www.econ.yale.edu/~shiller/data/ie_data.xls,0df9392b7dacf91f756e92c8db508ad903c4588b43f3253680eec3dd8b40db68,2026-06-01T09:02:10
2017-01-01,2026-06-01T09:02:10,2017-01-13,28.06357374212446,yale_shiller_ie_data,http://www.econ.yale.edu/~shiller/data/ie_data.xls,0df9392b7dacf91f756e92c8db508ad903c4588b43f3253680eec3dd8b40db68,2026-06-01T09:02:10
2017-02-01,2026-06-01T09:02:10,2017-02-15,28.655106525184127,yale_shiller_ie_data,http://www.econ.yale.edu/~shiller/data/ie_data.xls,0df9392b7dacf91f756e92c8db508ad903c4588b43f3253680eec3dd8b40db68,2026-06-01T09:02:10
2017-03-01,2026-06-01T09:02:10,2017-03-15,29.086921742464643,yale_shiller_ie_data,http://www.econ.yale.edu/~shiller/data/ie_data.xls,0df9392b7dacf91f756e92c8db508ad903c4588b43f3253680eec3dd8b40db68,2026-06-01T09:02:10
2017-04-01,2026-06-01T09:02:10,2017-04-14,28.904245956275155,yale_shiller_ie_data,http://www.econ.yale.edu/~shiller/data/ie_data.xls,0df9392b7dacf91f756e92c8db508ad903c4588b43f3253680eec3dd8b40db68,2026-06-01T09:02:10
2017-05-01,2026-06-01T09:02:10,2017-05-15,29.31334498027143,yale_shiller_ie_data,http://www.econ.yale.edu/~shiller/data/ie_data.xls,0df9392b7dacf91f756e92c8db508ad903c4588b43f3253680eec3dd8b40db68,2026-06-01T09:02:10
2017-06-01,2026-06-01T09:02:10,2017-06-15,29.748503240632747,yale_shiller_ie_data,http://www.econ.yale.edu/~shiller/data/ie_data.xls,0df9392b7dacf91f756e92c8db508ad903c4588b43f3253680eec3dd8b40db68,2026-06-01T09:02:10
2017-07-01,2026-06-01T09:02:10,2017-07-14,30.00222074401856,yale_shiller_ie_data,http://www.econ.yale.edu/~shiller/data/ie_data.xls,0df9392b7dacf91f756e92c8db508ad903c4588b43f3253680eec3dd8b40db68,2026-06-01T09:02:10
2017-08-01,2026-06-01T09:02:10,2017-08-15,29.914959397497487,yale_shiller_ie_data,http://www.econ.yale.edu/~shiller/data/ie_data.xls,0df9392b7dacf91f756e92c8db508ad903c4588b43f3253680eec3dd8b40db68,2026-06-01T09:02:10
2017-09-01,2026-06-01T09:02:10,2017-09-15,30.168114410678903,yale_shiller_ie_data,http://www.econ.yale.edu/~shiller/data/ie_data.xls,0df9392b7dacf91f756e92c8db508ad903c4588b43f3253680eec3dd8b40db68,2026-06-01T09:02:10
2017-10-01,2026-06-01T09:02:10,2017-10-13,30.920393290333838,yale_shiller_ie_data,http://www.econ.yale.edu/~shiller/data/ie_data.xls,0df9392b7dacf91f756e92c8db508ad903c4588b43f3253680eec3dd8b40db68,2026-06-01T09:02:10
2017-11-01,2026-06-01T09:02:10,2017-11-15,31.298913333880268,yale_shiller_ie_data,http://www.econ.yale.edu/~shiller/data/ie_data.xls,0df9392b7dacf91f756e92c8db508ad903c4588b43f3253680eec3dd8b40db68,2026-06-01T09:02:10
2017-12-01,2026-06-01T09:02:10,2017-12-15,32.086132007706,yale_shiller_ie_data,http://www.econ.yale.edu/~shiller/data/ie_data.xls,0df9392b7dacf91f756e92c8db508ad903c4588b43f3253680eec3dd8b40db68,2026-06-01T09:02:10
2018-01-01,2026-06-01T09:02:10,2018-01-15,33.30734382803066,yale_shiller_ie_data,http://www.econ.yale.edu/~shiller/data/ie_data.xls,0df9392b7dacf91f756e92c8db508ad903c4588b43f3253680eec3dd8b40db68,2026-06-01T09:02:10
2018-02-01,2026-06-01T09:02:10,2018-02-15,32.03538233925029,yale_shiller_ie_data,http://www.econ.yale.edu/~shiller/data/ie_data.xls,0df9392b7dacf91f756e92c8db508ad903c4588b43f3253680eec3dd8b40db68,2026-06-01T09:02:10
2018-03-01,2026-06-01T09:02:10,2018-03-15,31.80840905764312,yale_shiller_ie_data,http://www.econ.yale.edu/~shiller/data/ie_data.xls,0df9392b7dacf91f756e92c8db508ad903c4588b43f3253680eec3dd8b40db68,2026-06-01T09:02:10
2018-04-01,2026-06-01T09:02:10,2018-04-13,30.97017929332522,yale_shiller_ie_data,http://www.econ.yale.edu/~shiller/data/ie_data.xls,0df9392b7dacf91f756e92c8db508ad903c4588b43f3253680eec3dd8b40db68,2026-06-01T09:02:10
2018-05-01,2026-06-01T09:02:10,2018-05-15,31.243615074864607,yale_shiller_ie_data,http://www.econ.yale.edu/~shiller/data/ie_data.xls,0df9392b7dacf91f756e92c8db508ad903c4588b43f3253680eec3dd8b40db68,2026-06-01T09:02:10
2018-06-01,2026-06-01T09:02:10,2018-06-15,31.6305564964546,yale_shiller_ie_data,http://www.econ.yale.edu/~shiller/data/ie_data.xls,0df9392b7dacf91f756e92c8db508ad903c4588b43f3253680eec3dd8b40db68,2026-06-01T09:02:10
2018-07-01,2026-06-01T09:02:10,2018-07-13,31.886366962158977,yale_shiller_ie_data,http://www.econ.yale.edu/~shiller/data/ie_data.xls,0df9392b7dacf91f756e92c8db508ad903c4588b43f3253680eec3dd8b40db68,2026-06-01T09:02:10
2018-08-01,2026-06-01T09:02:10,2018-08-15,32.390276880301116,yale_shiller_ie_data,http://www.econ.yale.edu/~shiller/data/ie_data.xls,0df9392b7dacf91f756e92c8db508ad903c4588b43f3253680eec3dd8b40db68,2026-06-01T09:02:10
2018-09-01,2026-06-01T09:02:10,2018-09-14,32.622891120500185,yale_shiller_ie_data,http://www.econ.yale.edu/~shiller/data/ie_data.xls,0df9392b7dacf91f756e92c8db508ad903c4588b43f3253680eec3dd8b40db68,2026-06-01T09:02:10
2018-10-01,2026-06-01T09:02:10,2018-10-15,31.0379610780065,yale_shiller_ie_data,http://www.econ.yale.edu/~shiller/data/ie_data.xls,0df9392b7dacf91f756e92c8db508ad903c4588b43f3253680eec3dd8b40db68,2026-06-01T09:02:10
2018-11-01,2026-06-01T09:02:10,2018-11-15,30.195583406705246,yale_shiller_ie_data,http://www.econ.yale.edu/~shiller/data/ie_data.xls,0df9392b7dacf91f756e92c8db508ad903c4588b43f3253680eec3dd8b40db68,2026-06-01T09:02:10
2018-12-01,2026-06-01T09:02:10,2018-12-14,28.291857012072875,yale_shiller_ie_data,http://www.econ.yale.edu/~shiller/data/ie_data.xls,0df9392b7dacf91f756e92c8db508ad903c4588b43f3253680eec3dd8b40db68,2026-06-01T09:02:10
2019-01-01,2026-06-01T09:02:10,2019-01-15,28.38016446354758,yale_shiller_ie_data,http://www.econ.yale.edu/~shiller/data/ie_data.xls,0df9392b7dacf91f756e92c8db508ad903c4588b43f3253680eec3dd8b40db68,2026-06-01T09:02:10
2019-02-01,2026-06-01T09:02:10,2019-02-15,29.541548965131213,yale_shiller_ie_data,http://www.econ.yale.edu/~shiller/data/ie_data.xls,0df9392b7dacf91f756e92c8db508ad903c4588b43f3253680eec3dd8b40db68,2026-06-01T09:02:10
2019-03-01,2026-06-01T09:02:10,2019-03-15,29.576196014784816,yale_shiller_ie_data,http://www.econ.yale.edu/~shiller/data/ie_data.xls,0df9392b7dacf91f756e92c8db508ad903c4588b43f3253680eec3dd8b40db68,2026-06-01T09:02:10
2019-04-01,2026-06-01T09:02:10,2019-04-15,30.13351717138751,yale_shiller_ie_data,http://www.econ.yale.edu/~shiller/data/ie_data.xls,0df9392b7dacf91f756e92c8db508ad903c4588b43f3253680eec3dd8b40db68,2026-06-01T09:02:10
2019-05-01,2026-06-01T09:02:10,2019-05-15,29.242030936939845,yale_shiller_ie_data,http://www.econ.yale.edu/~shiller/data/ie_data.xls,0df9392b7dacf91f756e92c8db508ad903c4588b43f3253680eec3dd8b40db68,2026-06-01T09:02:10
2019-06-01,2026-06-01T09:02:10,2019-06-14,29.283796275306262,yale_shiller_ie_data,http://www.econ.yale.edu/~shiller/data/ie_data.xls,0df9392b7dacf91f756e92c8db508ad903c4588b43f3253680eec3dd8b40db68,2026-06-01T09:02:10
2019-07-01,2026-06-01T09:02:10,2019-07-15,29.98668533504252,yale_shiller_ie_data,http://www.econ.yale.edu/~shiller/data/ie_data.xls,0df9392b7dacf91f756e92c8db508ad903c4588b43f3253680eec3dd8b40db68,2026-06-01T09:02:10
2019-08-01,2026-06-01T09:02:10,2019-08-15,28.705397371833072,yale_shiller_ie_data,http://www.econ.yale.edu/~shiller/data/ie_data.xls,0df9392b7dacf91f756e92c8db508ad903c4588b43f3253680eec3dd8b40db68,2026-06-01T09:02:10
2019-09-01,2026-06-01T09:02:10,2019-09-13,29.22952023303527,yale_shiller_ie_data,http://www.econ.yale.edu/~shiller/data/ie_data.xls,0df9392b7dacf91f756e92c8db508ad903c4588b43f3253680eec3dd8b40db68,2026-06-01T09:02:10
2019-10-01,2026-06-01T09:02:10,2019-10-15,28.841122881953403,yale_shiller_ie_data,http://www.econ.yale.edu/~shiller/data/ie_data.xls,0df9392b7dacf91f756e92c8db508ad903c4588b43f3253680eec3dd8b40db68,2026-06-01T09:02:10
2019-11-01,2026-06-01T09:02:10,2019-11-15,29.836867659083424,yale_shiller_ie_data,http://www.econ.yale.edu/~shiller/data/ie_data.xls,0df9392b7dacf91f756e92c8db508ad903c4588b43f3253680eec3dd8b40db68,2026-06-01T09:02:10
2019-12-01,2026-06-01T09:02:10,2019-12-13,30.331822322243287,yale_shiller_ie_data,http://www.econ.yale.edu/~shiller/data/ie_data.xls,0df9392b7dacf91f756e92c8db508ad903c4588b43f3253680eec3dd8b40db68,2026-06-01T09:02:10
2020-01-01,2026-06-01T09:02:10,2020-01-15,30.985220300230694,yale_shiller_ie_data,http://www.econ.yale.edu/~shiller/data/ie_data.xls,0df9392b7dacf91f756e92c8db508ad903c4588b43f3253680eec3dd8b40db68,2026-06-01T09:02:10
2020-02-01,2026-06-01T09:02:10,2020-02-14,30.729689264735743,yale_shiller_ie_data,http://www.econ.yale.edu/~shiller/data/ie_data.xls,0df9392b7dacf91f756e92c8db508ad903c4588b43f3253680eec3dd8b40db68,2026-06-01T09:02:10
2020-03-01,2026-06-01T09:02:10,2020-03-13,24.817168629099413,yale_shiller_ie_data,http://www.econ.yale.edu/~shiller/data/ie_data.xls,0df9392b7dacf91f756e92c8db508ad903c4588b43f3253680eec3dd8b40db68,2026-06-01T09:02:10
2020-04-01,2026-06-01T09:02:10,2020-04-15,25.927358825280162,yale_shiller_ie_data,http://www.econ.yale.edu/~shiller/data/ie_data.xls,0df9392b7dacf91f756e92c8db508ad903c4588b43f3253680eec3dd8b40db68,2026-06-01T09:02:10
2020-05-01,2026-06-01T09:02:10,2020-05-15,27.328480997698456,yale_shiller_ie_data,http://www.econ.yale.edu/~shiller/data/ie_data.xls,0df9392b7dacf91f756e92c8db508ad903c4588b43f3253680eec3dd8b40db68,2026-06-01T09:02:10
2020-06-01,2026-06-01T09:02:10,2020-06-15,28.838315955122845,yale_shiller_ie_data,http://www.econ.yale.edu/~shiller/data/ie_data.xls,0df9392b7dacf91f756e92c8db508ad903c4588b43f3253680eec3dd8b40db68,2026-06-01T09:02:10
2020-07-01,2026-06-01T09:02:10,2020-07-15,29.599194927666993,yale_shiller_ie_data,http://www.econ.yale.edu/~shiller/data/ie_data.xls,0df9392b7dacf91f756e92c8db508ad903c4588b43f3253680eec3dd8b40db68,2026-06-01T09:02:10
2020-08-01,2026-06-01T09:02:10,2020-08-14,31.15820896535522,yale_shiller_ie_data,http://www.econ.yale.edu/~shiller/data/ie_data.xls,0df9392b7dacf91f756e92c8db508ad903c4588b43f3253680eec3dd8b40db68,2026-06-01T09:02:10
2020-09-01,2026-06-01T09:02:10,2020-09-15,30.83942604381124,yale_shiller_ie_data,http://www.econ.yale.edu/~shiller/data/ie_data.xls,0df9392b7dacf91f756e92c8db508ad903c4588b43f3253680eec3dd8b40db68,2026-06-01T09:02:10
2020-10-01,2026-06-01T09:02:10,2020-10-15,31.28369403259284,yale_shiller_ie_data,http://www.econ.yale.edu/~shiller/data/ie_data.xls,0df9392b7dacf91f756e92c8db508ad903c4588b43f3253680eec3dd8b40db68,2026-06-01T09:02:10
2020-11-01,2026-06-01T09:02:10,2020-11-13,32.47320409661256,yale_shiller_ie_data,http://www.econ.yale.edu/~shiller/data/ie_data.xls,0df9392b7dacf91f756e92c8db508ad903c4588b43f3253680eec3dd8b40db68,2026-06-01T09:02:10
2020-12-01,2026-06-01T09:02:10,2020-12-15,33.7655914181171,yale_shiller_ie_data,http://www.econ.yale.edu/~shiller/data/ie_data.xls,0df9392b7dacf91f756e92c8db508ad903c4588b43f3253680eec3dd8b40db68,2026-06-01T09:02:10
2021-01-01,2026-06-01T09:02:10,2021-01-15,34.5124322941069,yale_shiller_ie_data,http://www.econ.yale.edu/~shiller/data/ie_data.xls,0df9392b7dacf91f756e92c8db508ad903c4588b43f3253680eec3dd8b40db68,2026-06-01T09:02:10
2021-02-01,2026-06-01T09:02:10,2021-02-15,35.103907171969816,yale_shiller_ie_data,http://www.econ.yale.edu/~shiller/data/ie_data.xls,0df9392b7dacf91f756e92c8db508ad903c4588b43f3253680eec3dd8b40db68,2026-06-01T09:02:10
2021-03-01,2026-06-01T09:02:10,2021-03-15,35.04254511219207,yale_shiller_ie_data,http://www.econ.yale.edu/~shiller/data/ie_data.xls,0df9392b7dacf91f756e92c8db508ad903c4588b43f3253680eec3dd8b40db68,2026-06-01T09:02:10
2021-04-01,2026-06-01T09:02:10,2021-04-15,36.719814109133,yale_shiller_ie_data,http://www.econ.yale.edu/~shiller/data/ie_data.xls,0df9392b7dacf91f756e92c8db508ad903c4588b43f3253680eec3dd8b40db68,2026-06-01T09:02:10
2021-05-01,2026-06-01T09:02:10,2021-05-14,36.55213398979905,yale_shiller_ie_data,http://www.econ.yale.edu/~shiller/data/ie_data.xls,0df9392b7dacf91f756e92c8db508ad903c4588b43f3253680eec3dd8b40db68,2026-06-01T09:02:10
2021-06-01,2026-06-01T09:02:10,2021-06-15,36.696258013088354,yale_shiller_ie_data,http://www.econ.yale.edu/~shiller/data/ie_data.xls,0df9392b7dacf91f756e92c8db508ad903c4588b43f3253680eec3dd8b40db68,2026-06-01T09:02:10
2021-07-01,2026-06-01T09:02:10,2021-07-15,37.443383184615385,yale_shiller_ie_data,http://www.econ.yale.edu/~shiller/data/ie_data.xls,0df9392b7dacf91f756e92c8db508ad903c4588b43f3253680eec3dd8b40db68,2026-06-01T09:02:10
2021-08-01,2026-06-01T09:02:10,2021-08-13,37.973500614070474,yale_shiller_ie_data,http://www.econ.yale.edu/~shiller/data/ie_data.xls,0df9392b7dacf91f756e92c8db508ad903c4588b43f3253680eec3dd8b40db68,2026-06-01T09:02:10
2021-09-01,2026-06-01T09:02:10,2021-09-15,37.62034668665119,yale_shiller_ie_data,http://www.econ.yale.edu/~shiller/data/ie_data.xls,0df9392b7dacf91f756e92c8db508ad903c4588b43f3253680eec3dd8b40db68,2026-06-01T09:02:10
2021-10-01,2026-06-01T09:02:10,2021-10-15,37.2530250003253,yale_shiller_ie_data,http://www.econ.yale.edu/~shiller/data/ie_data.xls,0df9392b7dacf91f756e92c8db508ad903c4588b43f3253680eec3dd8b40db68,2026-06-01T09:02:10
2021-11-01,2026-06-01T09:02:10,2021-11-15,38.5826274977192,yale_shiller_ie_data,http://www.econ.yale.edu/~shiller/data/ie_data.xls,0df9392b7dacf91f756e92c8db508ad903c4588b43f3253680eec3dd8b40db68,2026-06-01T09:02:10
2021-12-01,2026-06-01T09:02:10,2021-12-15,38.30484987346744,yale_shiller_ie_data,http://www.econ.yale.edu/~shiller/data/ie_data.xls,0df9392b7dacf91f756e92c8db508ad903c4588b43f3253680eec3dd8b40db68,2026-06-01T09:02:10
2022-01-01,2026-06-01T09:02:10,2022-01-14,36.936758070297444,yale_shiller_ie_data,http://www.econ.yale.edu/~shiller/data/ie_data.xls,0df9392b7dacf91f756e92c8db508ad903c4588b43f3253680eec3dd8b40db68,2026-06-01T09:02:10
2022-02-01,2026-06-01T09:02:10,2022-02-15,35.28714922569486,yale_shiller_ie_data,http://www.econ.yale.edu/~shiller/data/ie_data.xls,0df9392b7dacf91f756e92c8db508ad903c4588b43f3253680eec3dd8b40db68,2026-06-01T09:02:10
2022-03-01,2026-06-01T09:02:10,2022-03-15,34.270798693291724,yale_shiller_ie_data,http://www.econ.yale.edu/~shiller/data/ie_data.xls,0df9392b7dacf91f756e92c8db508ad903c4588b43f3253680eec3dd8b40db68,2026-06-01T09:02:10
2022-04-01,2026-06-01T09:02:10,2022-04-15,33.88916475591384,yale_shiller_ie_data,http://www.econ.yale.edu/~shiller/data/ie_data.xls,0df9392b7dacf91f756e92c8db508ad903c4588b43f3253680eec3dd8b40db68,2026-06-01T09:02:10
2022-05-01,2026-06-01T09:02:10,2022-05-13,30.67315507954513,yale_shiller_ie_data,http://www.econ.yale.edu/~shiller/data/ie_data.xls,0df9392b7dacf91f756e92c8db508ad903c4588b43f3253680eec3dd8b40db68,2026-06-01T09:02:10
2022-06-01,2026-06-01T09:02:10,2022-06-15,29.047721395103835,yale_shiller_ie_data,http://www.econ.yale.edu/~shiller/data/ie_data.xls,0df9392b7dacf91f756e92c8db508ad903c4588b43f3253680eec3dd8b40db68,2026-06-01T09:02:10
2022-07-01,2026-06-01T09:02:10,2022-07-15,29.00461831720893,yale_shiller_ie_data,http://www.econ.yale.edu/~shiller/data/ie_data.xls,0df9392b7dacf91f756e92c8db508ad903c4588b43f3253680eec3dd8b40db68,2026-06-01T09:02:10
2022-08-01,2026-06-01T09:02:10,2022-08-15,30.69876336517529,yale_shiller_ie_data,http://www.econ.yale.edu/~shiller/data/ie_data.xls,0df9392b7dacf91f756e92c8db508ad903c4588b43f3253680eec3dd8b40db68,2026-06-01T09:02:10
2022-09-01,2026-06-01T09:02:10,2022-09-15,28.22988465582196,yale_shiller_ie_data,http://www.econ.yale.edu/~shiller/data/ie_data.xls,0df9392b7dacf91f756e92c8db508ad903c4588b43f3253680eec3dd8b40db68,2026-06-01T09:02:10
2022-10-01,2026-06-01T09:02:10,2022-10-14,27.08076692540069,yale_shiller_ie_data,http://www.econ.yale.edu/~shiller/data/ie_data.xls,0df9392b7dacf91f756e92c8db508ad903c4588b43f3253680eec3dd8b40db68,2026-06-01T09:02:10
2022-11-01,2026-06-01T09:02:10,2022-11-15,28.378949016273314,yale_shiller_ie_data,http://www.econ.yale.edu/~shiller/data/ie_data.xls,0df9392b7dacf91f756e92c8db508ad903c4588b43f3253680eec3dd8b40db68,2026-06-01T09:02:10
2022-12-01,2026-06-01T09:02:10,2022-12-15,28.316901284527283,yale_shiller_ie_data,http://www.econ.yale.edu/~shiller/data/ie_data.xls,0df9392b7dacf91f756e92c8db508ad903c4588b43f3253680eec3dd8b40db68,2026-06-01T09:02:10
2023-01-01,2026-06-01T09:02:10,2023-01-13,28.334813423755683,yale_shiller_ie_data,http://www.econ.yale.edu/~shiller/data/ie_data.xls,0df9392b7dacf91f756e92c8db508ad903c4588b43f3253680eec3dd8b40db68,2026-06-01T09:02:10
2023-02-01,2026-06-01T09:02:10,2023-02-15,28.91976294386663,yale_shiller_ie_data,http://www.econ.yale.edu/~shiller/data/ie_data.xls,0df9392b7dacf91f756e92c8db508ad903c4588b43f3253680eec3dd8b40db68,2026-06-01T09:02:10
2023-03-01,2026-06-01T09:02:10,2023-03-15,27.953041469070055,yale_shiller_ie_data,http://www.econ.yale.edu/~shiller/data/ie_data.xls,0df9392b7dacf91f756e92c8db508ad903c4588b43f3253680eec3dd8b40db68,2026-06-01T09:02:10
2023-04-01,2026-06-01T09:02:10,2023-04-14,28.76468407710037,yale_shiller_ie_data,http://www.econ.yale.edu/~shiller/data/ie_data.xls,0df9392b7dacf91f756e92c8db508ad903c4588b43f3253680eec3dd8b40db68,2026-06-01T09:02:10
2023-05-01,2026-06-01T09:02:10,2023-05-15,28.761805827303075,yale_shiller_ie_data,http://www.econ.yale.edu/~shiller/data/ie_data.xls,0df9392b7dacf91f756e92c8db508ad903c4588b43f3253680eec3dd8b40db68,2026-06-01T09:02:10
2023-06-01,2026-06-01T09:02:10,2023-06-15,29.939593027231528,yale_shiller_ie_data,http://www.econ.yale.edu/~shiller/data/ie_data.xls,0df9392b7dacf91f756e92c8db508ad903c4588b43f3253680eec3dd8b40db68,2026-06-01T09:02:10
2023-07-01,2026-06-01T09:02:10,2023-07-14,30.8909260883331,yale_shiller_ie_data,http://www.econ.yale.edu/~shiller/data/ie_data.xls,0df9392b7dacf91f756e92c8db508ad903c4588b43f3253680eec3dd8b40db68,2026-06-01T09:02:10
2023-08-01,2026-06-01T09:02:10,2023-08-15,30.469742507138623,yale_shiller_ie_data,http://www.econ.yale.edu/~shiller/data/ie_data.xls,0df9392b7dacf91f756e92c8db508ad903c4588b43f3253680eec3dd8b40db68,2026-06-01T09:02:10
2023-09-01,2026-06-01T09:02:10,2023-09-15,30.810960610791547,yale_shiller_ie_data,http://www.econ.yale.edu/~shiller/data/ie_data.xls,0df9392b7dacf91f756e92c8db508ad903c4588b43f3253680eec3dd8b40db68,2026-06-01T09:02:10
2023-10-01,2026-06-01T09:02:11,2023-10-13,28.7,multpl,https://www.multpl.com/shiller-pe/table/by-month,,2026-06-01T09:02:11
2023-11-01,2026-06-01T09:02:11,2023-11-15,30.01,multpl,https://www.multpl.com/shiller-pe/table/by-month,,2026-06-01T09:02:11
2023-12-01,2026-06-01T09:02:11,2023-12-15,31.45,multpl,https://www.multpl.com/shiller-pe/table/by-month,,2026-06-01T09:02:11
2024-01-01,2026-06-01T09:02:11,2024-01-15,31.97,multpl,https://www.multpl.com/shiller-pe/table/by-month,,2026-06-01T09:02:11
2024-02-01,2026-06-01T09:02:11,2024-02-15,33.04,multpl,https://www.multpl.com/shiller-pe/table/by-month,,2026-06-01T09:02:11
2024-03-01,2026-06-01T09:02:11,2024-03-15,33.76,multpl,https://www.multpl.com/shiller-pe/table/by-month,,2026-06-01T09:02:11
2024-04-01,2026-06-01T09:02:11,2024-04-15,33.03,multpl,https://www.multpl.com/shiller-pe/table/by-month,,2026-06-01T09:02:11
2024-05-01,2026-06-01T09:02:11,2024-05-15,33.78,multpl,https://www.multpl.com/shiller-pe/table/by-month,,2026-06-01T09:02:11
2024-06-01,2026-06-01T09:02:11,2024-06-14,34.81,multpl,https://www.multpl.com/shiller-pe/table/by-month,,2026-06-01T09:02:11
2024-07-01,2026-06-01T09:02:11,2024-07-15,35.48,multpl,https://www.multpl.com/shiller-pe/table/by-month,,2026-06-01T09:02:11
2024-08-01,2026-06-01T09:02:11,2024-08-15,35.08,multpl,https://www.multpl.com/shiller-pe/table/by-month,,2026-06-01T09:02:11
2024-09-01,2026-06-01T09:02:11,2024-09-13,35.7,multpl,https://www.multpl.com/shiller-pe/table/by-month,,2026-06-01T09:02:11
2024-10-01,2026-06-01T09:02:11,2024-10-15,36.59,multpl,https://www.multpl.com/shiller-pe/table/by-month,,2026-06-01T09:02:11
2024-11-01,2026-06-01T09:02:11,2024-11-15,37.36,multpl,https://www.multpl.com/shiller-pe/table/by-month,,2026-06-01T09:02:11
2024-12-01,2026-06-01T09:02:11,2024-12-13,37.72,multpl,https://www.multpl.com/shiller-pe/table/by-month,,2026-06-01T09:02:11
2025-01-01,2026-06-01T09:02:11,2025-01-15,37.14,multpl,https://www.multpl.com/shiller-pe/table/by-month,,2026-06-01T09:02:11
2025-02-01,2026-06-01T09:02:11,2025-02-14,37.19,multpl,https://www.multpl.com/shiller-pe/table/by-month,,2026-06-01T09:02:11
2025-03-01,2026-06-01T09:02:11,2025-03-14,34.79,multpl,https://www.multpl.com/shiller-pe/table/by-month,,2026-06-01T09:02:11
2025-04-01,2026-06-01T09:02:11,2025-04-15,32.63,multpl,https://www.multpl.com/shiller-pe/table/by-month,,2026-06-01T09:02:11
2025-05-01,2026-06-01T09:02:11,2025-05-15,35.08,multpl,https://www.multpl.com/shiller-pe/table/by-month,,2026-06-01T09:02:11
2025-06-01,2026-06-01T09:02:11,2025-06-13,36.12,multpl,https://www.multpl.com/shiller-pe/table/by-month,,2026-06-01T09:02:11
2025-07-01,2026-06-01T09:02:11,2025-07-15,37.48,multpl,https://www.multpl.com/shiller-pe/table/by-month,,2026-06-01T09:02:11
2025-08-01,2026-06-01T09:02:11,2025-08-15,37.85,multpl,https://www.multpl.com/shiller-pe/table/by-month,,2026-06-01T09:02:11
2025-09-01,2026-06-01T09:02:11,2025-09-15,38.59,multpl,https://www.multpl.com/shiller-pe/table/by-month,,2026-06-01T09:02:11
2025-10-01,2026-06-01T09:02:11,2025-10-15,39.31,multpl,https://www.multpl.com/shiller-pe/table/by-month,,2026-06-01T09:02:11
2025-11-01,2026-06-01T09:02:11,2025-11-14,39.28,multpl,https://www.multpl.com/shiller-pe/table/by-month,,2026-06-01T09:02:11
2025-12-01,2026-06-01T09:02:11,2025-12-15,39.84,multpl,https://www.multpl.com/shiller-pe/table/by-month,,2026-06-01T09:02:11
2026-01-01,2026-06-01T09:02:11,2026-01-15,40.03,multpl,https://www.multpl.com/shiller-pe/table/by-month,,2026-06-01T09:02:11
2026-02-01,2026-06-01T09:02:11,2026-02-13,39.53,multpl,https://www.multpl.com/shiller-pe/table/by-month,,2026-06-01T09:02:11
2026-03-01,2026-06-01T09:02:11,2026-03-13,37.66,multpl,https://www.multpl.com/shiller-pe/table/by-month,,2026-06-01T09:02:11
2026-04-01,2026-06-01T09:02:11,2026-04-15,38.93,multpl,https://www.multpl.com/shiller-pe/table/by-month,,2026-06-01T09:02:11
2026-05-01,2026-06-01T09:02:11,2026-05-15,41.04,multpl,https://www.multpl.com/shiller-pe/table/by-month,,2026-06-01T09:02:11
2026-05-29,2026-06-01T09:02:11,2026-06-12,42.66,multpl,https://www.multpl.com/shiller-pe/table/by-month,,2026-06-01T09:02:11
