date,spy_open,spy_high,spy_low,spy_close,spy_volume,qqq_open,qqq_high,qqq_low,qqq_close,qqq_volume,vix,cape,cape_observation_month,cape_available_at
2022-04-04,428.78500420961205,432.3619176230426,427.96175071510544,432.2578125,59601000,353.6710322389669,360.1065620738348,353.40777151991296,360.0968017578125,45950200,18.57,34.270798693291724,2022-03-01,2022-03-15
2022-04-05,430.7627409154782,433.2325015603828,425.6528684021026,426.7978515625,74214500,358.6439089147844,359.3557275043423,350.96027939900637,352.10113525390625,62738700,21.03,34.270798693291724,2022-03-01,2022-03-15
2022-04-06,422.88029691792224,424.81067460735846,419.6440279336592,422.5301513671875,106898000,346.78696715690586,347.8888115907823,341.8238168036105,344.45654296875,90077100,22.1,34.270798693291724,2022-03-01,2022-03-15
2022-04-07,421.6500972677455,426.47609894481815,419.70077574327007,424.65924072265625,78097200,343.4619108236752,347.46950207698916,340.00039133532164,345.27557373046875,63777400,21.55,34.270798693291724,2022-03-01,2022-03-15
2022-04-08,423.9021853046342,426.4192765433642,421.9812510537585,423.523681640625,79272700,343.5399278842686,344.29072819287865,339.8151180142693,340.44891357421875,61956100,21.16,34.270798693291724,2022-03-01,2022-03-15
2022-04-11,420.24958914576314,421.09178658035466,415.7832051098399,416.28472900390625,89770500,336.2171619413088,337.13373905712695,332.0535831649905,332.3948669433594,66107400,24.37,34.270798693291724,2022-03-01,2022-03-15
2022-04-12,419.2749398176844,421.801503312204,413.1904068352256,414.7423095703125,84363600,337.14344036140125,339.02533633608687,329.6158267055989,330.9906921386719,72790200,24.26,34.270798693291724,2022-03-01,2022-03-15
2022-04-13,414.4962904899716,420.2496221966037,414.3164961668285,419.49261474609375,74070400,331.3318723705771,338.77173080152915,330.6103233455642,337.7186584472656,61367800,21.82,34.270798693291724,2022-03-01,2022-03-15
2022-04-14,419.7197127519559,420.8363377308492,414.1650904269717,414.2691955566406,97869500,337.80645754236645,338.3232483542657,329.7815446072718,329.9960632324219,73519400,22.7,34.270798693291724,2022-03-01,2022-03-15
2022-04-18,413.34180271144544,416.123849633217,412.2062627473825,414.4394836425781,66002500,328.9430310057589,332.5410762570827,327.4219095710435,330.2496337890625,58560600,22.17,33.88916475591384,2022-04-01,2022-04-15
2022-04-19,414.33540185587515,421.8488175877449,414.1650795150678,421.1296691894531,77821000,329.60609756500645,338.2063052540542,328.5822760693371,337.6310119628906,56515700,21.37,33.88916475591384,2022-04-01,2022-04-15
2022-04-20,422.9086685500845,423.5237406996165,419.65348460531936,420.8173828125,65224400,338.44025793889364,338.89854638294173,331.4879380302106,332.706787109375,65500000,20.32,33.88916475591384,2022-04-01,2022-04-15
2022-04-21,424.44161705872466,425.8326405645599,413.61624352930863,414.524658203125,85417300,336.587638098854,339.2008435755003,324.8964463920442,325.82275390625,75801000,22.68,33.88916475591384,2022-04-01,2022-04-15
2022-04-22,413.43650465990896,414.5436288750389,402.58274261879126,403.1505126953125,132471800,325.97873088482487,327.1975799069353,316.86173424802763,317.290771484375,82562100,28.21,33.88916475591384,2022-04-01,2022-04-15
2022-04-25,400.9078614410856,405.6581458514601,396.3373424974704,405.4878234863281,119647700,315.66244780765106,321.6786707164179,314.39482680195033,321.36663818359375,101755900,27.02,33.88916475591384,2022-04-01,2022-04-15
2022-04-26,402.9517005626742,403.15043882373135,393.7160892636341,393.7444763183594,103996300,319.3092199050992,319.49448735286336,308.963613047289,309.2366638183594,105819600,33.52,33.88916475591384,2022-04-01,2022-04-15
2022-04-27,394.8232669941469,400.198124069915,392.7130949238464,394.8516540527344,122030000,309.33404669883663,314.8335064401919,307.1498793016142,308.86602783203125,111204200,31.6,33.88916475591384,2022-04-01,2022-04-15
2022-04-28,399.6019576141651,406.55707558525125,395.1639313315665,404.8253784179687,105449100,313.8292626421862,321.6689081461176,309.6071528246811,319.83575439453125,99450000,29.99,33.88916475591384,2022-04-01,2022-04-15
2022-04-29,400.832054296418,402.9895570759924,389.1171818200173,389.86474609375,145491100,315.63319453014344,319.075223412998,304.8098078954962,305.443603515625,91977900,33.4,33.88916475591384,2022-04-01,2022-04-15
2022-05-02,389.93102468617633,393.5741843394114,383.2597775315031,392.2115478515625,158312500,305.03405193765815,310.77728344136193,301.9333068279768,310.54327392578125,115511800,32.34,33.88916475591384,2022-04-01,2022-04-15
2022-05-03,392.7131004763314,396.4224776148035,391.1517255979903,394.0094909667969,100028200,310.5627233755148,313.16619791732444,308.10553451849023,310.874755859375,78185500,29.25,33.88916475591384,2022-04-01,2022-04-15
2022-05-04,394.67183940897127,406.5759792490273,391.48290152050896,406.0082092285156,144247900,311.35256472176445,322.0589460045462,306.06765165068026,321.3861389160156,116083400,25.42,33.88916475591384,2022-04-01,2022-04-15
2022-05-05,401.7405161814466,402.16635092774,387.44233342518896,391.5775451660156,172929100,317.0665575945601,317.14455084755014,301.9040562178666,305.1998291015625,154607400,31.2,33.88916475591384,2022-04-01,2022-04-15
2022-05-06,389.01319891928415,392.5143949581733,383.9317127901109,389.24029541015625,151770800,303.20095132614756,307.2377645683866,297.50646144405863,301.5433044433594,139572800,30.19,33.88916475591384,2022-04-01,2022-04-15
2022-05-09,383.3355021930368,384.5751184962438,375.19754216123187,376.77783203125,155586100,295.91704956152574,301.64075976693016,288.3504253646002,289.7447814941406,113387300,34.75,33.88916475591384,2022-04-01,2022-04-15
2022-05-10,382.7582178604821,384.26278949238593,373.60776787459224,377.6483459472656,132497200,296.92140946385376,298.1402585982894,289.1792773813539,293.2648620605469,124124600,32.99,33.88916475591384,2022-04-01,2022-04-15
2022-05-11,376.6832006420824,382.3324561154293,370.9014529815829,371.6490173339844,142361000,291.0026679881509,296.511860068782,283.69933357058653,284.567138671875,140326100,32.56,33.88916475591384,2022-04-01,2022-04-15
2022-05-12,368.4505828254061,374.5351157341159,364.4573066901353,371.2610168457031,125090800,280.28654225693896,288.37968812743026,277.83908381769044,283.8943176269531,120910900,31.77,33.88916475591384,2022-04-01,2022-04-15
2022-05-13,375.39624432033366,381.5186365245012,374.35533743902573,380.1370849609375,104174400,288.350501347449,295.4490786812574,286.7513567372027,294.4154968261719,83684900,28.87,30.67315507954513,2022-05-01,2022-05-13
2022-05-16,378.4905892750784,382.26621234005705,376.2384531036934,378.59466552734375,78622400,292.6700322221477,294.72746492235825,289.72530358674845,291.0026550292969,59190400,27.47,30.67315507954513,2022-05-01,2022-05-13
2022-05-17,384.6886388298432,386.61904522716617,380.9508462343475,386.3824768066406,83029700,296.8628408025485,298.92024339871153,293.06000854655707,298.53997802734375,62715300,26.1,30.67315507954513,2022-05-01,2022-05-13
2022-05-18,381.82143279357103,382.1053033485448,369.5671769928699,370.8067932128906,117674500,294.02543221119953,294.7177302099061,282.62675235783473,283.8846130371094,79477100,30.96,30.67315507954513,2022-05-01,2022-05-13
2022-05-19,367.7409001168937,372.96434969897865,366.3120175133911,368.5357666015625,98510700,282.08071276977756,287.0536233934312,280.413305660472,282.36346435546875,79920700,29.35,30.67315507954513,2022-05-01,2022-05-13
2022-05-20,372.12213091455766,375.6990443299585,360.09500032544264,368.6966247558594,131432200,285.8250159086934,286.47830241216997,273.22697755707856,281.48590087890625,91764200,29.43,30.67315507954513,2022-05-01,2022-05-13
2022-05-23,371.7246858472709,376.3614500919125,369.4063326029317,375.594970703125,76414900,282.52923369769405,286.5465557453117,280.13054689629246,286.1662902832031,63648400,28.48,30.67315507954513,2022-05-01,2022-05-13
2022-05-24,371.46922293735594,373.9200684973476,366.17008413397616,372.727783203125,91448800,280.9495914149474,281.6613802288879,275.2161206158338,280.0817565917969,73491100,29.45,30.67315507954513,2022-05-01,2022-05-13
2022-05-25,371.2326397707966,377.9890479746067,370.83522098115014,376.0207824707031,91472900,278.5899092529624,286.0785411821508,278.38515092401434,284.0016174316406,67144500,28.37,30.67315507954513,2022-05-01,2022-05-13
2022-05-26,377.25096753960395,385.1712741839689,377.04278616008014,383.5342102050781,82168300,283.2020139981043,293.4208550430776,282.9192326893722,291.8704528808594,59462200,27.5,30.67315507954513,2022-05-01,2022-05-13
2022-05-27,385.99455814727753,393.06322475181946,385.79584873051925,392.9496765136719,84768700,295.0005155220702,301.54328964281206,294.88351076094557,301.39703369140625,66985600,25.72,30.67315507954513,2022-05-01,2022-05-13
2022-05-31,391.3314665518741,394.0851264101224,388.0005936135915,390.7447814941406,95937000,301.3677330030046,303.57139174205287,296.7458373982823,300.597412109375,60968300,26.19,30.67315507954513,2022-05-01,2022-05-13
2022-06-01,392.8644826922193,393.87697365023195,385.06716741079504,387.5842590332031,86585800,302.7328423020077,304.8585078295692,296.1608179752849,298.3742370605469,65341700,25.69,30.67315507954513,2022-05-01,2022-05-13
2022-06-02,387.42340710258367,395.01251209671574,385.1712709822698,394.9652099609375,79609600,297.2529359659999,306.72094780932804,295.8390590524458,306.5454406738281,59291300,24.72,30.67315507954513,2022-05-01,2022-05-13
2022-06-03,390.2433318753729,391.79523485840576,387.5086154520342,388.4832763671875,71874300,301.32873605577254,302.7328525405804,297.321174666632,298.56927490234375,60914700,24.79,30.67315507954513,2022-05-01,2022-05-13
2022-06-06,392.49536446108146,394.22703245074865,388.4926167185688,389.666015625,57508900,303.0058404030601,304.5659729663611,298.0036796925584,299.5638122558594,51785000,25.07,30.67315507954513,2022-05-01,2022-05-13
2022-06-07,386.1742627730429,393.85799980122914,385.710569071012,393.4037780761719,59272400,296.2388487907185,302.92790846647307,295.14676470252834,302.1478271484375,44900300,24.02,30.67315507954513,2022-05-01,2022-05-13
2022-06-08,391.6911028688163,393.4795741929143,388.33184246632624,389.126708984375,64350000,301.3482242002919,303.95169883811553,299.1250447456459,299.973388671875,38342100,23.96,30.67315507954513,2022-05-01,2022-05-13
2022-06-09,387.34765697732666,389.6187079884175,379.8721008300781,379.8721008300781,86289800,298.28646494444945,301.34819798738135,291.77294339477675,291.9386901855469,55900500,26.09,30.67315507954513,2022-05-01,2022-05-13
2022-06-10,373.6646313892331,374.5162720988765,368.8102418028828,368.8575439453125,132893900,286.33200485314705,287.5216026829034,281.1933481148443,281.6418762207031,85963500,27.75,30.67315507954513,2022-05-01,2022-05-13
2022-06-13,359.4420637467876,361.2967520769685,353.2439538052529,354.8526306152344,170004900,272.7783790424765,275.3038303481986,267.68846493494067,268.5465393066406,94442000,34.02,30.67315507954513,2022-05-01,2022-05-13
2022-06-14,356.60326183152415,357.6346967344851,350.6795790257293,353.7833557128906,104011800,270.7405073348584,271.7155865820096,266.52815784547136,269.03411865234375,64697500,32.69,30.67315507954513,2022-05-01,2022-05-13
2022-06-15,357.08579647279396,363.2744339830128,352.1273319853411,358.82696533203125,125666800,272.45666788942674,279.6819792310972,269.71666771221135,275.7524108886719,86051400,29.62,29.047721395103835,2022-06-01,2022-06-15
2022-06-16,350.60392594515343,351.01081676127995,344.5193632718366,346.9512939453125,134473300,268.7220849855624,269.1803734200172,262.56933734329976,264.62677001953125,81910300,32.95,29.047721395103835,2022-06-01,2022-06-15
2022-06-17,347.36664594017265,351.04454035549736,344.1924419666906,347.6992492675781,111113900,265.39702433977357,270.2821801906444,263.7686588941852,267.844482421875,82703400,31.13,29.047721395103835,2022-06-01,2022-06-15
2022-06-21,353.4298843377524,357.83954577017596,353.35383919081494,356.4520263671875,76811900,272.3258532528724,276.9175477266973,272.2184026530174,274.6021423339844,51633700,30.19,29.047721395103835,2022-06-01,2022-06-15
2022-06-22,352.2229054186672,359.9208378596493,351.8047441204501,355.8057861328125,90059400,272.10109459964207,278.6076088822081,271.5051672393198,274.2015686035156,67472900,28.95,29.047721395103835,2022-06-01,2022-06-15
2022-06-23,357.9441735497339,360.0254385770398,354.3803178822355,359.2936706542969,79292100,276.683029536765,279.1351926915743,273.8498699692125,278.2852478027344,57457800,29.05,29.047721395103835,2022-06-01,2022-06-15
2022-06-24,362.4677899153683,370.7264318390768,362.4392802368002,370.7169189453125,98050300,281.1086454153192,288.2404252458299,280.8741860701197,287.8203125,58422300,27.23,29.047721395103835,2022-06-01,2022-06-15
2022-06-27,371.6388454775464,371.93345521638525,368.20805445306024,369.3009643554687,66009600,289.1782562499726,289.7448762013786,284.57681329074364,285.7100830078125,54151500,26.95,29.047721395103835,2022-06-01,2022-06-15
2022-06-28,370.859544492515,373.64409647087297,361.64102718888944,361.7550659179687,86548900,286.2474363739082,288.83635773662206,276.81983905686894,277.0054626464844,61609800,28.36,29.047721395103835,2022-06-01,2022-06-15
2022-06-29,362.3062236029839,363.2945784041764,359.63571085622056,361.46038818359375,65676000,276.868623965582,278.7639161956807,274.3676253182003,277.2593994140625,57302700,28.16,29.047721395103835,2022-06-01,2022-06-15
2022-06-30,357.563929508268,361.76453925396646,354.06660685286846,358.5238037109375,112508300,274.27969546117987,277.3961795151401,269.4242353676584,273.8205261230469,79313600,28.71,29.047721395103835,2022-06-01,2022-06-15
2022-07-01,357.8680810567147,362.7529525002182,355.2450743514729,362.3157653808594,74839700,272.5211941565172,276.0186746119546,270.64543029480285,275.6278991699219,56675100,26.7,29.047721395103835,2022-06-01,2022-06-15
2022-07-05,357.221845993929,363.0190563072348,354.38975859425415,363.0000305175781,81438000,271.89597531371504,280.4638483232388,270.3719299635599,280.34661865234375,61829300,27.54,29.047721395103835,2022-06-01,2022-06-15
2022-07-06,363.1425568197513,366.7159247303021,360.75716958402745,364.2259826660156,70426200,280.72760032166383,284.24463896136103,279.0081525835329,282.1441650390625,63194700,26.73,29.047721395103835,2022-06-01,2022-06-15
2022-07-07,366.0031669220348,370.4793608631199,364.2449925833958,369.6810607910156,64525900,282.9550853168003,288.8852010207753,282.9550853168003,288.1817932128906,56620100,26.08,29.047721395103835,2022-06-01,2022-06-15
2022-07-08,368.04642405277673,371.24916611652566,366.5163562235368,369.376953125,72397800,285.3485861471352,289.91097244593914,284.4107190661529,288.5432434082031,59895500,24.64,29.047721395103835,2022-06-01,2022-06-15
2022-07-11,366.696929365384,367.6662874925925,364.4635744126361,365.1573486328125,58366900,286.13019108228656,286.3548713416814,281.4994403008102,282.3786926269531,55273900,26.17,29.047721395103835,2022-06-01,2022-06-15
2022-07-12,364.606143035298,366.99155941529256,360.17745545859367,361.9261169433594,62219200,283.629113949036,285.54393423605353,278.0506886532368,279.64312744140625,55797100,27.29,29.047721395103835,2022-06-01,2022-06-15
2022-07-13,356.4805310045145,362.9620020597862,356.0623697104502,360.0253601074219,84224600,274.1331989926005,281.41148576574005,273.5665491820136,279.0668029785156,73939400,26.82,29.047721395103835,2022-06-01,2022-06-15
2022-07-14,355.064490796516,360.234458871572,352.6220841639683,359.15106201171875,89704800,276.46814190675576,280.93282785688643,273.3516569493791,280.0633544921875,63741800,26.4,29.047721395103835,2022-06-01,2022-06-15
2022-07-15,363.56074662755304,366.12673404152474,361.650539910931,366.0126953125,79060400,283.05276748878146,285.2509130128908,281.44077025302914,285.1434326171875,63818100,24.23,29.00461831720893,2022-07-01,2022-07-15
2022-07-18,369.1013562443131,369.7761047012278,361.7645652536722,362.9905395507813,63203600,287.9277466342046,289.33456210782214,281.55802032784345,282.7303466796875,59519600,25.3,29.00461831720893,2022-07-01,2022-07-15
2022-07-19,366.91550902545094,373.3684709198661,366.2597863554096,372.7982482910156,78506000,286.35484062579235,291.7183358870412,284.7526523077867,291.42523193359375,55172600,24.5,29.00461831720893,2022-07-01,2022-07-15
2022-07-20,372.98822281481137,376.59009951169656,371.6197005078872,375.1740417480469,71843800,291.8453156918877,297.2283089431938,291.06373504108547,296.04620361328125,67769400,23.88,29.00461831720893,2022-07-01,2022-07-15
2022-07-21,374.59442084284586,379.0421048535145,372.1900078667484,378.9945983886719,64903900,296.50546567254037,300.35466586575325,293.84815025713857,300.2960510253906,55049400,23.11,29.00461831720893,2022-07-01,2022-07-15
2022-07-22,379.1182025989379,380.3156383047251,373.2544596880856,375.4783020019531,72197300,299.36785786813266,301.4389945456537,293.2032835855231,295.0301818847656,57127700,23.03,29.00461831720893,2022-07-01,2022-07-15
2022-07-25,376.1054757940071,376.7897370743224,373.6915500269605,375.9344177246094,53631500,295.059460964246,295.52840933864144,291.347049896602,293.34979248046875,40582400,23.36,29.00461831720893,2022-07-01,2022-07-15
2022-07-26,374.2902731538691,374.49935379005854,370.59338295368127,371.4867248535156,52946400,291.64997677634415,291.9039942701177,286.7749875225989,287.5858459472656,50074100,24.69,29.00461831720893,2022-07-01,2022-07-15
2022-07-27,374.78449853291994,382.8815960228277,374.4898888264092,381.1329345703125,82342100,292.14824664391847,301.4293069161606,291.58159679446896,299.7391662597656,69304400,23.24,29.00461831720893,2022-07-01,2022-07-15
2022-07-28,381.9407048584431,386.6069531734175,378.3863339855172,385.9132080078125,73966600,299.5241610241445,303.246351362619,295.77266327411724,302.6699523925781,55139900,22.33,29.00461831720893,2022-07-01,2022-07-15
2022-07-29,387.3483007860886,392.5277822061919,386.5785103442153,391.5393981933594,87003700,304.21358001413796,309.0983477604255,302.7872063659575,308.18975830078125,57501000,21.33,29.00461831720893,2022-07-01,2022-07-15
2022-08-01,388.84033261494034,392.8888811641739,388.1275616169894,390.3799133300781,69997500,306.4214599699302,311.46254361846223,305.3272768178621,308.0041198730469,46358800,22.84,29.00461831720893,2022-07-01,2022-07-15
2022-08-02,388.81179345563703,392.4991997792288,386.62597416207234,387.8044128417969,63435400,305.70830669402716,311.2085299334208,304.65318020301095,307.0857849121094,48676500,23.93,29.00461831720893,2022-07-01,2022-07-15
2022-08-03,389.9332658563709,395.0462147637368,389.6481690410905,393.8772888183594,67820600,308.7662185595481,316.2692459648729,308.7076037201072,315.4486083984375,53735700,21.95,29.00461831720893,2022-07-01,2022-07-15
2022-08-04,393.8011998743411,394.48546115765066,391.96700956030446,393.6111450195313,45656600,315.52676086917825,317.23642996981937,313.37745064552416,316.9237976074219,38973700,21.44,29.00461831720893,2022-07-01,2022-07-15
2022-08-05,389.32504829644654,393.5921616324373,389.2680289335886,392.9459228515625,56814900,311.8338398925769,316.36688935371126,311.0522888933584,314.3348388671875,53894000,21.15,29.00461831720893,2022-07-01,2022-07-15
2022-08-08,394.6375414583589,396.88989316531894,391.387292955347,392.4897155761719,53886100,315.253165518733,318.94604900385633,311.8533561934375,313.31878662109375,43878500,21.29,29.00461831720893,2022-07-01,2022-07-15
2022-08-09,391.75793150673337,392.2616218295309,389.85720892972773,390.9311218261719,44931800,311.42357640871114,311.6775939571092,308.15080477458537,309.77252197265625,39764200,21.77,29.00461831720893,2022-07-01,2022-07-15
2022-08-10,397.9923437821938,399.28485036063125,396.03460162898654,399.1422729492187,68665700,317.1093124860173,318.7115304332754,314.6376214833835,318.4184265136719,51459600,19.74,29.00461831720893,2022-07-01,2022-07-15
2022-08-11,401.993357133819,403.85608634972215,398.40099222133176,399.1422729492187,59489700,320.74360811155844,322.7463509040136,315.9076762566471,316.611083984375,45897700,20.2,29.00461831720893,2022-07-01,2022-07-15
2022-08-12,401.0810440036907,406.0039093837423,400.1306825479558,405.8993835449219,61694500,318.6627300418637,322.9710991571308,317.6076332325729,322.7757263183594,40928400,19.53,29.00461831720893,2022-07-01,2022-07-15
2022-08-15,403.6849254995712,408.09461548737096,403.6279061465154,407.5718994140625,54048300,321.82808994824325,325.8824417015116,321.80853179378624,325.3841857910156,38266600,19.95,30.69876336517529,2022-08-01,2022-08-15
2022-08-16,406.49811757493705,410.29956341351703,405.6903045336928,408.3703308105469,59289000,324.40720036948693,326.7128263002357,321.57404097671457,324.62213134765625,41186900,19.69,30.69876336517529,2022-08-01,2022-08-15
2022-08-17,404.7684215424708,408.1802154391552,403.4664310836019,405.4716796875,63563400,321.4861444413282,323.7917407421917,318.8385785861934,320.91949462890625,47842200,19.9,30.69876336517529,2022-08-01,2022-08-15
2022-08-18,405.67124641632466,407.3343788381746,404.3787688555106,406.650146484375,49023200,320.8707076027406,322.8734509617022,319.25873979988563,321.69134521484375,41937200,19.56,30.69876336517529,2022-08-01,2022-08-15
2022-08-19,403.88460030221233,404.1507003354797,400.3112321388549,401.1855773925781,68016900,318.6529637644111,319.307505970021,314.6571973673879,315.4192199707031,51770600,20.6,30.69876336517529,2022-08-01,2022-08-15
2022-08-22,396.34825991608824,396.5193470315923,391.9290846530813,392.8319396972656,77695600,311.1596835067996,311.3941428015338,306.3042235166508,307.1150817871094,51098900,23.8,30.69876336517529,2022-08-01,2022-08-15
2022-08-23,392.40424849113856,394.79917797760174,391.33033538049193,391.8815612792969,49105200,306.8806428397244,309.69427382010605,306.10884119104537,306.8611145019531,39497100,24.11,30.69876336517529,2022-08-01,2022-08-15
2022-08-24,391.6533655600833,394.50444934461694,390.96913329441026,393.1359558105469,49177800,306.38236336115364,309.56724121334616,305.7766569801424,307.7501220703125,38057100,22.82,30.69876336517529,2022-08-01,2022-08-15
2022-08-25,394.6280044890293,398.73357213624024,393.53509482903235,398.6860656738281,50942300,309.52816629459426,313.21130009460927,308.4828487016471,313.1917419433594,38098300,21.78,30.69876336517529,2022-08-01,2022-08-15
2022-08-26,398.5720522592657,399.1137361754967,385.13392912672487,385.1909484863281,103087000,312.8987265746336,314.10039034621394,300.2667225210204,300.3546447753906,69047700,25.56,30.69876336517529,2022-08-01,2022-08-15
2022-08-29,382.23536401267944,385.6946644031111,381.285002619314,382.6440124511719,65370800,297.599591598888,300.1396768426791,296.2904773933453,297.3944396972656,48321900,26.21,30.69876336517529,2022-08-01,2022-08-15
2022-08-30,383.803441896294,384.04103223682625,376.3430994030369,378.4433898925781,85652400,299.0455218647492,299.66100744201606,291.56205323702653,294.08258056640625,51184500,26.21,30.69876336517529,2022-08-01,2022-08-15
2022-08-31,380.07802891985665,381.3230000374987,375.4307767408655,375.5638122558594,76029700,296.98414748868214,297.8829580163024,292.2654742078937,292.3729248046875,50044000,25.87,30.69876336517529,2022-08-01,2022-08-15
2022-09-01,373.38741373243624,377.08430359964626,370.6788785993518,376.7421875,78740100,289.88161940705936,292.87109448126245,286.19851575400577,292.4998474121094,57990700,25.56,30.69876336517529,2022-08-01,2022-08-15
2022-09-02,380.4106274783638,381.62708880615634,370.954520756476,372.7697143554687,99632100,295.37211033183024,296.74961831058744,286.75537351879814,288.36737060546875,64666800,25.47,30.69876336517529,2022-08-01,2022-08-15
2022-09-06,373.6154799253836,374.55632817391074,369.1392870729504,371.3631286621094,76637400,288.84612926244324,289.7644681088695,284.16651277662356,286.2962646484375,57005400,26.91,30.69876336517529,2022-08-01,2022-08-15
2022-09-07,371.0495075146357,378.80445820219103,370.83094300558537,378.03466796875,70964200,286.7748929294423,293.07622410933396,286.51109644545727,292.0797424316406,49260400,24.64,30.69876336517529,2022-08-01,2022-08-15
2022-09-08,375.7633824847431,380.9618311489722,374.5564050265275,380.5056762695313,80821700,290.00871281546637,294.9130096733721,288.64098359356643,293.5941162109375,55649800,23.61,30.69876336517529,2022-08-01,2022-08-15
2022-09-09,382.7485212557317,387.28176346215974,382.4824212375365,386.41693115234375,76706900,295.8508330938615,300.5109206504732,293.59407275816847,300.0126647949219,56125200,22.79,30.69876336517529,2022-08-01,2022-08-15
2022-09-12,388.488713636019,391.2922912350759,388.1845910416869,390.5700073242187,69256300,301.39024631695224,303.9107739944549,301.07761394654864,303.57861328125,45905700,23.87,30.69876336517529,2022-08-01,2022-08-15
2022-09-13,381.8837341840326,383.0907118046368,372.46567760149713,373.5870971679687,122947100,294.84460581073347,296.0364904812311,286.0422735138361,286.9313049316406,79562200,27.27,30.69876336517529,2022-08-01,2022-08-15
2022-09-14,374.88902163325827,376.53315711649486,371.7053054907733,375.0125732421875,85023700,288.07431078310657,290.08683286651126,286.3060271060787,289.20758056640625,54907200,26.16,30.69876336517529,2022-08-01,2022-08-15
2022-09-15,373.4539971854713,376.3050813057856,369.4814936051546,370.7549743652344,87633800,287.2927274499248,289.6960247499915,282.7889562401916,284.39117431640625,65299400,26.27,28.22988465582196,2022-09-01,2022-09-15
2022-09-16,366.5714428970576,368.58492846304785,364.6342566105422,367.9264831542969,103084800,281.0891203113285,283.0430277151847,279.03751157442724,282.6522521972656,79920400,26.3,28.22988465582196,2022-09-01,2022-09-15
2022-09-19,364.77750717597377,370.7798156738281,364.70114963446014,370.7798156738281,73278500,280.0087093607299,285.0098990588019,279.94998919789094,284.8533020019531,52613800,25.76,28.22988465582196,2022-09-01,2022-09-15
2022-09-20,367.449350554412,368.4608693228223,363.7659009113071,366.5237121582031,77274900,282.34782262362853,284.8729092204194,280.2827604379443,282.5827331542969,51271100,27.16,28.22988465582196,2022-09-01,2022-09-15
2022-09-21,368.4513844953902,371.5050452988248,360.1206665332533,360.1302185058594,106746600,283.4243811340826,287.69156858901147,277.38576236260224,277.52276611328125,82931000,27.99,28.22988465582196,2022-09-01,2022-09-15
2022-09-22,359.35721571534805,360.9985532046951,356.36083780125125,357.10516357421875,89472600,275.996049179424,277.0041186607913,272.88376047398026,274.1071472167969,62757100,27.35,28.22988465582196,2022-09-01,2022-09-15
2022-09-23,353.63164165790215,353.66982042614035,346.67506820312684,351.1219482421875,122346900,271.64077166927524,271.9344023987878,266.2285100882772,269.64422607421875,74815200,29.92,28.22988465582196,2022-09-01,2022-09-15
2022-09-26,349.65230865281546,353.27850469382014,346.42688767980343,347.6483459472656,92581200,269.1744246394618,273.5394598688767,267.73572073603924,268.5284729003906,71176700,32.26,28.22988465582196,2022-09-01,2022-09-15
2022-09-27,351.1886392749828,353.4597949219976,344.36564948559527,346.7608642578125,108294100,271.8952277370962,274.24412407915327,266.3165727903529,268.6361389160156,69780100,32.6,28.22988465582196,2022-09-01,2022-09-15
2022-09-28,347.71519752115427,355.27296245080464,346.01660643811806,353.58392333984375,110802200,268.6165211798836,275.26196507299517,267.1386905841971,273.9798583984375,79652100,30.18,28.22988465582196,2022-09-01,2022-09-15
2022-09-29,350.0340115514208,350.32027945929735,343.249200037984,346.1978759765625,112952300,269.98673614914634,270.3684471169324,263.11620753953764,266.0816955566406,81216000,31.84,28.22988465582196,2022-09-01,2022-09-15
2022-09-30,345.25315265968237,349.17519794486384,340.7108699138818,340.8444519042969,153711200,265.2595161157846,269.33094940147635,261.41319666697257,261.5697937011719,78482400,31.62,28.22988465582196,2022-09-01,2022-09-15
2022-10-03,344.56611454293574,351.6944777642895,342.7816430249758,349.84320068359375,89756500,263.34135466668965,269.30169153769157,261.83413377480724,267.7063903808594,61267400,30.1,28.22988465582196,2022-09-01,2022-09-15
2022-10-04,355.36842016959133,360.71231209913736,349.8050658415785,360.6836853027344,103602800,273.0500687714272,276.82790179562363,273.0500687714272,276.12322998046875,66696900,29.07,28.22988465582196,2022-09-01,2022-09-15
2022-10-05,356.3131384107271,362.1055067151951,353.9847287224127,359.8439025878906,88065700,272.35517420126683,277.7674344696115,269.5560804393912,275.9764099121094,55766300,28.55,28.22988465582196,2022-09-01,2022-09-15
2022-10-06,358.4410803172353,361.3993081836392,355.6355383734306,356.13177490234375,82333500,274.9781134751825,278.129558122056,273.4806896755464,273.8036804199219,53489400,30.52,28.22988465582196,2022-09-01,2022-09-15
2022-10-07,352.09522785371945,356.21766045831674,344.43247955302377,346.1978759765625,107789500,269.16463975667466,269.29187675342655,262.0396367491258,263.3706970214844,71354700,31.36,28.22988465582196,2022-09-01,2022-09-15
2022-10-10,347.3143728510966,347.55293916401916,341.31206538570666,343.5545654296875,76042800,263.5663690250921,263.957876589574,258.026901375244,260.7379150390625,60393000,32.45,28.22988465582196,2022-09-01,2022-09-15
2022-10-11,341.8560389658956,346.42697853829924,339.44174858833856,341.37890625,92482800,259.0643174959777,261.9319280657339,255.47244186314455,257.15582275390625,66522500,33.63,28.22988465582196,2022-09-01,2022-09-15
2022-10-12,341.7892817449039,343.3638139715574,340.00478082470045,340.2528991699219,76991800,257.79195363345843,259.7102149774889,256.372843454573,257.0677185058594,50580200,33.57,28.22988465582196,2022-09-01,2022-09-15
2022-10-13,333.2389284695991,350.7019983759628,332.18923096891143,349.232421875,147254500,249.72744717566468,264.41788206770633,248.8465999207838,263.09661865234375,112894100,31.94,28.22988465582196,2022-09-01,2022-09-15
2022-10-14,351.6944243183575,353.3262387618921,340.6344942548241,341.27386474609375,123737000,265.4259172216151,266.0229154301057,254.60139707293033,255.1885986328125,77244300,32.02,27.08076692540069,2022-10-01,2022-10-14
2022-10-17,347.3621566992135,351.1505914925585,340.9399400894957,350.04364013671875,93168200,261.15878653978905,264.4863921927444,261.0609096360297,263.6153564453125,64576500,31.37,27.08076692540069,2022-10-01,2022-10-14
2022-10-18,357.97349374132114,358.2788655814361,350.711520738244,354.15643310546875,97162900,270.6424200672293,271.3079350717996,263.018267988797,265.699951171875,69781000,30.5,27.08076692540069,2022-10-01,2022-10-14
2022-10-19,352.114370264022,354.8435843710711,348.831695054884,351.64678955078125,79746900,264.18303471647204,267.8531951546146,262.3626494757175,264.7311096191406,53115400,30.76,27.08076692540069,2022-10-01,2022-10-14
2022-10-20,351.198198573637,355.6260028050626,347.934598978762,348.6980285644531,88283100,263.8404266714654,268.9884468880424,262.21579559893996,263.38043212890625,60605500,29.98,27.08076692540069,2022-10-01,2022-10-14
2022-10-21,348.4213111862988,357.65859149270045,346.9135849578602,357.17193603515625,131038400,262.27446303992406,270.0943388235766,261.1391569531592,269.5560607910156,77897700,29.69,27.08076692540069,2022-10-01,2022-10-14
2022-10-24,358.6987583066402,362.67802786353946,356.0458731062238,361.5424499511719,85436900,269.82032910449914,273.4513317035027,266.17952985624714,272.5215759277344,63963600,29.85,27.08076692540069,2022-10-01,2022-10-14
2022-10-25,361.466085144643,367.6306295324552,361.3515779922161,367.3157348632813,78846300,273.4610832928861,278.5405853555108,271.98322315588825,278.15887451171875,59014500,28.46,27.08076692540069,2022-10-01,2022-10-14
2022-10-26,364.1666701170704,369.8540823855379,363.9090290046154,364.5483703613281,104087300,272.53137952198904,277.93387389821464,271.5233101517326,272.0126647949219,63492400,27.28,27.08076692540069,2022-10-01,2022-10-14
2022-10-27,365.55045270586106,367.392177933265,361.9814803173528,362.6017761230469,81971800,270.89694777541763,272.3552150330736,266.5416795676331,267.0603942871094,57760300,27.39,27.08076692540069,2022-10-01,2022-10-14
2022-10-28,362.4968095318104,371.7054652415037,362.3154967677113,371.2283325195313,100302000,266.43410737427513,275.7024878622664,266.26771361153044,275.2326965332031,62651300,25.75,27.08076692540069,2022-10-01,2022-10-14
2022-10-31,368.76633601574065,370.636688109067,367.64030979479,368.5468444824219,96631300,272.9816369031128,273.8037492086875,270.1139956834749,272.03228759765625,47742000,25.88,27.08076692540069,2022-10-01,2022-10-14
2022-11-01,372.2971084338641,372.5356747782887,365.7603847722544,366.9341125488281,85407600,275.50671440000247,276.06458596333977,268.89062885883277,269.25274658203125,45895900,25.81,27.08076692540069,2022-10-01,2022-10-14
2022-11-02,366.34241671143474,370.85610174230845,357.62044763501416,357.72540283203125,126990400,269.2232974549257,272.28666184613866,259.9549206918271,260.0234375,79803100,25.86,27.08076692540069,2022-10-01,2022-10-14
2022-11-03,354.4809460886305,357.08610094389695,351.9235219733596,354.0419921875,87100100,257.41030540448537,258.8685724933386,254.5622581683393,254.9439392089844,70038900,25.3,27.08076692540069,2022-10-01,2022-10-14
2022-11-04,359.75799240640606,361.5424637304622,353.0781357834755,359.1377258300781,103505200,259.8766169310776,260.93360957982406,253.56393151235525,259.0447082519531,78313200,24.55,27.08076692540069,2022-10-01,2022-10-14
2022-11-07,360.4354853214063,363.164698821556,358.3551942624768,362.5730590820313,68286900,260.09203101618783,262.43116089039495,257.9584516271216,261.8928527832031,47333800,24.35,27.08076692540069,2022-10-01,2022-10-14
2022-11-08,363.6800477836496,367.5066610953688,360.44510344190144,364.52935791015625,84641100,263.40985279403156,267.040856174654,259.866899804266,263.80133056640625,63213800,25.54,27.08076692540069,2022-10-01,2022-10-14
2022-11-09,362.55392131789745,363.70860302117035,356.5229590818923,357.0191955566406,78495500,262.05924791630594,262.8422035172977,257.4299415355734,257.7137756347656,64862100,26.09,27.08076692540069,2022-10-01,2022-10-14
2022-11-10,370.30264142200895,376.9729757332263,368.0028876550996,376.6389770507813,141455800,270.13355069119353,277.02364233290325,268.0195351189067,276.73004150390625,99256700,23.53,27.08076692540069,2022-10-01,2022-10-14
2022-11-11,377.49774318306464,381.0857894279382,375.6082877222695,380.2842102050781,93839900,276.54407769304146,282.49464653858405,275.2032508265349,281.8291015625,66961800,22.52,27.08076692540069,2022-10-01,2022-10-14
2022-11-14,378.51889318368023,381.8778966959395,376.7725713035823,377.04931640625,71903500,279.77383416051316,283.0525163828222,278.3840836407675,279.36279296875,55290700,23.73,27.08076692540069,2022-10-01,2022-10-14
2022-11-15,382.803485688694,383.9104368342091,376.4480758536066,380.26513671875,93194500,285.9886362575642,287.01629894350947,279.8814997818295,283.22869873046875,73985400,24.54,28.37894901627331,2022-11-01,2022-11-15
2022-11-16,378.63332609915625,379.58759125179506,376.73434776440064,377.3641662597656,68508500,281.2712881054512,283.316787016794,278.5406807173853,279.36279296875,48859800,24.11,28.37894901627331,2022-11-01,2022-11-15
2022-11-17,372.60235165729927,376.8870218611101,372.2970089506476,376.20947265625,74496300,274.8998650329681,280.2240458608114,274.74326796534484,278.7461853027344,55462100,23.93,28.37894901627331,2022-11-01,2022-11-15
2022-11-18,379.54944898801807,379.61625454437336,375.0644198124641,377.9176635742187,92922500,281.7606260724462,281.8584731051754,276.30920827035084,278.7559814453125,53588600,23.12,28.37894901627331,2022-11-01,2022-11-15
2022-11-21,376.5913403659288,377.7173666351867,374.70188424489953,376.5436096191406,51243200,277.36613600456286,278.5210055036592,275.0563970063702,275.8883056640625,40083500,22.36,28.37894901627331,2022-11-01,2022-11-15
2022-11-22,378.4902502119182,381.77292517031464,377.077927085489,381.6106872558594,60429000,276.62238289326433,280.01847514744213,274.4887741356376,279.8619079589844,41873400,21.29,28.37894901627331,2022-11-01,2022-11-15
2022-11-23,381.27661551362854,384.5020362657525,381.04760120474504,384.015380859375,68261600,279.8815400394836,283.2972264308886,279.70537950838434,282.6708679199219,46390000,20.35,28.37894901627331,2022-11-01,2022-11-15
2022-11-25,383.45240227506304,384.4830250793276,383.175686313319,383.9295349121094,30545400,281.0754895033235,281.78016130189496,280.3218941932843,280.8112487792969,15498800,20.5,28.37894901627331,2022-11-01,2022-11-15
2022-11-28,380.837748913633,382.4790864541177,377.0397623978261,377.8031921386719,67881600,278.83423237314076,280.85037084364467,275.76110115675283,276.69085693359375,38714200,22.21,28.37894901627331,2022-11-01,2022-11-15
2022-11-29,377.9367417321205,379.1295732981502,375.312512286855,377.1542663574219,52310000,276.9159714717935,277.31724581059444,273.2262486996481,274.596435546875,35618900,21.89,28.37894901627331,2022-11-01,2022-11-15
2022-11-30,377.4023849238339,389.0348815917969,375.4843314190897,389.0348815917969,144566700,274.8607064926113,287.22180929264937,274.0092342106235,287.1141357421875,74718100,20.58,28.37894901627331,2022-11-01,2022-11-15
2022-12-01,390.0750097932602,391.2487665768623,386.2388738341099,388.74859619140625,76398200,287.437101100991,289.4532396198207,284.6869306980874,287.4664611816406,51547300,19.84,28.37894901627331,2022-11-01,2022-11-15
2022-12-02,383.8531997520255,389.2066138670267,383.7482445522166,388.3000793457031,85342700,282.3968370111949,287.2023040619703,282.22064660817347,286.3214416503906,53583200,19.06,28.37894901627331,2022-11-01,2022-11-15
2022-12-05,385.47549236036787,386.41065374736974,379.9598399084257,381.31488037109375,77289800,284.1976454574134,285.46995575313844,280.0576938686027,281.5159912109375,41482100,20.75,28.37894901627331,2022-11-01,2022-11-15
2022-12-06,381.15263615766594,381.6965452135378,373.72845373229296,375.8182678222656,77972200,281.3593315737775,281.4963353305062,274.2930499549296,275.68280029296875,53937600,22.17,28.37894901627331,2022-11-01,2022-11-15
2022-12-07,374.96901554376115,377.5455435453296,374.04337702250234,375.178955078125,65927900,274.4985613335323,276.55385655832555,272.84454045145185,274.5572814941406,45614300,22.68,28.37894901627331,2022-11-01,2022-11-15
2022-12-08,377.0683735461837,379.1868143806111,375.2838731198775,378.1180419921875,60737900,275.90788157661746,278.7754920257264,273.83302309647263,277.80657958984375,42594900,22.29,28.37894901627331,2022-11-01,2022-11-15
2022-12-09,376.8775715745364,379.43499580414664,375.16942838990695,375.2934875488281,81447700,276.7887515955548,279.5585154089067,275.5947251546985,276.03515625,47860500,22.83,28.37894901627331,2022-11-01,2022-11-15
2022-12-12,376.0855229503339,380.7041931152344,375.41755464321574,380.7041931152344,75405800,276.21127717641207,279.55847536487875,275.17384794320157,279.4997253417969,35732500,25.0,28.37894901627331,2022-11-01,2022-11-15
2022-12-13,391.45874902933895,391.71639020048895,380.8186957666648,383.5860595703125,123782500,290.33413057877345,290.5592444878014,279.8228014323792,282.50445556640625,80667700,22.55,28.37894901627331,2022-11-01,2022-11-15
2022-12-14,383.2424937114521,386.9545999060633,378.1848989989114,381.1335754394531,108111300,281.9171330760669,285.20561105232366,277.16062137612914,280.4099426269531,64984400,21.14,28.37894901627331,2022-11-01,2022-11-15
2022-12-15,376.2667969393166,377.1733606249857,370.1499819805847,371.8103942871094,117705900,276.31896272447955,276.9845076979305,269.8007855608975,270.99481201171875,60554100,22.83,28.316901284527283,2022-12-01,2022-12-15
2022-12-16,369.2517350620785,370.59383534034583,365.2829507209457,367.4207153320313,119858000,270.31947498464297,271.85602562675894,266.8058829069436,268.4109802246094,68300400,22.62,28.316901284527283,2022-12-01,2022-12-15
2022-12-19,367.6124594366193,367.9479918227815,362.63707790509415,364.30511474609375,79878100,268.68081660488616,268.7691077283645,263.40274989066353,264.6388854980469,44167900,22.42,28.316901284527283,2022-12-01,2022-12-15
2022-12-20,363.5478242860952,366.42376617165866,362.224886337841,364.80364990234375,74427200,263.4714192377774,266.17913333023336,261.89193931007276,264.432861328125,51064200,21.48,28.316901284527283,2022-12-01,2022-12-15
2022-12-21,367.40161257697446,371.389589233948,366.8647723784969,370.2583923339844,78167400,265.4727330170994,269.5735240540612,264.6290125512118,268.26873779296875,46394700,20.07,28.316901284527283,2022-12-01,2022-12-15
2022-12-22,367.2098930040743,370.23922244836297,359.27229331026405,364.9762573242187,100120900,265.2569715563839,265.38451316774433,257.48702282279595,261.70556640625,60278400,21.97,28.316901284527283,2022-12-01,2022-12-15
2022-12-23,363.950423157118,367.21941379519086,362.39741929068407,367.07562255859375,59857300,260.4399551404093,262.9612667355134,258.53671128427175,262.29412841796875,39373600,20.87,28.316901284527283,2022-12-01,2022-12-15
2022-12-27,366.96058546509136,367.3056844290648,363.9504190865602,365.6280517578125,51638200,261.685883283232,261.793814605663,258.0461876003975,258.58575439453125,38009000,21.65,28.316901284527283,2022-12-01,2022-12-15
2022-12-28,365.5609421925815,367.5357824385264,360.8540099500132,361.0840759277344,70911500,258.18356031428505,260.43996874522173,254.80873783263485,255.17172241210935,47139000,22.14,28.316901284527283,2022-12-01,2022-12-15
2022-12-29,363.93123576240765,368.4560516488147,363.4039622569558,367.5836791992187,66970900,257.97752846222875,262.3334034752378,257.2809896473435,261.3916015625,45893600,21.44,28.316901284527283,2022-12-01,2022-12-15
2022-12-30,364.8994905444754,366.7592392294088,362.78085913190785,366.6154479980469,84022200,258.6249860783853,261.3621302042253,257.3201997757236,261.2345886230469,37858300,21.67,28.316901284527283,2022-12-01,2022-12-15
2023-01-03,368.47526883215227,370.450079987651,362.20570711462034,365.0720825195313,74850700,263.55972174937557,265.03130035204026,257.16327086795667,259.46875,42335300,22.9,28.316901284527283,2022-12-01,2022-12-15
2023-01-04,367.3344711039099,369.9228305563907,364.28597966385496,367.8905029296875,85934100,261.5878050240108,262.38245500821034,257.55566441960866,260.704833984375,47754900,22.01,28.316901284527283,2022-12-01,2022-12-15
2023-01-05,365.9348510599075,366.0498840558089,363.09726322382664,363.6916198730469,76970500,259.0371291418901,259.2038913128683,256.3098041930102,256.62371826171875,45396700,22.46,28.316901284527283,2022-12-01,2022-12-15
2023-01-06,366.7880279535868,373.153460042991,363.72037415912655,372.0318298339844,104189600,258.36013103501256,264.825262145389,255.40715401036852,263.70684814453125,54659700,21.13,28.316901284527283,2022-12-01,2022-12-15
2023-01-09,374.2271369047477,377.4194487549502,371.6388067821009,371.8209228515625,73978100,265.698362985666,270.07387749944996,264.8056318006044,265.41387939453125,45568700,21.97,28.316901284527283,2022-12-01,2022-12-15
2023-01-10,371.2360932412133,374.49548756316256,370.29660854167065,374.4283752441406,65358100,264.38378077930986,267.76842326727916,263.8736443498317,267.6604919433594,35247800,20.58,28.316901284527283,2022-12-01,2022-12-15
2023-01-11,376.0102256287862,379.2408622167289,375.1953696060024,379.1641540527344,68881100,268.7298816623899,272.3990079906392,267.94502179315026,272.29107666015625,44077000,21.09,28.316901284527283,2022-12-01,2022-12-15
2023-01-12,380.2666300515915,382.0113458697923,376.19237910493234,380.5446166992187,90157700,272.8502932331982,274.7927877956512,268.5532788594756,273.7626647949219,60600000,18.83,28.316901284527283,2022-12-01,2022-12-15
2023-01-13,377.3427015811747,382.59609870511895,377.0742815386718,382.0209045410156,63903900,271.2609957287121,275.8915643759767,270.92744149666754,275.64630126953125,44802900,18.35,28.334813423755683,2023-01-01,2023-01-13
2023-01-17,382.00176656830166,383.6793992551705,380.6404746013531,381.3211059570313,62677300,275.45010628428685,277.4907122994927,274.2826513860073,276.2055358886719,36269700,19.36,28.334813423755683,2023-01-01,2023-01-13
2023-01-18,382.5097957808304,383.5738800387548,375.0994430292772,375.3007507324219,99632300,277.7457534776358,279.29583316338494,272.40885552610445,272.6148681640625,47754500,20.34,28.334813423755683,2023-01-01,2023-01-13
2023-01-19,373.2589236026424,374.9077982389386,371.24578754272824,372.5687255859375,86958900,270.9863178139879,272.1243422859905,268.7004787039163,269.93658447265625,44150400,20.52,28.334813423755683,2023-01-01,2023-01-13
2023-01-20,373.96829741871426,379.66266441415144,372.3194229813891,379.50927734375,91806400,271.5455000347287,277.65743727728545,270.48594668506337,277.3238830566406,60613600,19.85,28.334813423755683,2023-01-01,2023-01-13
2023-01-23,380.31449137897374,385.999261850418,379.3558442469694,384.0628051757813,84178800,278.167576598982,284.7111786521675,277.3729266337747,283.48486328125,52799900,19.81,28.334813423755683,2023-01-01,2023-01-13
2023-01-24,382.3852133953482,384.56133208460926,381.19650018692624,383.650634765625,59524900,281.86612337300437,284.06367086220337,281.34616687102994,282.9060363769531,44875100,19.2,28.334813423755683,2023-01-01,2023-01-13
2023-01-25,379.57636134944494,384.12993543916394,377.2851805542504,383.7944030761719,84800300,278.39320945144925,282.896236062252,275.85228750449124,282.2781982421875,50872000,19.08,28.334813423755683,2023-01-01,2023-01-13
2023-01-26,386.4594170054567,388.1754035366661,383.4876050912672,388.0124206542969,72287400,285.70200409702426,287.9584120329334,283.05315135544816,287.7818298339844,51596300,18.73,28.334813423755683,2023-01-01,2023-01-13
2023-01-27,386.96753487416305,391.281447303276,386.7566313185161,388.9039916992187,68346200,286.4672532985683,292.608649884804,286.3495318203836,290.64654541015625,56441900,18.51,28.334813423755683,2023-01-01,2023-01-13
2023-01-30,386.1431385720955,388.3768032673917,383.7273577965346,384.0245361328125,74202000,287.37968364573163,288.8022216574002,284.3973057887979,284.77008056640625,49405800,19.94,28.334813423755683,2023-01-01,2023-01-13
2023-01-31,384.5421906397612,389.7188801347345,384.19706240377985,389.67095947265625,86811800,284.8092950925129,289.1357393931687,284.7013937087767,289.0376281738281,46705100,19.4,28.334813423755683,2023-01-01,2023-01-13
2023-02-01,388.4534215519607,396.5635978827124,385.71170461794947,393.812255859375,101459200,288.8316615869483,297.680744097422,286.7616253046277,295.21832275390625,67562200,17.87,28.334813423755683,2023-01-01,2023-01-13
2023-02-02,397.70442814895335,401.01177323006914,395.8063251072657,399.5450439453125,101654500,301.7423282493174,307.73654472571866,300.9182477321009,305.8136901855469,83070600,18.73,28.334813423755683,2023-01-01,2023-01-13
2023-02-03,394.5696669290931,399.7271944530263,394.090343244796,395.2982482910156,94736800,299.1621361358604,306.47098885524724,298.76972114420454,300.3786315917969,76170800,18.33,28.334813423755683,2023-01-01,2023-01-13
2023-02-06,392.8440909429574,394.2820619137646,391.22397464206705,392.8824157714844,60295300,297.7591449688051,300.1136641199177,296.49357932358964,297.8376159667969,40802300,19.43,28.334813423755683,2023-01-01,2023-01-13
2023-02-07,391.9620943439746,399.2669816692664,390.7158646278332,398.020751953125,90990700,297.7101151054352,305.13668801554405,296.59173107995235,304.00848388671875,67584000,18.66,28.334813423755683,2023-01-01,2023-01-13
2023-02-08,396.0460046657351,397.3881051733377,392.9783212864178,393.6685485839844,76227500,302.6938758967984,303.6356776933816,297.9161561301726,298.6028747558594,56720900,19.63,28.334813423755683,2023-01-01,2023-01-13
2023-02-09,397.27298063541855,397.426367694604,389.0286090516376,390.2556762695313,78694900,302.98823688191555,303.1353887624289,294.51195923155336,295.9638977050781,49137800,20.71,28.334813423755683,2023-01-01,2023-01-13
2023-02-10,389.0765999287314,391.5499264780459,388.26177308465975,391.1664733886719,70769700,293.80556011389376,295.8559558737562,291.6178026580942,294.0213928222656,50050100,20.53,28.334813423755683,2023-01-01,2023-01-13
2023-02-13,391.8183051444725,395.8925559564968,391.358143932513,395.7583312988281,64913500,295.4242966291426,299.31907562567426,294.2470218426378,298.7304382324219,39636700,20.34,28.334813423755683,2023-01-01,2023-01-13
2023-02-14,394.2341337099117,397.8865778364983,391.6170451224685,395.5762634277344,88389300,297.1509876493258,301.88945775685835,295.2084930417475,300.9378356933594,64079100,18.91,28.334813423755683,2023-01-01,2023-01-13
2023-02-15,393.3809452879777,396.9375187591641,392.5373309404456,396.86083984375,61555700,299.1228844068346,303.41007879995976,298.43616565913834,303.2433166503906,43100600,18.23,28.91976294386663,2023-02-01,2023-02-15
2023-02-16,391.8854343728946,395.83505653186137,391.2623194847148,391.3965148925781,76431500,298.61277616281393,302.58602696405995,297.40607076349045,297.55322265625,59498600,20.17,28.91976294386663,2023-02-01,2023-02-15
2023-02-17,389.2683127319957,390.6583629922171,387.34142233465536,390.418701171875,89257800,295.36541372252225,296.20910430272016,292.45168728691385,295.4537048339844,58230700,20.02,28.91976294386663,2023-02-01,2023-02-15
2023-02-21,386.3923479856616,387.4468657837822,382.3276931153695,382.5865173339844,82655900,291.6275800656275,293.0697279651219,288.3214390154632,288.4587707519531,46526700,22.87,28.91976294386663,2023-02-01,2023-02-15
2023-02-22,382.9987818589444,384.542219317923,380.6021634644275,382.059326171875,83742300,289.0376672323923,290.74468891009906,287.01670158610773,288.6746826171875,51389200,22.29,28.91976294386663,2023-02-01,2023-02-15
2023-02-23,384.95442103644666,385.56796937278995,379.8640060342025,384.0916442871094,96242400,292.32412690013473,292.4810988457512,287.0068107724756,291.1959228515625,69294400,21.14,28.91976294386663,2023-02-01,2023-02-15
2023-02-24,379.0683237378521,380.8226354035622,377.36193273433554,379.9886169433594,108194400,286.23183827727587,287.4189032172758,284.5542172313994,286.32012939453125,74332000,21.67,28.91976294386663,2023-02-01,2023-02-15
2023-02-27,383.33429643374495,384.6955884908984,380.34332149757034,381.2828063964844,80444700,289.47913843428347,290.8722160742341,287.7819070065774,288.37054443359375,48995000,20.95,28.91976294386663,2023-02-01,2023-02-15
2023-02-28,380.8034546692743,382.7686698141573,379.7680992642455,379.8735656738281,96438600,287.74265849325576,290.5092334615913,287.40910426818135,287.99774169921875,48243100,20.7,28.91976294386663,2023-02-01,2023-02-15
2023-03-01,379.058688324708,380.2857555557943,377.1126357022291,378.4163818359375,99706800,287.7034608376696,288.36074923545726,284.7014426338721,285.6824951171875,58287000,20.58,28.91976294386663,2023-02-01,2023-02-15
2023-03-02,376.4415411491154,382.2030196575483,376.1060088085925,381.3594055175781,85127800,283.1905319799629,288.85119240250265,282.9060184586117,288.0467224121094,53565900,19.59,28.91976294386663,2023-02-01,2023-02-15
2023-03-03,383.1808966203792,387.7249046275864,382.5290234904316,387.47564697265625,90120000,289.79301670471045,294.23718186541674,289.2828504119004,294.001708984375,60511500,18.49,28.91976294386663,2023-02-01,2023-02-15
2023-03-06,388.3000821585358,390.60085911261217,387.3031100177366,387.74407958984375,72795900,295.23796974249774,298.23998828203077,294.13919562859667,294.33538818359375,56736300,18.61,28.91976294386663,2023-02-01,2023-02-15
2023-03-07,387.6961188042508,387.935780607532,381.1868960355702,381.8004150390625,108310600,294.3844034004965,295.3065950596229,290.11681943570414,290.7250671386719,65955800,19.59,28.91976294386663,2023-02-01,2023-02-15
2023-03-08,381.91547162159134,383.1808636899206,380.1898891101756,382.4235534667969,74746600,291.14687907881626,292.7754294827464,289.2927058080047,292.177001953125,50876300,19.11,28.91976294386663,2023-02-01,2023-02-15
2023-03-09,383.20967866619384,384.87774493306273,374.38054484861016,375.3679504394531,111945300,292.67726430234086,295.27707635862686,286.3004255546731,287.1147155761719,71456700,22.61,28.91976294386663,2023-02-01,2023-02-15
2023-03-10,374.8215147441384,376.9017923479486,368.42735335856526,369.95159912109375,189253000,287.28157540233644,288.7727942856596,281.9348575201035,283.0826721191406,98593600,24.8,28.91976294386663,2023-02-01,2023-02-15
2023-03-13,366.02106965683873,374.2462786691214,364.9090354410611,369.42425537109375,157790000,281.2971396240923,288.89047492289336,279.786310683679,285.1820983886719,97123600,26.52,28.91976294386663,2023-02-01,2023-02-15
2023-03-14,374.3517371834628,377.17975816787913,371.0443925918974,375.5308837890625,149752400,288.73348664656174,292.2848910178012,287.8897960785165,291.7355041503906,73602500,23.73,28.91976294386663,2023-02-01,2023-02-15
2023-03-15,369.9323910671056,373.38349766674736,367.8425178859198,373.18218994140625,172996900,289.12588864881843,293.5994843347177,287.6837407014339,293.26593017578125,83631500,26.14,27.953041469070055,2023-03-01,2023-03-15
2023-03-16,370.8239843207203,380.0749256309138,370.31590238260264,379.7297973632813,143254200,292.3536046471147,301.35965816858703,291.5589546269461,300.9966735839844,98198100,22.99,27.953041469070055,2023-03-01,2023-03-15
2023-03-17,378.3979315164517,379.5334454433477,373.9039499902757,375.2896728515625,140553400,300.90840459728173,303.29235483313954,297.6218729463031,299.57415771484375,89923700,25.51,27.953041469070055,2023-03-01,2023-03-15
2023-03-20,376.0691640257984,379.31215983644114,375.3666994576997,378.8983459472656,93055800,298.95714064586366,300.96156442309575,296.74635531468806,300.6373291015625,56359500,24.15,27.953041469070055,2023-03-01,2023-03-15
2023-03-21,382.2664102459138,384.3546271012109,380.66897882785537,383.87347412109375,91524200,302.5729571040387,305.383096151372,301.05978916317935,304.9311218261719,49757000,21.38,27.953041469070055,2023-03-01,2023-03-15
2023-03-22,383.70026302343734,387.31851343521214,377.2913018555355,377.3297729492187,111746600,304.8623940027054,309.75560999268265,300.61770867076183,300.78472900390625,75791900,22.26,27.953041469070055,2023-03-01,2023-03-15
2023-03-23,380.1975258771473,384.2392233753585,375.6362042124753,378.3499145507813,119351300,304.51842966489943,308.67468596990665,301.65914434252295,304.35137939453125,74576000,22.61,27.953041469070055,2023-03-01,2023-03-15
2023-03-24,377.0699607694,380.9191845780308,374.7219318967555,380.83258056640625,107682400,303.9289137231987,305.5697907431197,301.6002249076024,305.4715576171875,57195200,21.74,27.953041469070055,2023-03-01,2023-03-15
2023-03-27,383.1132717788515,383.8831342228275,380.64977069262744,381.5447082519531,74010400,306.16919123041095,307.2500255451253,302.5238604825814,303.3786926269531,50287400,20.6,27.953041469070055,2023-03-01,2023-03-15
2023-03-28,380.8517774539011,381.5446388438139,378.85019419817775,380.6882019042969,62871700,302.79896011565387,302.8284360503004,299.45819426535354,301.7672424316406,48585900,19.97,27.953041469070055,2023-03-01,2023-03-15
2023-03-29,384.8551004484772,386.4621646778461,383.652217733075,386.2215881347656,77497900,305.4617259902813,307.8886779467395,304.646175138239,307.2696533203125,53274300,19.12,27.953041469070055,2023-03-01,2023-03-15
2023-03-30,388.85822473969705,389.1084336951085,386.6160647001771,388.4829406738281,69840000,309.7457058652787,310.80689945176334,307.35806527422386,310.17803955078125,58354800,19.02,27.953041469070055,2023-03-01,2023-03-15
2023-03-31,389.4067476454537,394.25677808538353,389.3008787149844,393.9584655761719,112062600,310.4040515378781,315.57238531475065,310.0994568842144,315.3365478515625,62138100,18.7,27.953041469070055,2023-03-01,2023-03-15
2023-04-03,393.4387769608017,395.86377728046097,393.04422801384897,395.4596252441406,67391100,313.21417648862,314.8354427804557,311.8877295017582,314.57012939453125,47126800,18.55,27.953041469070055,2023-03-01,2023-03-15
2023-04-04,396.10441021722386,396.3931196515644,391.8895050342017,393.265625,66601500,315.0123660990055,316.0244133428244,312.2906243957387,313.509033203125,45875400,19.0,27.953041469070055,2023-03-01,2023-03-15
2023-04-05,392.53424390704595,393.2944738697264,390.5807639021192,392.2359313964844,65200200,312.5559386818872,313.499198740395,308.5961775150166,310.4139404296875,62795700,19.08,27.953041469070055,2023-03-01,2023-03-15
2023-04-06,391.437167451645,394.0450376322365,390.3882575257403,393.7659606933594,63743300,308.7630903727051,312.99796883199247,307.3678563947214,312.5066833496094,46916500,18.4,27.953041469070055,2023-03-01,2023-03-15
2023-04-10,391.2832175790923,394.2471364215444,390.6673570273508,394.1701354980469,63681000,309.57870772010875,312.3790415697629,307.7904209826378,312.32989501953125,45134700,18.97,27.953041469070055,2023-03-01,2023-03-15
2023-04-11,394.7956544202573,395.6809594619992,393.5061679518089,394.2760009765625,59297900,312.29058179328797,312.34956365032986,309.81451323953195,310.325439453125,40113600,19.1,27.953041469070055,2023-03-01,2023-03-15
2023-04-12,396.34496122221753,396.6336706379783,392.08195275810823,392.6689453125,86420400,312.2807647449235,312.87031342197184,307.1222662957105,307.5840759277344,62813300,19.09,27.953041469070055,2023-03-01,2023-03-15
2023-04-13,393.7563729944993,398.2407226034187,392.6112264732372,397.8846740722656,85814800,309.342853704932,314.0788537181018,308.16378634781455,313.60723876953125,54613800,17.8,27.953041469070055,2023-03-01,2023-03-15
2023-04-14,397.24947160898046,399.4435277503079,394.6031305479948,396.91265869140625,78161500,312.05476966810073,314.7764809739093,310.10926798541686,313.0177001953125,56278300,17.07,28.76468407710037,2023-04-01,2023-04-14
2023-04-17,396.8261779285292,398.3562411658076,395.59442724502657,398.3370056152344,66436400,312.6049825415416,313.6367001650962,310.5317719596086,313.282958984375,43007000,16.95,28.76468407710037,2023-04-01,2023-04-14
2023-04-18,399.9150951800139,400.0498321097644,397.2206502574761,398.59674072265625,63560000,315.39549358382044,315.81802195370216,312.1039043269435,313.3026123046875,46746900,16.83,28.76468407710037,2023-04-01,2023-04-14
2023-04-19,396.68174813685937,399.4339289760812,396.62401213094887,398.5293884277344,55227300,310.89534126848116,314.2164365542462,310.76760222122994,313.1552429199219,38960100,16.46,28.76468407710037,2023-04-01,2023-04-14
2023-04-20,395.7098258250606,398.10598763661955,394.80525587274064,396.3545837402344,75840400,310.1878952501986,313.70548684729437,309.48044280792834,310.7676086425781,62462100,17.17,28.76468407710037,2023-04-01,2023-04-14
2023-04-21,396.6529041637765,397.1244246963598,394.7090566567866,396.66253662109375,73457400,310.40407605124466,311.86809756580624,308.6256245513953,311.09185791015625,59002300,16.77,28.76468407710037,2023-04-01,2023-04-14
2023-04-24,396.4604650046347,397.4997719970421,395.122874849699,397.0763549804687,64332100,310.8658272036678,312.20210941105614,308.2718252918835,310.4433288574219,44043100,16.89,28.76468407710037,2023-04-01,2023-04-14
2023-04-25,395.1035702020275,395.6617241074058,390.7154573508528,390.773193359375,97766700,308.8123240884824,309.4804653365715,304.489016620201,304.5872497558594,57121600,18.76,28.76468407710037,2023-04-01,2023-04-14
2023-04-26,391.3890687387205,392.46684668077467,388.55988695720504,389.1180114746094,80447000,307.97715342872493,309.45101039192303,305.9137476831083,306.43450927734375,55400500,18.84,28.76468407710037,2023-04-01,2023-04-14
2023-04-27,391.6585449994972,397.1340685308111,391.40833604006144,396.8646240234375,92968400,310.1976828367422,315.26772290973327,309.5589876855451,314.7666320800781,65430400,17.03,28.76468407710037,2023-04-01,2023-04-14
2023-04-28,395.97928167060974,400.26155506482286,395.9215456607,400.2519226074219,89433100,314.5307993238096,317.0265381463464,313.4008486317639,316.9381103515625,59712600,15.78,28.76468407710037,2023-04-01,2023-04-14
2023-05-01,399.8091863132883,401.87813788092586,399.6167134090812,399.8476867675781,62122300,316.47632185384504,317.98948974313606,315.493750754301,316.5745849609375,41013400,16.08,28.76468407710037,2023-04-01,2023-04-14
2023-05-02,399.1356149746384,399.1837478908785,392.4476064659251,395.353759765625,103998500,316.50580338013646,316.8300686407024,312.07439804746815,313.8135681152344,56519400,17.78,28.76468407710037,2023-04-01,2023-04-14
2023-05-03,395.8541433677578,398.2695405891648,392.39946868953274,392.6400451660156,91531800,314.1770648994576,316.8496591138234,311.6518503321608,311.75994873046875,59882100,18.34,28.76468407710037,2023-04-01,2023-04-14
2023-05-04,391.59114772802405,391.91832822239473,388.5213894409254,389.8590087890625,94901900,311.5339880602636,312.6836094317165,309.6277977427473,310.6595153808594,50224500,20.09,28.76468407710037,2023-04-01,2023-04-14
2023-05-05,393.4965752558722,398.12526506376383,393.23676319139554,397.0763549804687,87891800,312.91947297286674,318.1172833774698,310.6988523113847,317.262451171875,51806100,17.19,28.76468407710037,2023-04-01,2023-04-14
2023-05-08,397.4035003706773,397.6633124121759,395.7772009206819,397.1821594238281,50046800,316.8005769349855,318.3923372674187,315.7197427630588,318.0484313964844,36465800,16.98,28.76468407710037,2023-04-01,2023-04-14
2023-05-09,395.6328110527547,396.5566164511649,395.2093941269741,395.4403381347656,49220100,316.3879214383984,317.2525888785496,315.7197802294426,316.0342102050781,31768800,17.71,28.76468407710037,2023-04-01,2023-04-14
2023-05-10,398.27919887504333,398.914324338217,393.4580365761441,397.28802490234375,96142900,318.4709942009923,320.32806828839847,315.99492540347956,319.4732360839844,60446600,16.94,28.76468407710037,2023-04-01,2023-04-14
2023-05-11,396.4219457866343,396.8838338451928,394.5165694433399,396.59515380859375,70157100,320.0234239155159,321.0551115912344,318.4709447629655,320.51470947265625,44278500,16.93,28.76468407710037,2023-04-01,2023-04-14
2023-05-12,397.8365368137777,398.0482452964263,393.65050007841785,396.0755004882813,70481500,321.0453006415859,321.4678290419078,317.3115421183243,319.3651123046875,48432800,17.03,28.76468407710037,2023-04-01,2023-04-14
2023-05-15,396.68175616777665,397.8461381335402,394.7667767427343,397.4419860839844,54289400,319.83679236161584,321.3302899376435,318.3137888604208,321.094482421875,33375600,17.12,28.761805827303075,2023-05-01,2023-05-15
2023-05-16,396.3353398421656,397.2591747577228,394.77640880213,394.7860412597656,57705500,320.3772038752881,323.16770284039325,320.3378926262874,321.4580383300781,40019200,17.99,28.761805827303075,2023-05-01,2023-05-15
2023-05-17,396.8068925910828,400.1845667461961,395.1613575223225,399.5783386230469,87287000,322.51915867337476,325.9286819112278,321.3400912336349,325.3489685058594,47486100,16.87,28.761805827303075,2023-05-01,2023-05-15
2023-05-18,399.2607196795313,403.8509377054382,399.0394081133319,403.4275207519531,97177200,325.74191015949276,331.6078599234032,325.7222695353631,331.3916931152344,64213500,16.05,28.761805827303075,2023-05-01,2023-05-15
2023-05-19,404.3320457296968,404.8613021791118,401.61833629319466,402.8404541015625,103793300,331.6079506512869,332.3154031274269,329.58385634177114,330.6450500488281,61554900,16.81,28.761805827303075,2023-05-01,2023-05-15
2023-05-22,402.8598103596236,404.5438459115557,401.6184273585123,403.004150390625,60745400,330.3894914879063,332.76732644934293,330.3796561827026,331.7552795410156,43015900,17.21,28.761805827303075,2023-05-01,2023-05-15
2023-05-23,401.3585475631552,402.9367433972177,398.0867132485157,398.4812622070313,86383500,330.03579922661845,331.18539054519056,327.1961545433074,327.54986572265625,48216700,18.53,28.761805827303075,2023-05-01,2023-05-15
2023-05-24,396.8742743622671,397.25919090910776,394.4300087705914,395.5943908691406,89213700,325.59454074893665,327.107708453683,323.8160896745157,325.8696594238281,62891200,20.03,28.761805827303075,2023-05-01,2023-05-15
2023-05-25,399.106745609804,400.4732329300767,396.86458575045214,399.0201416015625,90961600,333.2291637268725,335.0665668116123,330.80221200891475,333.7990417480469,66862800,19.14,28.761805827303075,2023-05-01,2023-05-15
2023-05-26,399.6745267786192,404.9094736202561,399.5975552223808,404.187744140625,93830000,334.82099101587556,343.1630113895212,334.72272789307027,342.32781982421875,63007000,17.95,28.761805827303075,2023-05-01,2023-05-15
2023-05-30,406.1219771957275,406.6512337191027,402.955982410714,404.3417053222656,72216000,346.56264897187214,347.7613869295113,342.4555089148934,343.8802490234375,72652200,17.46,28.761805827303075,2023-05-01,2023-05-15
2023-05-31,402.51327175353487,403.417841561441,400.5309241406112,402.0994873046875,110811800,342.2982780436562,344.4894223193903,340.47071025093595,341.9248962402344,65105400,17.94,28.761805827303075,2023-05-01,2023-05-15
2023-06-01,402.33050994129945,406.9784643429913,401.0795238946496,405.919921875,88865000,341.6694746335876,347.20132498528426,340.6181163131397,345.8748779296875,50488600,15.65,28.761805827303075,2023-05-01,2023-05-15
2023-06-02,408.4989090066005,412.5790771690053,407.969652437944,411.7900085449219,91426200,347.6336501039752,349.62826827724246,345.8748693896707,348.4688415527344,53372100,14.6,28.761805827303075,2023-05-01,2023-05-15
2023-06-05,412.1363990044285,413.4258854781173,410.29839108056865,411.0008850097656,65460200,348.25269839960436,351.26919913842227,347.68282030519657,348.7145080566406,47266200,14.73,28.761805827303075,2023-05-01,2023-05-15
2023-06-06,410.5870909976928,412.4250695118066,409.9327006351518,411.8958129882813,64022200,348.10531064293906,349.61847863088633,346.77883357493243,348.6555480957031,41390400,13.96,28.761805827303075,2023-05-01,2023-05-15
2023-06-07,412.2903604628489,413.4258744271593,410.0481711705742,410.4715881347656,85373300,348.9404690538599,350.89577588867536,342.11158811981494,342.7404479980469,69225900,13.94,28.761805827303075,2023-05-01,2023-05-15
2023-06-08,410.5389787763912,413.40666121292,409.7691457275,412.9543762207031,61952800,343.03523458791426,347.4568047564389,342.809262414588,346.9949951171875,47153900,13.65,28.761805827303075,2023-05-01,2023-05-15
2023-06-09,413.7531095499645,415.7065896969759,412.7041994579485,413.69537353515625,85742800,348.44918068622377,351.4263698061211,346.87706098911235,348.3214416503906,53196900,13.83,28.761805827303075,2023-05-01,2023-05-15
2023-06-12,414.67685648093624,417.52527361997466,413.9551270818145,417.4482727050781,76104300,349.98204800024035,354.305355405067,349.00931208022024,354.20709228515625,44606500,15.01,28.761805827303075,2023-05-01,2023-05-15
2023-06-13,418.9110749460117,420.84529012852545,418.247081424966,420.2005615234375,95899700,356.9582479049561,357.76393338304973,353.75505666181834,356.92877197265625,57097800,14.61,28.761805827303075,2023-05-01,2023-05-15
2023-06-14,420.5373216552151,422.5100370544421,417.2462224703346,420.7008972167969,100612100,356.93865987143437,359.8077812170539,354.1383556980209,359.5228271484375,69525600,13.88,28.761805827303075,2023-05-01,2023-05-15
2023-06-15,419.8829186958016,427.167581376933,419.78671159999425,425.9165954589844,110303100,358.2552423852553,365.2904552167826,357.63624776639995,363.8067932128906,71138800,14.5,29.939593027231528,2023-06-01,2023-06-15
2023-06-16,427.904413934663,428.474279953013,423.9926092848296,424.46588134765625,114165800,366.22391921096187,366.351658257818,361.0752559946736,361.5173950195313,80932000,13.54,29.939593027231528,2023-06-01,2023-06-15
2023-06-20,422.52444796434224,423.41304154167295,420.1870041214196,422.2636413574219,76160400,360.0651728884419,362.397056132463,358.03830213467023,360.9998779296875,49204700,13.88,29.939593027231528,2023-06-01,2023-06-15
2023-06-21,421.2784425280354,422.0801103736596,419.51086470582334,420.1000671386719,76982300,359.85850638708854,360.2914331262993,355.1553750173207,356.08026123046875,53378300,13.2,29.939593027231528,2023-06-01,2023-06-15
2023-06-22,419.14389467353715,421.722779347334,418.80583057108225,421.6165466308594,70637200,354.8306667482636,360.438986288893,354.4272564085089,360.2815856933594,47603000,12.91,29.939593027231528,2023-06-01,2023-06-15
2023-06-23,418.1586622892244,420.2159925909701,417.71436548656794,418.4291076660156,92074500,356.385311870061,359.01238895404134,355.01767999999373,356.71002197265625,48922900,13.44,29.939593027231528,2023-06-01,2023-06-15
2023-06-26,417.8592755318311,419.781368562751,416.47807329831915,416.7195434570313,72823600,356.17866827388485,358.9729945543616,351.8395819991526,351.9281311035156,52685500,14.25,29.939593027231528,2023-06-01,2023-06-15
2023-06-27,417.5984155696539,421.9062340935396,417.1444505822348,421.2880859375,72813700,353.47285182722567,358.7073073891835,352.74476147658174,357.97918701171875,49428100,13.74,29.939593027231528,2023-06-01,2023-06-15
2023-06-28,420.2063045276252,422.5147730975973,419.5881563282677,421.5006103515625,75636000,356.15896549012393,360.6259355671753,356.080235165036,358.67779541015625,46498000,13.43,29.939593027231528,2023-06-01,2023-06-15
2023-06-29,421.08531928799687,423.32616946695146,420.6796659223557,423.1619567871094,67882300,358.38264216689817,359.0222135298197,356.3164363159426,357.9595642089844,46151000,13.54,29.939593027231528,2023-06-01,2023-06-15
2023-06-30,426.3783009507995,429.1407051013052,426.0595438710738,428.155517578125,104964000,361.6394163650322,364.5321406265844,361.32458510548383,363.4793701171875,58712500,13.59,29.939593027231528,2023-06-01,2023-06-15
2023-07-03,427.8078514299053,428.9282469948695,427.52773780049586,428.6481628417969,32793400,364.1188942951923,364.9650501822504,363.0365774410757,364.3353576660156,19432900,13.57,29.939593027231528,2023-06-01,2023-06-15
2023-07-05,426.8322751907773,428.7447292814146,426.8226069528998,428.0106506347656,58418400,362.77095217680977,366.0277217083489,362.7315870087707,364.3255310058594,34460900,14.18,29.939593027231528,2023-06-01,2023-06-15
2023-07-06,424.42722521043544,425.0840168806509,422.1477318870011,424.6590270996094,80658300,360.6161677546873,361.9936483701635,358.6581484968216,361.5508728027344,49374700,15.44,29.939593027231528,2023-06-01,2023-06-15
2023-07-07,423.664201015191,427.5373915505045,423.3454439189286,423.5869140625,86134200,361.3245946385069,364.52233147221807,360.12421222600994,360.3504943847656,47133700,14.83,29.939593027231528,2023-06-01,2023-06-15
2023-07-10,423.2295133382579,424.8328785164898,422.6596473764828,424.6590270996094,62443500,360.0749443133993,361.1474122875821,357.5659631843357,360.468505859375,48498800,15.07,29.939593027231528,2023-06-01,2023-06-15
2023-07-11,425.422125413234,427.85613393293494,424.4465765671181,427.363525390625,64463800,360.89163773710936,362.7020449901475,358.75652041765636,362.24945068359375,38214100,14.84,29.939593027231528,2023-06-01,2023-06-15
2023-07-12,431.15940249157063,432.21220867974904,429.72988876678727,430.802001953125,91924500,366.35235412153,368.1726100645608,364.34515118816057,366.82464599609375,61975400,13.54,29.939593027231528,2023-06-01,2023-06-15
2023-07-13,432.617887210663,435.0132815571351,432.18325865422753,434.22125244140625,72425200,370.002732023854,373.8793753287955,369.4222234106645,373.0528869628906,46960000,13.61,29.939593027231528,2023-06-01,2023-06-15
2023-07-14,435.1098740968055,435.9598242076378,433.18775178790105,433.9508056640625,69815800,373.4857786392497,376.70318269282194,372.0984493610609,372.9741516113281,55148500,13.34,30.8909260883331,2023-07-01,2023-07-14
2023-07-17,433.8059330908804,436.5103868213516,433.7576213779186,435.45758056640625,52680200,373.69243480663897,377.33294722080336,373.2103240915252,376.4572448730469,40868900,13.48,30.8909260883331,2023-07-01,2023-07-14
2023-07-18,435.12913614001786,439.3403606896483,434.6944781535629,438.6932373046875,80668200,375.8176530095486,380.9045269123288,373.8891803814072,379.536865234375,55262000,13.3,30.8909260883331,2023-07-01,2023-07-14
2023-07-19,439.4853035858035,440.85683741354967,438.61598753921226,439.6688232421875,65891700,380.5995933337877,381.7409430926032,378.12009798549497,379.4483947753906,54093000,13.76,30.8909260883331,2023-07-01,2023-07-14
2023-07-20,438.6739532656,439.57221504319733,436.037088927524,436.7518310546875,70591600,376.4572574650735,377.92331728400615,369.67807074965657,370.7013549804687,71941700,13.99,30.8909260883331,2023-07-01,2023-07-14
2023-07-21,438.4710971405942,438.6739532656,436.7421922937348,436.7518310546875,71275600,373.0823469716512,373.81046734793506,369.1565203199602,369.5894470214844,60499600,13.6,30.8909260883331,2023-07-01,2023-07-14
2023-07-24,437.9012445599851,439.5142779903244,436.867745334165,438.7029418945313,54023400,370.5635528672616,371.50810665869074,368.3202188458526,370.1798400878906,40380100,13.91,30.8909260883331,2023-07-01,2023-07-14
2023-07-25,438.4325069587421,441.15626767500714,438.3841952460214,439.900634765625,55191200,370.8882234500584,374.3516070011046,370.8685258558439,372.6887817382813,38894400,13.86,30.8909260883331,2023-07-01,2023-07-14
2023-07-26,438.9637376866275,441.3977460774992,437.9109314172146,439.96826171875,71052900,371.6458619601726,373.14140793425514,369.14669945351966,371.4490661621094,47075700,13.19,30.8909260883331,2023-07-01,2023-07-14
2023-07-27,443.35849914141073,443.7641819600167,436.1433699333953,437.0513000488281,92194400,376.9098266210042,378.52343803042015,369.27460621894454,370.56353759765625,63940200,14.41,30.8909260883331,2023-07-01,2023-07-14
2023-07-28,440.3256456163928,442.1608128318353,437.0512962860115,441.3301696777344,80011800,374.6173045040131,378.33651706389406,374.1056774417926,377.3132629394531,56902900,13.33,30.8909260883331,2023-07-01,2023-07-14
2023-07-31,441.80343186125066,442.5278422835043,440.48981896786944,442.17047119140625,62040400,377.6182869887491,378.6907551113529,376.19159240697024,377.5100402832031,44019900,13.63,30.8909260883331,2023-07-01,2023-07-14
2023-08-01,440.70232573811046,441.6488993268256,439.9489400577326,440.9051818847656,55291500,376.1620464793932,377.3919451508952,374.56810260541835,376.63433837890625,41060600,13.93,30.8909260883331,2023-07-01,2023-07-14
2023-08-02,437.7853626915781,438.0461398306252,434.0184344125547,434.7718200683594,93933400,373.1611883162685,373.1611883162685,367.12975909211053,368.3695068359375,72687100,16.09,30.8909260883331,2023-07-01,2023-07-14
2023-08-03,432.75306430355187,435.40923541358217,432.1059114635226,433.5257568359375,64276100,365.95882713700206,369.90435184798616,365.7915476989131,367.7790832519531,47666400,15.92,30.8909260883331,2023-07-01,2023-07-14
2023-08-04,435.3416905501171,437.44730311288595,431.0435102343316,431.5650939941406,100128900,369.7075822366438,372.0197980045004,365.555442653565,366.0572509765625,61702800,17.1,30.8909260883331,2023-07-01,2023-07-14
2023-08-07,433.4002700753938,435.4865756811288,432.7048348734821,435.33203125,58357500,367.86765415773664,369.25498360237106,365.5357708456073,369.1565856933594,37230400,15.77,30.8909260883331,2023-07-01,2023-07-14
2023-08-08,432.7917508600607,435.3223827020289,430.07762882885913,433.43890380859375,71361300,366.64757532989904,366.6672428994244,362.8889976997199,366.0178527832031,44726500,15.99,30.8909260883331,2023-07-01,2023-07-14
2023-08-09,433.7092853401669,433.8734979817306,429.77814494261014,430.5411987304687,78789600,366.3031915996586,366.4606222337156,361.2360150499195,361.9936218261719,51150900,15.96,30.8909260883331,2023-07-01,2023-07-14
2023-08-10,432.89797658868093,436.2882265207825,429.52706313111736,430.6957702636719,93005500,365.0043904450485,368.3398598555968,361.137596428398,362.66265869140625,72035300,15.85,30.8909260883331,2023-07-01,2023-07-14
2023-08-11,428.82196893936987,431.4588333292262,428.22312774254544,430.4446411132813,68690900,360.10451462832634,362.0822014786827,358.82543190557215,360.3504943847656,48707200,14.84,30.8909260883331,2023-07-01,2023-07-14
2023-08-14,429.5270825673996,432.8207092285156,429.2179937241371,432.8207092285156,47867400,359.5535144676342,364.5124746558894,358.83527281179767,364.3944091796875,42130800,14.82,30.8909260883331,2023-07-01,2023-07-14
2023-08-15,431.0434905199487,431.40089107368914,427.2089436634091,427.7788391113281,75707500,363.420281922942,364.21728388168873,359.8585001971934,360.527587890625,45539900,16.46,30.469742507138623,2023-08-01,2023-08-15
2023-08-16,427.3635314579317,429.0248473056636,424.5335083117714,424.6397705078125,80107200,359.98645920817404,361.52137052909745,356.611624061966,356.71002197265625,53190500,16.78,30.469742507138623,2023-08-01,2023-08-15
2023-08-17,426.1078556541094,426.3686327842003,420.8824384802807,421.4040222167969,95711300,358.1071176846967,358.4514953081847,352.4004000236627,352.8136291503906,62604300,17.89,30.469742507138623,2023-08-01,2023-08-15
2023-08-18,418.5836616313642,422.6403718520157,418.23595877170976,421.60687255859375,98852000,349.54703769092396,353.63029511668526,349.0058642803443,352.3708801269531,61191400,17.3,30.469742507138623,2023-08-01,2023-08-15
2023-08-21,422.6210410735604,425.0936930300052,420.4671462190992,424.3499755859375,68719000,353.83692384755506,358.72700217281374,353.3744807454022,358.048095703125,50696500,17.13,30.469742507138623,2023-08-01,2023-08-15
2023-08-22,426.1271477129419,426.1271477129419,422.6403332909712,423.2005310058594,64994200,360.6554747243955,360.6653235223592,356.84771323850873,357.5364685058594,44530200,16.97,30.469742507138623,2023-08-01,2023-08-15
2023-08-23,424.2630654264281,428.5322707675245,424.1181892276399,427.9140930175781,68441000,358.7171646756477,364.2664820763043,358.5007013012925,363.17431640625,51770600,15.98,30.469742507138623,2023-08-01,2023-08-15
2023-08-24,429.5173761658402,430.0292916211122,421.95451579727023,421.9835205078125,88517300,366.64749817258183,366.74586602633184,355.2045182820807,355.4111328125,66842500,17.2,30.469742507138623,2023-08-01,2023-08-15
2023-08-25,423.7124409886771,426.2430431246683,420.15800790417546,424.95843505859375,102325100,356.247574615354,359.85854068317366,352.8136767417662,358.16619873046875,69960500,15.68,30.469742507138623,2023-08-01,2023-08-15
2023-08-28,427.1510130346191,428.27143803085545,424.95847475635645,427.6532897949219,61595400,361.08837318531505,361.7967959662991,358.39244511479126,360.8620910644531,40910000,15.08,30.469742507138623,2023-08-01,2023-08-15
2023-08-29,427.5470082557006,434.1150135078099,427.3634885979469,433.83489990234375,83081900,360.6653499839977,369.0975431080189,360.34066992242833,368.7433166503906,58492400,14.45,30.469742507138623,2023-08-01,2023-08-15
2023-08-30,434.1729139992429,436.25921922905536,433.4678106860802,435.6217346191406,69053900,368.85157266254214,371.3802517890499,367.847956029626,370.7997131347656,41731500,13.88,30.469742507138623,2023-08-01,2023-08-15
2023-08-31,436.2399468961714,437.3796788770793,434.8007943012341,434.98431396484375,66084600,370.87845704471937,373.61375086117255,370.8095755033072,371.91156005859375,35730700,13.57,30.469742507138623,2023-08-01,2023-08-15
2023-09-01,437.7080471232461,438.19098733790463,434.3371043810238,435.7955932617187,58944100,374.28275412084383,374.7058320533503,370.0322171464116,371.5179443359375,39801200,13.09,30.469742507138623,2023-08-01,2023-08-15
2023-09-05,435.35132185994263,435.670049450585,433.8445506606034,433.9121398925781,55166200,370.71115217182,373.210314848442,369.7862659063022,371.9902648925781,32344200,14.01,30.469742507138623,2023-08-01,2023-08-15
2023-09-06,433.1007905422567,433.2070527201014,428.667402786713,430.99517822265625,70758500,371.2129381611802,371.5573157971025,366.70660260739953,368.7137756347656,42998700,14.45,30.469742507138623,2023-08-01,2023-08-15
2023-09-07,427.9912535632701,430.3480041175739,427.6435507649289,429.6719055175781,70355400,364.25664812381336,366.854208721943,363.2136963758197,366.076904296875,52060700,14.4,30.469742507138623,2023-08-01,2023-08-15
2023-09-08,429.72022009729625,431.85480770691146,429.3628490355431,430.3190612792969,61659700,366.0276900079968,368.82201616025327,365.6242796443045,366.5885009765625,35800100,13.84,30.469742507138623,2023-08-01,2023-08-15
2023-09-11,432.94628326819304,433.4581987746905,431.23668532604137,433.1491394042969,60180100,369.618997042065,371.4195555120843,367.65115913843493,370.9079284667969,39936600,13.8,30.469742507138623,2023-08-01,2023-08-15
2023-09-12,431.7003378706483,433.2264162204621,430.1935665209915,430.7730712890625,67565400,369.23526587586855,370.88827258740463,366.5098211030943,366.795166015625,41391000,14.23,30.469742507138623,2023-08-01,2023-08-15
2023-09-13,430.9952159797128,432.4343685526933,429.8940980148542,431.27532958984375,60199300,367.0312741386667,369.79608390633206,365.899773384144,368.1922912597656,46300700,13.48,30.469742507138623,2023-08-01,2023-08-15
2023-09-14,433.74799281245487,435.6893927060478,432.4440481531944,434.9939575195313,83430800,369.9436794172297,372.18701344044155,367.8774736268473,371.2030944824219,48039400,12.82,30.469742507138623,2023-08-01,2023-08-15
2023-09-15,433.40728505412073,433.7368392986662,429.31689007252186,429.7530517578125,111848900,369.8649465958127,370.2683569363539,363.912219407032,364.8469543457031,69811200,13.79,30.810960610791547,2023-09-01,2023-09-15
2023-09-18,429.4427711077799,431.30381593271665,428.9678297470681,430.0049743652344,55752200,363.9069995262197,366.3407987118216,363.6212415458056,365.2273559570313,36903500,14.0,30.810960610791547,2023-09-01,2023-09-15
2023-09-19,429.08420380682946,429.6754845917088,426.42836539622306,429.11328125,66514600,363.90701727140873,365.24706980851767,361.4239327569058,364.4489440917969,37621700,14.11,30.810960610791547,2023-09-01,2023-09-15
2023-09-20,430.3733738455972,430.7901603921495,424.96473276036625,425.1683044433594,82562600,365.51307505644786,365.8677841776096,359.1181771883691,359.197021484375,45514200,15.14,30.810960610791547,2023-09-01,2023-09-15
2023-09-21,422.3185875705255,422.5802845540439,417.98587113932,418.1409606933594,104095800,355.5118408271102,356.30013348758865,352.44743768219166,352.61492919921875,69734800,17.54,30.810960610791547,2023-09-01,2023-09-15
2023-09-22,419.16839709834846,420.7677155797648,416.7839285170148,417.20074462890625,100829700,354.359006723338,356.49718479026586,352.3488980230887,352.6642150878906,51589700,17.2,30.810960610791547,2023-09-01,2023-09-15
2023-09-25,415.98909152895567,418.99385884123024,415.552900361533,418.9551086425781,70874500,351.698551280886,354.4279712684221,350.7132080525282,354.3392639160156,39168000,16.9,30.810960610791547,2023-09-01,2023-09-15
2023-09-26,415.91154478605614,416.6191352673673,411.96653779928545,412.8001403808594,96168400,351.75768571572956,352.29964255853133,348.03308934331926,349.0184326171875,53657700,18.94,30.810960610791547,2023-09-01,2023-09-15
2023-09-27,413.97300260416256,414.5352059296986,409.3204343488608,412.9649353027344,104705800,350.171286287333,351.74784148919474,346.21018720799054,349.8362731933594,56066000,18.22,30.810960610791547,2023-09-01,2023-09-15
2023-09-28,412.4124571151363,417.035947852058,411.8211763569914,415.3590698242187,92258300,348.91986332461573,354.89107073347196,348.0626195587254,352.7627258300781,56453300,17.34,30.810960610791547,2023-09-01,2023-09-15
2023-09-29,418.4123608156291,418.5868254716406,412.8292551807975,414.3510437011719,115111300,356.2409818254251,357.6303193180829,351.7872114054841,353.0188903808594,64829600,17.52,30.810960610791547,2023-09-01,2023-09-15
2023-10-02,413.51746849079825,415.4366685752328,411.42380373877234,414.186279296875,83798600,353.28495323022247,357.3642583710357,352.67404526804705,355.965087890625,51625100,17.61,30.810960610791547,2023-09-01,2023-09-15
2023-10-03,412.0053970277405,414.2444490832808,407.2752686675357,408.6419677734375,103760600,353.52142785074375,355.7187539856784,348.1020403157793,349.718017578125,60478500,19.78,30.810960610791547,2023-09-01,2023-09-15
2023-10-04,409.10725477824377,412.364047157279,407.6436209279744,411.6177062988281,87453000,350.55552674978816,355.3245840567301,350.0924142597397,354.4772033691406,54786700,18.58,30.810960610791547,2023-09-01,2023-09-15
2023-10-05,411.32690149442993,412.30589150695306,408.2349010406279,411.4626159667969,70142700,354.4673681510727,354.87136248860946,349.93481329542783,353.4327697753906,45897400,18.49,30.810960610791547,2023-09-01,2023-09-15
2023-10-06,409.0102645413664,417.8889419596687,407.68234534407696,416.3477783203125,113273300,350.4373310951315,360.54696275822704,349.64906850019884,359.3547058105469,75049100,17.45,30.810960610791547,2023-09-01,2023-09-15
2023-10-09,414.44794019758774,419.5851817448939,413.8954687983384,419.0133056640625,80374400,356.9898065431507,361.7293046269779,355.492095800062,361.1873779296875,45304800,17.7,30.810960610791547,2023-09-01,2023-09-15
2023-10-10,419.6433174894524,423.79186665669647,419.2459060791411,421.1941833496094,78607300,361.52242014626063,365.8382282460928,361.0199155536051,363.1876525878906,46968800,17.03,30.810960610791547,2023-09-01,2023-09-15
2023-10-11,422.2604472219357,423.1715503152822,419.8759785243393,422.9195556640625,62451700,364.51790605468614,365.9663619214004,362.7935552643259,365.7791442871094,38215100,16.09,30.810960610791547,2023-09-01,2023-09-15
2023-10-12,423.5302119190894,423.90821868639375,417.9858858829249,420.34124755859375,81154200,366.2816007067614,368.2621198862825,362.1135885762142,364.5079650878906,49587900,16.69,30.810960610791547,2023-09-01,2023-09-15
2023-10-13,421.8436069564154,423.0455435777595,416.67731756779995,418.24755859375,95143100,365.1385902255916,365.7199390309394,358.526916547061,359.9261169433594,52469900,19.32,28.7,2023-10-01,2023-10-13
2023-10-16,420.4964039646797,423.7144462803883,420.25408203573136,422.6482238769531,75433200,361.24655031919855,365.04999103567854,361.0987548405133,363.99566650390625,44201100,17.21,28.7,2023-10-01,2023-10-13
2023-10-17,419.51731856642147,424.68363748247594,419.1683892665842,422.6287231445313,75324700,360.44842090151735,364.4981973969632,358.3299388750343,362.8034057617187,50999100,17.88,28.7,2023-10-01,2023-10-13
2023-10-18,420.85496751569167,421.81455273319096,415.9115950498216,416.9971923828125,93559800,360.31043565965376,362.51759464886226,356.7139091781102,358.04412841796875,54280500,19.22,28.7,2023-10-01,2023-10-13
2023-10-19,417.714450283055,419.5270131332278,412.65476846702256,413.333251953125,121323000,359.46308875026443,360.655345729828,353.8959050901614,354.69403076171875,72274200,21.4,28.7,2023-10-01,2023-10-13
2023-10-20,412.8970760474875,413.4398746497076,408.14754390760345,408.2541809082031,123919900,354.19143261499835,354.76294846899185,349.17603969846044,349.4026794433594,72559700,21.71,28.7,2023-10-01,2023-10-13
2023-10-23,406.7227609900483,411.4141390664612,404.9683527773846,407.5466613769531,92035100,348.08244144788205,353.9945022273429,345.9737920027989,350.4571228027344,60665200,20.37,28.7,2023-10-01,2023-10-13
2023-10-24,409.66935030950145,411.7727171708306,407.8180076603951,410.6192626953125,78564200,352.27005134335946,354.63486897096254,350.57525986402453,353.8663024902344,47082100,18.97,28.7,2023-10-01,2023-10-13
2023-10-25,408.93271643497314,408.9617938766799,404.21226147565824,404.7259826660156,94223200,351.47193765909213,351.64929222134697,344.6237902703507,345.20513916015625,71190500,20.19,28.7,2023-10-01,2023-10-13
2023-10-26,403.6597920411973,404.5127401955018,398.95874174042217,399.8795471191406,115156800,344.00301231388727,344.9391003796654,337.3322496918458,338.623046875,78621400,20.68,28.7,2023-10-01,2023-10-13
2023-10-27,401.46925625442896,401.8666677426793,396.6421930828526,398.0670471191406,107367700,341.3524810806448,343.72716210384476,339.0369182513592,340.2489013671875,63476700,21.27,28.7,2023-10-01,2023-10-13
2023-10-30,400.85854988329856,403.88272225418063,399.5597081383843,402.8262023925781,86562700,342.7319027380687,345.402204388319,341.3721544179558,344.08184814453125,55298500,19.75,28.7,2023-10-01,2023-10-13
2023-10-31,403.39809925222016,405.67593098866274,401.48860153022065,405.3560791015625,79665200,344.1114391570496,346.1018217264424,341.5396775996275,345.7273864746094,47671900,18.14,28.7,2023-10-01,2023-10-13
2023-11-01,406.32535052662286,410.4932751362608,405.7922246289102,409.6790771484375,98068100,346.5648998076941,352.28974120081546,346.4663594769629,351.72808837890625,58992700,16.87,28.7,2023-10-01,2023-10-13
2023-11-02,413.478720060287,417.6854545666244,413.4593449558553,417.5303649902344,94938900,356.2410129874096,358.3496319411529,355.0191668891615,358.1131591796875,58162400,15.66,28.7,2023-10-01,2023-10-13
2023-11-03,419.837246175809,422.89049620638866,419.71123405468535,421.3396301269531,100167800,359.40394905155324,363.6113538875242,359.17730927962293,362.320556640625,53280500,14.91,28.7,2023-10-01,2023-10-13
2023-11-06,422.0956239774314,422.7547323706144,420.3605910898025,422.3088684082031,67831700,363.08913561997264,364.3602368708374,361.53230646852074,363.798583984375,38848700,14.89,28.7,2023-10-01,2023-10-13
2023-11-07,422.3088656922616,424.1505059932791,421.1651135619809,423.5107727050781,64256100,364.8430502203304,368.1045341140592,363.640930200235,367.2374572753906,50777400,14.81,28.7,2023-10-01,2023-10-13
2023-11-08,424.1117888599285,424.63521246037624,421.5141051219166,423.8210144042969,61746000,367.611839886679,368.3114552322413,365.1879039548286,367.4739074707031,35663400,14.45,28.7,2023-10-01,2023-10-13
2023-11-09,424.9647429571584,425.0035227425126,420.0892276547656,420.5157165527344,83174400,368.163678832252,369.3066505791059,364.1533244520648,364.64599609375,53859400,15.29,28.7,2023-10-01,2023-10-13
2023-11-10,422.58998243152627,427.38793789386506,420.5059906051338,427.0777587890625,89462200,366.3703426610041,372.991850652543,365.8382488743715,372.8440551757813,58309800,14.17,28.7,2023-10-01,2023-10-13
2023-11-13,425.740146607046,427.7756266322396,424.95502612182986,426.670654296875,52236100,371.26747762156936,372.7356293863506,369.74017759934657,371.6813049316406,40733500,14.76,28.7,2023-10-01,2023-10-13
2023-11-14,432.61246903527376,436.23759536371426,432.38952222789845,434.9484558105469,97176900,378.0860911021726,380.59873470474736,377.563860325764,379.6823425292969,67792600,14.16,28.7,2023-10-01,2023-10-13
2023-11-15,436.28595764463023,437.51697163110293,435.01619345817966,435.8691711425781,77327600,381.5741623572847,382.066833967817,378.6082696393877,379.9680480957031,54141400,14.18,30.01,2023-11-01,2023-11-15
2023-11-16,435.4233538600023,436.72219562577186,434.3571316402488,436.40234375,66665800,379.1994663227181,380.52968563166974,377.9382282533337,380.293212890625,45343500,14.32,30.01,2023-11-01,2023-11-15
2023-11-17,436.41200351038174,437.55578526494025,435.4911981146269,436.9451293945313,83133200,379.564106182027,381.39686046284913,378.6576071328274,380.3819580078125,46571900,13.8,30.01,2023-11-01,2023-11-15
2023-11-20,436.6930495594319,441.15177749936714,436.68334721976976,440.3085021972656,69936200,380.3917383769215,385.6731936771707,380.3917383769215,385.0130004882813,44429600,13.41,30.01,2023-11-01,2023-11-15
2023-11-21,439.2617361737396,440.18257120218567,438.0792041489343,439.3489685058594,49244600,383.30833882456994,383.52511551496383,381.03219861057687,382.7762451171875,43337000,13.35,30.01,2023-11-01,2023-11-15
2023-11-22,441.0064463302394,442.3634429416601,439.94992648347943,441.0451965332031,59394900,384.8455522998127,387.3089106291963,383.3379782050416,384.343017578125,44121000,12.85,30.01,2023-11-01,2023-11-15
2023-11-24,441.09364165847086,441.5104281576779,440.76408747907647,441.3165588378906,29737400,383.9390188541122,384.53023086052497,382.8058800494912,383.8010864257813,15718800,12.46,30.01,2023-11-01,2023-11-15
2023-11-27,440.6866129172609,441.5008109728584,440.13411187157703,440.5218505859375,50506000,383.30843642206605,385.41705561071353,382.5891249320893,383.4660949707031,34139700,12.69,30.01,2023-11-01,2023-11-15
2023-11-28,440.13407696271906,442.25681906014256,439.5719031999821,440.9579772949219,62115000,382.71715962576826,385.05241822113135,382.362420433784,384.4710693359375,35491100,12.69,30.01,2023-11-01,2023-11-15
2023-11-29,443.10979527762873,444.2438747206066,440.2504147680835,440.6477966308594,63146000,386.9344117928961,388.3631714173632,383.751742528822,384.09661865234375,38811700,12.98,30.01,2023-11-01,2023-11-15
2023-11-30,441.4910541020233,442.7317408428034,439.41676478055234,442.3827819824219,79752700,384.36266043959097,384.8257729442512,380.16511887488576,383.1309814453125,52834400,12.92,30.01,2023-11-01,2023-11-15
2023-12-01,441.77219472169025,445.53303530779465,441.18094348970146,444.99993896484375,89183400,382.0668274225255,384.8159433818808,380.4114580563647,384.2247314453125,40490100,12.63,30.01,2023-11-01,2023-11-15
2023-12-04,441.60739008872554,445.019271433423,440.3860783753154,442.6639099121094,72430900,380.4311361273443,380.9336707602358,377.0514163134852,380.65777587890625,51186900,13.08,30.01,2023-11-01,2023-11-15
2023-12-05,441.27787936550914,443.5363064434526,440.89984300542426,442.57672119140625,69793500,378.7561576625053,382.80590453543255,378.5787730000309,381.6136474609375,42933000,12.85,30.01,2023-11-01,2023-11-15
2023-12-06,444.7188464003096,444.7479238454249,440.35705215116445,440.7932434082031,69124700,384.5498955042343,384.64843584230624,379.061556510073,379.4064025878906,41994100,12.97,30.01,2023-11-01,2023-11-15
2023-12-07,442.877180057356,444.80605282503006,442.27622650644105,444.1566467285156,66995400,382.3821241267949,385.5352041703079,381.2883775917739,384.70751953125,49593500,13.06,30.01,2023-11-01,2023-11-15
2023-12-08,443.4102636541943,446.5992278993257,443.16794177253433,446.0661315917969,83194400,382.9733568864543,386.8654445057405,382.786139271799,386.4220581054687,46687500,12.35,30.01,2023-11-01,2023-11-15
2023-12-11,445.5717979195869,447.97564170163525,445.358553474564,447.8011474609375,65002200,385.99836504791654,389.9890233551011,385.7914513797825,389.7229614257813,41198000,12.63,30.01,2023-11-01,2023-11-15
2023-12-12,447.45223299144266,449.94330918636626,446.4538679612237,449.8463745117187,68327600,389.7623492734944,392.9450185979474,388.6292106206721,392.8267822265625,39221200,12.07,30.01,2023-11-01,2023-11-15
2023-12-13,450.22434675999136,456.3017983886153,449.86571511357835,456.0497741699219,93278000,393.76283961093213,398.4333566952143,392.9942731278187,397.8224487304687,55408100,12.19,30.01,2023-11-01,2023-11-15
2023-12-14,457.98836917003774,459.1806035101216,454.838184620191,457.513427734375,119026000,399.04429214654,400.34492229164994,394.47228535433857,397.47760009765625,55447800,12.48,30.01,2023-11-01,2023-11-15
2023-12-15,456.9158501916579,458.09346468799856,454.911024624647,456.7601318359375,141553700,398.2560764504129,400.58150244238817,397.6550314278791,399.3990783691406,62896600,12.28,31.45,2023-12-01,2023-12-15
2023-12-18,458.3659614924249,460.3123963762856,457.3051580447496,459.3294372558594,70375300,399.7919595715153,402.8131297549099,399.4661600981629,401.9146728515625,46610000,12.56,31.45,2023-12-01,2023-12-15
2023-12-19,459.8744287176748,462.2004326198957,459.796584391768,462.12255859375,55761800,402.3688831593652,404.0867952971535,402.1812915891065,403.96832275390625,35711900,12.53,31.45,2023-12-01,2023-12-15
2023-12-20,461.2660708823462,463.1541148518432,455.2905320048418,455.71875,102921000,403.16860430932405,405.2616995946524,397.78774528609546,397.9654541015625,54042400,13.67,31.45,2023-12-01,2023-12-15
2023-12-21,458.70649280228554,460.31232509298513,456.2831912512246,460.0398254394531,86667500,401.89499509252914,402.9613083279881,399.33786206115974,402.5959777832031,45568900,13.65,31.45,2023-12-01,2023-12-15
2023-12-22,461.1687838422537,462.6480933014032,459.0666603902041,460.96441650390625,67160400,403.810370446538,404.76806372836126,401.3223565171198,403.1982421875,34314000,13.03,31.45,2023-12-01,2023-12-15
2023-12-26,461.3732181207506,463.81597380070593,461.2953440901739,462.910888671875,55387000,404.0571511423741,406.3378378440753,403.95841398590886,405.6664733886719,22722500,12.99,31.45,2023-12-01,2023-12-15
2023-12-27,462.70651395388256,463.893840449239,462.1712562282074,463.7478637695313,68000300,405.9490452519644,406.7788194367867,405.08960720527585,406.4923400878906,31980500,12.43,31.45,2023-12-01,2023-12-15
2023-12-28,464.1078873024159,464.7599262845027,463.50449730696744,463.9229736328125,77158100,407.64806147854006,407.8950191252155,405.9391037109151,406.2947082519531,27029200,12.47,31.45,2023-12-01,2023-12-15
2023-12-29,463.7283454487912,464.25389115635505,460.62377959337147,462.5799560546875,122283100,406.27496845803023,406.630603150487,402.61998317509017,404.536376953125,42662100,12.45,31.45,2023-12-01,2023-12-15
2024-01-02,459.5143439023402,460.9839117212058,457.8890577311239,459.9912109375,123623700,400.90124598022527,401.1482036788243,395.3693875023656,397.6907958984375,58026900,13.2,31.45,2023-12-01,2023-12-15
2024-01-03,457.8306496986943,458.5703044192496,455.6311985932203,456.2345886230469,103585900,395.0631401920244,396.1201263177863,393.0479871898376,393.4826049804687,47002800,14.04,31.45,2023-12-01,2023-12-15
2024-01-04,455.7577162648923,458.3464782249613,454.5411944622418,454.7650451660156,84232200,391.6156065789611,394.72726726631595,391.2402260881703,391.4575500488281,39432800,14.13,31.45,2023-12-01,2023-12-15
2024-01-05,454.9693723825891,457.8403754637055,453.9377643609528,455.3878784179687,86118900,391.6254768256185,394.6976157049845,390.5289691180864,391.92181396484375,44922800,13.35,31.45,2023-12-01,2023-12-15
2024-01-08,455.884242835596,462.0349842457667,455.7577198150965,461.8890075683594,74879100,393.1467406566581,400.3085134140137,392.99857207712546,400.0220642089844,42473800,13.08,31.45,2023-12-01,2023-12-15
2024-01-09,459.23211686361327,462.2101599071882,458.72605447786,461.1882934570313,65931400,397.0190202971773,401.74084959997214,396.8214421086288,400.8122863769531,39132900,12.76,31.45,2023-12-01,2023-12-15
2024-01-10,461.4607928330298,464.66268658164086,461.1785514545196,463.7965087890625,67310600,401.12841775635377,404.5364155681049,400.2393761596448,403.5288391113281,33962800,12.69,31.45,2023-12-01,2023-12-15
2024-01-11,464.7989126874992,465.3147167416708,459.6116768106503,463.5921325683594,77940700,404.8031476719886,406.1959925651025,399.3206692442593,404.3684997558594,54536200,12.44,31.45,2023-12-01,2023-12-15
2024-01-12,465.0421742136071,465.7818289024957,462.50209119029734,463.9132385253906,58026400,405.40570188156073,406.24536398225337,403.18308286889186,404.575927734375,39595000,12.7,31.45,2023-12-01,2023-12-15
2024-01-16,462.531322425016,463.8451421871986,460.39023221216354,462.2101440429687,85014900,403.3411103666014,406.1169119442936,401.87911022418587,404.536376953125,43903000,13.84,31.97,2024-01-01,2024-01-15
2024-01-17,459.18345575970955,460.1274778564824,457.28566988777015,459.640869140625,68843900,401.22719441535935,402.62989707760573,398.0167447545256,402.2545166015625,54386000,14.79,31.97,2024-01-01,2024-01-15
2024-01-18,461.314802822399,464.28310409945385,459.7673906749951,463.7283630371094,91856200,405.52419910571047,408.54695827072845,404.18076398623447,407.9641418457031,59562500,14.13,31.97,2024-01-01,2024-01-15
2024-01-19,464.85726900395974,469.7914881784232,463.7770119836413,469.5092468261719,110834500,410.167042183222,416.2125609154911,409.58422571941946,416.0545043945313,70325100,13.3,31.97,2024-01-01,2024-01-15
2024-01-22,471.0469524804882,472.2245371914283,469.8498844138423,470.501953125,75844900,418.2573876461551,419.5613313657799,415.9952469706817,416.5978393554687,44880600,13.19,31.97,2024-01-01,2024-01-15
2024-01-23,471.04699545665005,472.1175109095896,469.9569966462272,471.8742065429687,49945300,417.2893282487729,418.543892570073,415.4519775602251,418.3265686035156,33003800,12.55,31.97,2024-01-01,2024-01-15
2024-01-24,474.745184157241,475.6794645582401,471.8936642634199,472.3900146484375,81765000,422.2383723803859,424.6190480726647,420.1540338505478,420.64794921875,46948000,13.14,31.97,2024-01-01,2024-01-15
2024-01-25,474.52132983790426,475.23178923650255,472.3900110425858,474.9592895507813,72525000,423.1471402830395,423.81888806396256,418.820467179713,421.16162109375,44367200,13.45,31.97,2024-01-01,2024-01-15
2024-01-26,474.53109852869903,476.0201200569098,473.509232074134,474.3559265136719,76641600,419.274865020307,421.0233145079284,418.0005549754572,418.6525268554687,37137000,13.26,31.97,2024-01-01,2024-01-15
2024-01-29,474.66734997690736,478.2585246858996,474.1223505896568,478.1125183105469,61322800,419.10690942510337,423.1372754590085,418.4549375623775,422.939697265625,38694700,13.6,31.97,2024-01-01,2024-01-15
2024-01-30,477.4215584200377,478.4531665594372,476.9835986796224,477.74273681640625,58618400,421.9025030173065,422.47543156579263,419.2156022755008,420.1243896484375,36739000,13.31,31.97,2024-01-01,2024-01-15
2024-01-31,475.533524505223,475.9811962338904,469.92778226707486,469.947265625,126011100,415.7285089399256,417.72391587481894,411.7179191648152,411.8957214355469,64010600,14.35,31.97,2024-01-01,2024-01-15
2024-02-01,471.65035080339914,476.1271567596163,470.8425637335658,476.0979614257813,91891600,413.69360908615386,417.23991752552706,412.7255241901297,416.7460021972656,51008600,13.88,31.97,2024-01-01,2024-01-15
2024-02-02,476.5358823208618,482.7644675885541,476.19525029914104,481.1100158691406,99228200,418.64262610680913,425.0042580366374,417.6449376290023,423.7892456054687,59602400,13.85,31.97,2024-01-01,2024-01-15
2024-02-05,480.4774696836803,481.1392504253947,477.1004039249224,479.3582458496094,75757100,423.84856476903775,424.3819716909612,419.8280862142035,423.2361145019531,39889200,13.67,31.97,2024-01-01,2024-01-15
2024-02-06,480.30226806860526,481.08085985334736,478.8716372206463,480.7499694824219,55918600,424.3819121925699,424.9845045666784,420.0453513036871,422.3865051269531,35846100,13.06,31.97,2024-01-01,2024-01-15
2024-02-07,482.9981222525648,485.1781199523761,482.0930074037672,484.7596435546875,70556500,425.1722119616388,427.56274535553325,423.8682682124962,426.73297119140625,37712700,12.83,31.97,2024-01-01,2024-01-15
2024-02-08,484.759615339305,485.3532637246949,483.9421162494583,484.9737243652344,52343600,426.85147614203305,428.2838426042237,426.16990074649345,427.5232238769531,29889900,12.79,31.97,2024-01-01,2024-01-15
2024-02-09,485.47980263839474,488.2145413726089,485.1391705814137,487.776611328125,63979400,428.6592756499195,432.5216974781875,427.8690231128558,431.7314147949219,36943900,12.93,31.97,2024-01-01,2024-01-15
2024-02-12,487.747352637465,490.0149359961155,486.84223792928447,487.56243896484375,56502300,431.6227715619253,433.7960112766758,429.3606306969624,430.042236328125,33203300,13.93,31.97,2024-01-01,2024-01-15
2024-02-13,481.2852192494293,483.776653518952,477.5772631803255,480.8472595214844,113099200,422.08030471765994,426.0217396052204,420.1540227739736,423.3348388671875,64491700,15.85,31.97,2024-01-01,2024-01-15
2024-02-14,483.48468469887587,485.703619202311,481.1586808363787,485.2170104980469,68387800,426.0118887813397,428.3727885417839,423.6608468287441,427.9480285644531,45092700,14.38,31.97,2024-01-01,2024-01-15
2024-02-15,485.9177581862181,488.7498245837148,485.4408614304675,488.5649108886719,61683000,428.6395040700747,429.6866021844067,426.0809960674444,429.2223205566406,38796100,14.01,33.04,2024-02-01,2024-02-15
2024-02-16,488.263184432494,489.4018321652925,485.39218120492103,486.1318359375,75532900,429.5977278079396,429.69648676562633,424.6190524047314,425.3302917480469,53716500,14.24,33.04,2024-02-01,2024-02-15
2024-02-20,484.3898163747004,485.06133882722617,481.20740583464766,483.4555358886719,71736700,423.3347938450996,424.8461734653688,418.346261346787,422.1197814941406,53999500,15.42,33.04,2024-02-01,2024-02-15
2024-02-21,482.1513947924328,484.0491509708409,480.3411949189208,483.8934326171875,59293400,419.3835049137998,420.5195343175768,416.499056197841,420.43060302734375,49779000,15.34,33.04,2024-02-01,2024-02-15
2024-02-22,490.5113479557442,494.87134322560775,489.5478424615369,493.9078674316406,76402500,429.2025627884872,433.7762238764086,428.4320560275247,432.739013671875,53887800,14.54,33.04,2024-02-01,2024-02-15
2024-02-23,495.6304262293698,496.4674086571224,493.51856105397593,494.24847412109375,61321800,434.29972972450184,435.228292926846,430.486717969249,431.4646606445313,39853900,13.75,33.04,2024-02-01,2024-02-15
2024-02-26,494.6863927584272,495.1243524687158,492.3117399253592,492.4382629394531,50386700,432.27469754338847,433.26252819127274,431.0497670405967,431.2374572753906,33043200,13.74,33.04,2024-02-01,2024-02-15
2024-02-27,493.1292978892794,493.5769696039291,491.2315119659273,493.3531188964844,48854500,432.3438440997313,432.65992698949185,429.7359567723681,432.2746887207031,33713200,13.43,33.04,2024-02-01,2024-02-15
2024-02-28,491.7959655131677,493.2849870375032,491.4358798053579,492.7010803222656,56506600,430.13107897744095,431.35600944379297,429.0148255551466,429.9730224609375,32938800,13.84,33.04,2024-02-01,2024-02-15
2024-02-29,494.4625780610965,496.0878345083775,491.815425510208,494.4722900390625,83924800,432.8970045993775,434.73435500237224,429.7260467420334,433.6576232910156,42495200,13.4,33.04,2024-02-01,2024-02-15
2024-03-01,495.3482760641762,499.5428116010892,494.9395116277324,499.1145935058594,76844800,434.5467204654234,441.1454223300951,434.487453034906,440.1872253417969,43853000,13.11,33.04,2024-02-01,2024-02-15
2024-03-04,498.31652584892447,500.42839094094944,498.28730081516426,498.5792541503906,49799300,440.1871937191368,440.6119838022622,438.36958897271137,438.6165466308594,34325700,13.49,33.04,2024-02-01,2024-02-15
2024-03-05,496.5744479650044,497.0221493633574,491.3872121731412,493.5964050292969,72855600,435.5740982004313,435.5839861548268,428.37280351125247,430.74359130859375,57917100,14.46,33.04,2024-02-01,2024-02-15
2024-03-06,496.8761572948693,498.3554668272533,494.8032290742474,496.09759521484375,68382400,434.9616361652984,436.6112966097187,431.5733839817126,433.45025634765625,46234500,14.5,33.04,2024-02-01,2024-02-15
2024-03-07,499.39680772832526,502.0731556685532,496.15597704493354,501.0220642089844,58652100,437.03607945304515,441.2837394812956,435.4950357987029,440.0292053222656,44526700,14.44,33.04,2024-02-01,2024-02-15
2024-03-08,501.6546849790431,504.3407152276024,497.4406368151398,498.0148315429687,86532500,440.38477719851295,443.18035480422833,433.0056810784902,433.6773986816406,72096000,14.74,33.04,2024-02-01,2024-02-15
2024-03-11,496.8081077586144,498.1706063944418,494.8811263092168,497.586669921875,62557200,432.18582612227107,433.32182541621614,430.1410093054493,432.0672912597656,45860000,15.22,33.04,2024-02-01,2024-02-15
2024-03-12,499.6984700657358,503.5232071984046,497.17781094345105,502.9393005371094,73114400,434.3787582906121,438.616529836911,431.1485329521496,438.2609252929687,55300900,13.84,33.04,2024-02-01,2024-02-15
2024-03-13,503.26048317387085,503.43565519442245,500.7106580961506,502.1510009765625,55104100,437.26324365300286,437.28301956013377,433.7762025649882,434.8924560546875,37928700,13.75,33.04,2024-02-01,2024-02-15
2024-03-14,503.1241227281349,503.2798707615309,498.112089236963,501.15826416015625,110171800,436.12725598238745,436.6508050498592,431.079455553198,433.7959899902344,52195200,14.4,33.04,2024-02-01,2024-02-15
2024-03-15,498.08807852140865,499.5426983558434,496.04773772547895,497.7171020507813,107646300,430.7633564210296,433.5292704242378,427.4738631872197,428.6395263671875,73069800,14.41,33.76,2024-03-01,2024-03-15
2024-03-18,501.7879780994152,503.2327960119457,500.2650442068728,500.675048828125,88893300,433.96402116042105,436.24892486952547,432.4901867270838,432.72760009765625,47323800,14.33,33.76,2024-03-01,2024-03-15
2024-03-19,499.9819506807113,503.7404554386333,498.9763936514032,503.4573669433594,60755300,430.71968377300954,434.2113358922314,428.6226881468784,433.8057861328125,43004100,13.82,33.76,2024-03-01,2024-03-15
2024-03-20,503.5159556369905,508.2507017437704,502.8423468084039,508.114013671875,69594600,435.00260289372903,439.28555217441175,433.3012863034724,438.9492492675781,43653500,13.04,33.76,2024-03-01,2024-03-15
2024-03-21,510.9549118204902,511.6577769054798,509.5100342818405,509.7931823730469,60256100,444.00373970444815,444.4587341886424,440.8286189706875,441.02642822265625,39345700,12.92,33.76,2024-03-01,2024-03-15
2024-03-22,509.7053025616341,510.19342318455074,508.5923732409752,508.82672119140625,79070800,440.5121654474263,442.6289029136629,439.66149193750783,441.5309753417969,28253900,13.06,33.76,2024-03-01,2024-03-15
2024-03-25,507.4501546887545,508.57285588251494,507.2646664806993,507.4208984375,48512100,438.7316504748345,441.4122331500876,437.73264275386543,439.9285278320313,27789200,13.19,33.76,2024-03-01,2024-03-15
2024-03-26,508.8462519954212,509.1879722137105,506.08353191849,506.4837646484375,65463700,441.4517588496184,442.37167905062427,438.27663805083887,438.504150390625,34142000,13.24,33.76,2024-03-01,2024-03-15
2024-03-27,509.3148077978086,510.7791695687557,507.14752139258985,510.7400817871094,82999800,441.5902677606485,441.68918748510794,437.1292508062664,439.9977416992187,41359200,12.78,33.76,2024-03-01,2024-03-15
2024-03-28,510.7792051650659,512.1459071621757,510.359428578344,510.64251708984375,96294900,439.9483311269896,440.7990046001888,438.83060154444735,439.1867065429687,36839600,13.01,33.76,2024-03-01,2024-03-15
2024-04-01,511.38445509453464,511.92137584867254,508.5923599199536,509.7540893554687,62477500,440.1362269482147,442.6684148785135,438.2073980092949,440.116455078125,38729000,13.65,33.76,2024-03-01,2024-03-15
2024-04-02,505.927220028753,506.6496289689748,504.2090260168563,506.5130004882813,74230300,435.2993055474477,436.63464625203727,433.27158720103864,436.318115234375,44259700,14.61,33.76,2024-03-01,2024-03-15
2024-04-03,505.41957743973774,508.5728771082824,505.3707772955882,507.0694274902344,59155800,434.19151999810595,439.17677836679945,434.1816491557462,437.29742431640625,39949800,14.33,33.76,2024-03-01,2024-03-15
2024-04-04,511.08189151305373,511.42355215213394,500.5775250350755,500.8801574707031,96858100,441.4814756351281,442.0947658921196,430.38335799892496,430.6108703613281,57267700,16.35,33.76,2024-03-01,2024-03-15
2024-04-05,502.23711314886503,508.0750169684766,501.7977926534172,506.1127624511719,74546500,432.0351718909734,438.3557705556081,431.22407246732575,435.6850891113281,54744600,16.03,33.76,2024-03-01,2024-03-15
2024-04-08,506.8156796872345,507.8211772121714,505.58560615213537,506.3958435058594,48401800,436.6149497445348,437.6931054101099,434.4289655119857,435.8137512207031,28144900,15.19,33.76,2024-03-01,2024-03-15
2024-04-09,508.1335553906493,508.3776156958321,502.12964804913753,506.9815979003906,68049200,438.1480760138876,438.4250331404943,432.6880511524698,437.426025390625,39443600,14.98,33.76,2024-03-01,2024-03-15
2024-04-10,501.28031218136,503.8966314464908,499.9233821983309,501.9051208496094,82652800,432.2528279423145,434.46848495231853,431.54064816251855,433.6079406738281,61502200,15.8,33.76,2024-03-01,2024-03-15
2024-04-11,503.4281061989144,507.13781122017554,499.9136613545702,505.6929931640625,70099000,435.4774158620286,441.4814538292868,433.20238290855747,440.5318908691406,45474600,14.91,33.76,2024-03-01,2024-03-15
2024-04-12,502.14915720623463,503.56471879538526,496.98483316388626,498.7127990722656,92561100,436.30830763057895,437.43590803860127,432.1341485615993,433.509033203125,53665000,17.31,33.76,2024-03-01,2024-03-15
2024-04-15,502.8911540643935,503.05709839116423,491.6155498817616,492.46490478515625,92101400,437.2578557574557,437.3468744561604,425.5365774509986,426.3773498535156,63453600,19.23,33.03,2024-04-01,2024-04-15
2024-04-16,492.943215040187,494.4661488704835,490.2780659409101,491.5667114257813,73484000,426.2190611910081,429.0480082692235,425.03211508664594,426.4169006347656,47619000,18.4,33.03,2024-04-01,2024-04-15
2024-04-17,494.0268893119992,494.1928634388067,487.2615443714678,488.6575622558594,75910300,428.3951317097374,428.41490357772176,420.284198299561,421.2139892578125,56880500,18.21,33.03,2024-04-01,2024-04-15
2024-04-18,490.0535522630773,492.1524648158817,486.714794359639,487.6519775390625,74548100,421.8569836696365,423.5879732317038,418.236739020357,418.8104553222656,46549400,18.0,33.03,2024-04-01,2024-04-15
2024-04-19,487.5739720999012,488.5697275309103,482.12652879623903,483.3956604003906,102212600,417.63343490643007,418.1576763209865,408.5828371864889,410.1456604003906,75231000,18.71,33.03,2024-04-01,2024-04-15
2024-04-22,486.00217973304706,490.44409539983275,483.65920663681294,487.8472900390625,67961000,412.7766879173197,416.6046426178408,409.4433016315649,414.2702941894531,47807700,16.94,33.03,2024-04-01,2024-04-15
2024-04-23,489.85833417865257,494.0659315908711,487.6617913619136,493.6363830566406,64633600,416.1991163771081,421.6492702748659,414.3197623321765,420.4524230957031,44384700,15.69,33.03,2024-04-01,2024-04-15
2024-04-24,494.5247405147149,495.3154935043147,491.17624034467946,493.4020690917969,55928100,423.5484443591903,425.0618226505701,419.59189664985104,421.8768005371094,48440300,15.97,33.03,2024-04-01,2024-04-15
2024-04-25,487.32005193688127,492.28911583394023,485.67020200378414,491.5276489257813,69122400,414.68574734246255,420.6997166428322,413.59772089332074,419.8391723632813,57392200,15.37,33.03,2024-04-01,2024-04-15
2024-04-26,494.3197628446228,497.7658932650639,493.6852119906925,496.1843872070313,64306100,422.97467541823426,427.851112618701,422.2822977668712,426.3179626464844,41874900,15.03,33.03,2024-04-01,2024-04-15
2024-04-29,497.9709059194509,498.61522873285696,495.1983842873063,497.9416198730469,46415400,428.42488809783015,429.0480492004489,425.3091127708003,428.0490112304687,30022200,14.67,33.03,2024-04-01,2024-04-15
2024-04-30,496.4772431240589,497.4534843650284,490.0535888671875,490.0535888671875,77483600,426.4663662313873,427.86105287563,419.89851294550385,419.9776306152344,43665900,15.65,33.03,2024-04-01,2024-04-15
2024-05-01,489.4678380773352,496.1160385437577,487.9937042701267,488.4623107910156,80242800,418.5532769953046,425.4673645155584,416.09033575149846,416.94097900390625,52251700,15.39,33.03,2024-04-01,2024-04-15
2024-05-02,492.172061308757,493.87074148445214,487.68134522543,493.0311584472656,62550200,420.67991762434,423.16266093905045,416.0606651382385,422.2625427246094,36559000,14.68,33.03,2024-04-01,2024-04-15
2024-05-03,499.01550940056416,500.37246932338707,496.4772760472205,499.1424255371094,72756700,429.72064827636785,431.738496056238,427.9204118275236,430.7493591308594,48515300,13.49,33.03,2024-04-01,2024-04-15
2024-05-06,501.5439589853256,504.3359947534281,501.1046384911043,504.2969665527344,47264700,432.5495633066614,435.55654799740194,431.7780377160311,435.467529296875,30227200,13.49,33.03,2024-04-01,2024-04-15
2024-05-07,505.2634592637331,506.2494725384783,504.1798456902188,504.85345458984375,52561300,435.9125894513008,437.16878229039776,434.80473090539914,435.5367126464844,30996100,13.23,33.03,2024-04-01,2024-04-15
2024-05-08,503.018083190491,505.43914245784595,502.90093900562147,504.9022216796875,42047200,432.9155500947103,436.684159179944,432.7968283132177,435.2795715332031,24896700,13.0,33.03,2024-04-01,2024-04-15
2024-05-09,505.0876793386549,507.8504586322259,504.4336144152066,507.8113708496094,43643700,435.546588660251,436.80281170032566,433.696907696112,436.2290954589844,24580100,12.69,33.03,2024-04-01,2024-04-15
2024-05-10,509.4124405414531,510.22273745681827,507.2452135831723,508.4655151367187,52233200,437.73263958289897,439.4834009785405,435.7147919128624,437.2578430175781,27116600,12.55,33.03,2024-04-01,2024-04-15
2024-05-13,510.1446354052488,510.2520076444844,507.3916278750611,508.5338134765625,36716400,439.1669029109842,439.2658226427781,436.8523260801147,438.2667846679687,22994200,13.6,33.03,2024-04-01,2024-04-15
2024-05-14,508.72906418826113,511.3844713761404,508.19214341702855,510.8670349121094,57535900,437.8413869831847,441.61989670459906,437.653448581236,441.0857543945313,34478300,13.42,33.03,2024-04-01,2024-04-15
2024-05-15,513.336889820599,517.4859146210695,512.7023092523975,517.1930541992188,59504900,443.5586291074348,448.2273562332633,442.0452509387902,447.9800720214844,41464700,12.45,33.78,2024-05-01,2024-05-15
2024-05-16,517.290757880065,518.891807952925,515.9825682875961,516.1290283203125,50244800,447.7921494818684,449.75065137557704,446.90193232511433,447.0700988769531,34780400,12.42,33.78,2024-05-01,2024-05-15
2024-05-17,516.2460410203236,516.9391936348987,514.7914513506761,516.870849609375,59187600,447.1986823210974,447.80207154432486,444.65662335588394,446.8525085449219,35803700,11.99,33.78,2024-05-01,2024-05-15
2024-05-20,516.9880819887991,518.930792527948,516.5975616577482,517.4664306640625,37764200,447.07012822592424,450.63099708670217,446.8821897910864,449.9682922363281,24474200,12.15,33.78,2024-05-01,2024-05-15
2024-05-21,516.7049349793422,518.8917055815594,516.4999028909981,518.7354736328125,33437000,448.1186048845004,451.0365407272053,447.92076542333984,450.8486022949219,23167700,11.86,33.78,2024-05-01,2024-05-15
2024-05-22,518.0424683735625,518.7551054535538,515.0648847480338,517.241943359375,48390000,451.1057559416888,451.8575096181363,448.1581172189363,450.7595520019531,25120000,12.29,33.78,2024-05-01,2024-05-15
2024-05-23,520.2975559093766,520.4049281460258,512.2532779910508,513.4638671875,57211200,455.5469794693014,455.5766523683539,446.9415066973637,448.7318420410156,40899200,12.77,33.78,2024-05-01,2024-05-15
2024-05-24,515.3090169926944,517.671564163704,514.3620914027401,516.8612670898438,41291100,450.34414249793184,454.24134425420493,448.6428258419646,452.9752502441406,29669500,11.93,33.78,2024-05-01,2024-05-15
2024-05-28,517.6715045678355,517.9057929513657,514.5865486245773,517.222412109375,36269600,454.1918329624147,454.7457471608754,451.7288919661858,454.6864013671875,26216800,12.92,33.78,2024-05-01,2024-05-15
2024-05-29,513.1905202395113,514.7817983278129,512.8878878194378,513.6005249023438,45190300,450.5320654894618,453.26206268217703,450.3935718404809,451.4816284179687,29739200,14.28,33.78,2024-05-01,2024-05-15
2024-05-30,512.0581358054062,512.7219727781743,508.9439234921737,510.1934814453125,46377600,450.5518476128299,450.69034126496246,445.3193050797845,446.6447448730469,30536800,14.47,33.78,2024-05-01,2024-05-15
2024-05-31,511.1502317685316,514.9673092079909,506.0444490191236,514.8403930664062,90785800,446.8722569938479,447.5646648820336,438.2469822206981,445.8138732910156,55941300,12.92,33.78,2024-05-01,2024-05-15
2024-06-03,516.4511771729021,516.7342656913833,510.18366530067414,515.2601318359375,46835700,449.63194002907153,450.6309477096741,443.03438403283286,448.20758056640625,32997500,13.11,33.78,2024-05-01,2024-05-15
2024-06-04,513.9519821715993,516.5780734778808,512.4876203186922,515.8361206054688,34632700,447.9503768344026,450.6309291046102,446.2292884655987,449.43408203125,23767400,13.16,33.78,2024-05-01,2024-05-15
2024-06-05,518.1595530381444,521.9864018010747,516.1679828855217,521.9668579101562,47610400,453.004931151471,458.5737465768754,449.47370515181433,458.49462890625,33817400,12.63,33.78,2024-05-01,2024-05-15
2024-06-06,522.2695576901561,522.6991062505612,520.0242145910106,521.9571533203125,30808500,459.17710658249314,459.4936376169888,457.16915999813136,458.3363342285156,21966800,12.58,33.78,2024-05-01,2024-05-15
2024-06-07,520.9808506310355,524.1341502130953,519.8874652579173,521.3225708007812,43224500,457.97039057899616,460.6806160602475,456.8229881379394,457.9308166503906,25829700,12.22,33.78,2024-05-01,2024-05-15
2024-06-10,520.5123511854081,523.2555869709606,519.9168582676467,522.9334106445312,35686100,456.803175229736,460.136561496302,456.5163170987259,459.7804565429687,20660800,12.74,33.78,2024-05-01,2024-05-15
2024-06-11,521.3811694677967,524.2513211148034,519.4091430834137,524.1927490234375,36383400,458.50450772730306,463.0545433124852,457.0109014117994,462.9358215332031,22053300,12.85,33.78,2024-05-01,2024-05-15
2024-06-12,528.7615900630306,531.1924214122917,527.4631724257194,528.4979858398438,63251300,466.86269781638856,471.32371472336234,466.17032012465427,468.9992370605469,34532600,12.04,33.78,2024-05-01,2024-05-15
2024-06-13,530.2454535391702,530.4211698122318,526.7700371068663,529.5620727539062,44760900,472.530457651749,473.1931926237643,469.2663181179799,471.5413208007813,25859000,11.94,33.78,2024-05-01,2024-05-15
2024-06-14,528.0293342324846,529.9134725597781,527.0237772162169,529.8842163085938,40089900,471.3434883571342,474.05374389556346,470.87859282283176,473.9844970703125,23372600,12.66,34.81,2024-06-01,2024-06-14
2024-06-17,529.2008114818414,535.49757872361,528.7419471638832,534.1015014648438,55839500,474.2515079744591,481.57111404577887,472.9458703775851,479.7906799316406,37054500,12.75,34.81,2024-06-01,2024-06-14
2024-06-18,534.16013957423,535.585473259027,533.7403629842298,535.4585571289062,41376400,479.7412776538949,480.6215937616727,478.1784245124455,479.9390869140625,24438600,12.3,34.81,2024-06-01,2024-06-14
2024-06-20,536.385998334327,537.0498352385172,532.2272010481894,534.0039672851562,70328200,481.1359550087394,481.55137557735753,474.40980638490623,476.2397155761719,33918700,13.28,34.81,2024-06-01,2024-06-14
2024-06-21,533.180367297688,534.4046057790133,531.8288032321234,533.2880859375,64338600,475.9627524549559,477.29809320933606,473.47013851655726,474.9637145996094,37456800,13.2,34.81,2024-06-01,2024-06-14
2024-06-24,533.1117619254674,535.6777608035513,531.4369822915095,531.5545043945312,45528700,473.73725096126896,475.47099181592733,469.41777397286,469.5564575195313,37751000,13.33,34.81,2024-06-01,2024-06-14
2024-06-25,532.7787868983022,533.9638712753774,531.2607431275164,533.6015014648438,37936200,471.64684204643737,475.2232870328967,470.70565640050626,474.9260864257813,29014700,12.84,34.81,2024-06-01,2024-06-14
2024-06-26,532.4848968900385,534.9823310545671,531.8385253727439,534.2673950195312,38550600,474.1038235842448,476.45182952740066,473.6877426969305,475.9069213867187,22737100,12.55,34.81,2024-06-01,2024-06-14
2024-06-27,534.1302894973802,535.6875469780335,533.3859430174333,535.1096801757812,35041500,475.6592291517392,478.611553035427,474.84684046619515,477.1353759765625,26222100,12.24,34.81,2024-06-01,2024-06-14
2024-06-28,535.8833782760337,538.9391321933387,531.7601817698417,533.0039672851562,76144500,477.9279271409459,482.67343166507135,474.014614539721,474.6585693359375,34881600,12.44,34.81,2024-06-01,2024-06-14
2024-07-01,534.3848928648134,534.6297405125247,531.339002473828,534.1008911132812,40297800,475.5799670851858,478.0071860471244,471.83508819375936,477.4425048828125,24898300,12.22,34.81,2024-06-01,2024-06-14
2024-07-02,532.4947501316359,537.6953125,532.4457925507478,537.6953125,40434800,475.94653963864454,482.51494549553286,475.8177426243462,482.45550537109375,26723600,12.03,34.81,2024-06-01,2024-06-14
2024-07-03,537.3818563773293,540.457157354787,537.3427022712717,540.0947875976562,32789900,481.70258851623953,486.6066107434774,481.70258851623953,486.4778137207031,18064900,12.09,34.81,2024-06-01,2024-06-14
2024-07-05,540.3984429341523,543.6108134486142,539.7618150479054,543.2092895507812,41488400,487.319884695154,491.9861158127836,487.0226538424265,491.5502014160156,28495900,12.48,34.81,2024-06-01,2024-06-14
2024-07-08,543.9927968223914,544.786100933334,542.7685583933277,543.8361206054688,36110500,491.916766364616,493.2740329338848,490.8963372463012,492.71923828125,22109400,12.37,34.81,2024-06-01,2024-06-14
2024-07-09,544.7959245684453,545.6969473479489,544.0711849559792,544.364990234375,27289700,494.2350191565913,495.3545252210374,491.6294495164821,493.1452331542969,25614500,12.51,34.81,2024-06-01,2024-06-14
2024-07-10,545.5892370725392,550.0944108163902,545.2954317896393,549.7516479492188,38701200,495.0672133936126,498.8418124743257,493.7595004189231,498.2870178222656,28046900,12.85,34.81,2024-06-01,2024-06-14
2024-07-11,549.8690290838814,550.7407010140586,544.3746624818856,545.01123046875,53054200,498.3960104304496,498.6040508659988,486.1706643474196,487.3594970703125,49966600,12.92,34.81,2024-06-01,2024-06-14
2024-07-12,546.1376877405125,552.0531865568831,545.667599292853,548.4490356445312,53084400,487.9340904027109,494.9780167524356,487.4684559718065,490.2226257324219,37109400,12.46,34.81,2024-06-01,2024-06-14
2024-07-15,550.4470318184875,553.1991175344059,548.0964700225896,549.9573364257812,40584300,491.9960314409882,496.3551756664707,489.49945539424647,491.5403137207031,31151400,13.12,35.48,2024-07-01,2024-07-15
2024-07-16,551.2696499606263,553.5124331903285,550.51549997726,553.2186279296875,36475300,492.9966525685197,493.809041278556,488.5681817264973,491.7285461425781,25950600,13.19,35.48,2024-07-01,2024-07-15
2024-07-17,547.2835053633577,548.9582849622979,545.1386373621594,545.4618530273438,57119000,483.74344074557246,484.2585985960934,477.2245881354205,477.2939147949219,56268800,14.48,35.48,2024-07-01,2024-07-15
2024-07-18,546.9994907975359,547.9886849352189,539.0859974733345,541.27001953125,56270400,481.01892482186776,481.19724518023446,471.8449500880725,475.0350341796875,49347400,15.93,35.48,2024-07-01,2024-07-15
2024-07-19,541.0349619096787,542.6607838512468,536.6179005483158,537.6756591796875,65509100,474.6981996487624,477.21460891251246,469.53661435101674,470.8245239257813,42042900,16.52,35.48,2024-07-01,2024-07-15
2024-07-22,541.6030975244146,543.8263337080781,539.6639229224022,543.2191162109375,43346700,476.6895800024484,478.859235285624,473.2716216155166,477.83880615234375,40300000,14.91,35.48,2024-07-01,2024-07-15
2024-07-23,543.111291105197,545.2659625762393,541.8773090500791,542.3670043945312,34439600,476.93720956859266,479.929139778085,475.6790200591189,476.154541015625,23282500,14.72,35.48,2024-07-01,2024-07-15
2024-07-24,537.5483785668235,537.8519873002513,529.1549928867055,530.0756225585938,74515300,469.4177730491382,469.7843305630981,458.2128560235188,459.07476806640625,58818600,18.04,35.48,2024-07-01,2024-07-15
2024-07-25,530.193193121847,536.1773164246895,526.3736048145187,527.3137817382812,61158300,459.4115832282099,463.59237645887646,451.3967509671105,454.01220703125,59256800,18.46,35.48,2024-07-01,2024-07-15
2024-07-26,531.1039031968002,535.9126841969656,530.3301464528615,533.2193603515625,53763800,458.3515449431624,461.60106948166,455.4982979856442,458.6685791015625,39992100,16.39,35.48,2024-07-01,2024-07-15
2024-07-29,534.7668786438925,535.775619885458,531.534841817287,533.5328369140625,39515800,461.3830856787975,463.56265759959666,457.3310894463461,459.58990478515625,28218500,16.6,35.48,2024-07-01,2024-07-15
2024-07-30,535.0019870020752,536.059745722708,527.4215123549488,530.8297729492188,46853600,461.5218203822993,462.2252153474391,449.93051231846664,453.2791137695313,41317200,17.69,35.48,2024-07-01,2024-07-15
2024-07-31,537.6658891932146,542.0927543010554,536.2947780748914,539.4581909179688,65663400,463.52301742956,468.3973190381643,462.0765907474864,466.69329833984375,44552100,16.36,35.48,2024-07-01,2024-07-15
2024-08-01,541.1819427118934,543.4345294348678,528.3127341764186,531.8189697265625,76428700,467.3769292797384,471.1316949567563,451.74354107209894,455.3893432617187,56653900,18.59,35.48,2024-07-01,2024-07-15
2024-08-02,524.7085367838448,525.9229716163323,517.705869778205,521.9172973632812,82789100,446.7008203668183,449.35591337831903,440.340454930092,444.5806884765625,66323200,23.39,35.48,2024-07-01,2024-07-15
2024-08-05,501.0954700551791,512.7893973566776,499.7536796951889,506.7171630859375,146267400,420.7640496665403,438.18073242125257,419.5157767707517,431.3250122070313,87483500,38.57,35.48,2024-07-01,2024-07-15
2024-08-06,508.5191877541787,518.8322000557341,507.19703427938214,511.3888549804687,84826300,433.16773136287384,442.91630484411263,430.5225248808415,435.44635009765625,63164400,27.71,35.48,2024-07-01,2024-07-15
2024-08-07,517.5786158200011,520.6343700428232,507.3733806496258,507.9707946777344,70698300,442.3416715112024,444.8283608872693,430.3342827318256,430.7305603027344,54929200,27.85,35.48,2024-07-01,2024-07-15
2024-08-08,513.1126009988247,520.3405097902447,511.0853146734016,519.7137451171875,63276600,436.9621628383831,444.8184789180148,433.0884865440954,443.9070434570313,47890100,23.79,35.48,2024-07-01,2024-07-15
2024-08-09,518.8908555789227,523.4940026818011,517.6666175077982,522.0053100585938,45619600,442.5893954007088,447.8599753277891,441.4698892252678,446.2253112792969,33574000,20.37,35.48,2024-07-01,2024-07-15
2024-08-12,523.2003538167259,524.6889871074426,520.0075304089534,522.2797241210938,42542100,447.1961655445336,450.1484591172227,444.3825252809175,447.1862487792969,27795000,20.71,35.48,2024-07-01,2024-07-15
2024-08-13,525.4726249427702,531.1041225821112,525.2277772193205,530.8690185546875,52333100,451.5849931060486,458.54967631273865,451.4462793308009,458.28216552734375,40084500,18.12,35.48,2024-07-01,2024-07-15
2024-08-14,531.6622256176499,533.728785456597,528.9885080949739,532.543701171875,42446900,459.203568511929,460.78867882910635,454.1410294667669,458.4308166503906,34733700,16.19,35.48,2024-07-01,2024-07-15
2024-08-15,538.175077545117,541.9555105130881,537.567860219785,541.6715087890625,60846800,464.4047599523792,470.408454066384,464.0282856953889,470.0121765136719,38280600,15.23,35.08,2024-08-01,2024-08-15
2024-08-16,540.0555332245729,543.581375155023,539.8988570348282,542.885986328125,44430700,468.2289340511398,471.9837300381218,467.2679450064729,470.6165466308594,38383600,14.8,35.08,2024-08-01,2024-08-15
2024-08-19,543.2973511166235,548.0767822265625,542.4452860411917,548.0767822265625,39121800,470.7552521973401,476.8381902959791,468.9719576926455,476.7985534667969,23737700,14.65,35.08,2024-08-01,2024-08-15
2024-08-20,547.6263456901657,549.2815184001456,545.8438474042439,547.1856079101562,33732300,475.887072779306,478.4530054535782,474.1037784441942,475.79791259765625,29209300,15.88,35.08,2024-08-01,2024-08-15
2024-08-21,548.2335208659752,550.5252615016209,543.2973537542563,549.0659790039062,41514600,476.58058013398335,479.86974146186225,474.86667281387304,478.0171203613281,25658800,16.27,35.08,2024-08-01,2024-08-15
2024-08-22,550.9660777475402,551.5732952522009,543.5422788578662,544.7567138671875,56121500,480.33537571180096,481.0288841455253,469.4078560191765,470.4382019042969,37739600,17.55,35.08,2024-08-01,2024-08-15
2024-08-23,547.9984691071246,551.4850973665338,545.8045838781815,550.5448608398438,50639400,474.7874261542689,478.2549080535304,470.86422652806505,475.5403747558594,36061500,15.86,35.08,2024-08-01,2024-08-15
2024-08-26,551.5732410031779,552.2881770773529,547.528352675827,549.2324829101562,35788600,474.9954750129997,475.9168271905872,468.8431499287544,470.9236450195313,27452600,16.15,35.08,2024-08-01,2024-08-15
2024-08-27,547.9592265897197,550.4762675561165,546.8133563476018,549.986572265625,32693900,469.2890210157803,473.4004579531549,467.32740600895033,472.33050537109375,27510000,15.43,35.08,2024-08-01,2024-08-15
2024-08-28,549.6438836929623,550.0748179978751,543.6009999526875,546.7938232421875,41066000,471.86477727035714,472.5879754586852,463.5428280840913,466.9706726074219,37372400,17.11,35.08,2024-08-01,2024-08-15
2024-08-29,548.7624619787401,552.0630042239653,545.6969639633883,546.8428344726562,38715200,468.8827928484705,473.4895840302983,465.00911671200544,466.2871398925781,41081500,15.65,35.08,2024-08-01,2024-08-15
2024-08-30,549.212987410433,552.5722906161151,545.6577940930898,552.06298828125,62700100,470.6264788445398,472.4691833346091,466.1385676448057,471.8450317382813,33466500,15.0,35.08,2024-08-01,2024-08-15
2024-09-03,548.9191307501956,549.25214992284,538.1850458833093,540.7020874023438,60600100,468.803570109793,468.932336899465,455.1416828085824,457.5193786621094,44985200,20.72,35.08,2024-08-01,2024-08-15
2024-09-04,538.8607938634791,543.0035975400444,538.1360542845994,539.5953369140625,47224900,454.40852713775496,460.1348241601613,453.477258224592,456.3304748535156,32505100,21.32,35.08,2024-08-01,2024-08-15
2024-09-05,539.5365467142444,542.3865472945482,535.8246177750381,538.2828979492188,44264300,454.7057252932336,461.0363402813741,453.6852962003829,456.7565002441406,34452400,19.9,35.08,2024-08-01,2024-08-15
2024-09-06,538.6061519080256,540.2319142524223,528.3225490242058,529.2235717773438,68493800,456.05310901273066,456.9348546285424,444.0259161994411,444.5212707519531,50624400,22.38,35.08,2024-08-01,2024-08-15
2024-09-09,533.4251872668898,536.4221205223048,531.4957564364314,535.1488647460938,40445800,448.8506232910241,451.2283188768992,445.64073576179464,450.2376098632813,32981200,19.45,35.08,2024-08-01,2024-08-15
2024-09-10,537.0587275255268,537.8324845189911,532.1813804449696,537.4798583984375,36394600,452.0010610232758,454.9038613489134,448.0283385228492,454.3985900878906,29680300,19.08,35.08,2024-08-01,2024-08-15
2024-09-11,537.3916883108078,543.9144040618945,528.8318231688719,542.9937744140625,75248600,455.6369852193334,465.00908400490187,447.0871616105351,464.26605224609375,57843000,17.69,35.08,2024-08-01,2024-08-15
2024-09-12,543.5716351743016,547.8711746400817,541.3483991843773,547.5675659179688,51819600,464.29578616525714,469.635722410282,462.51252198450715,468.8233337402344,40067800,17.07,35.08,2024-08-01,2024-08-15
2024-09-13,548.1747815451495,551.4263657909838,547.9201304028155,550.4273681640625,39310500,468.0902315957997,472.1025912298367,467.8623576257768,470.9236450195313,29111800,16.56,35.7,2024-09-01,2024-09-13
2024-09-16,550.1629297590999,551.5046902542234,548.360884321784,551.2402954101562,36656100,468.79361628971213,469.4573744200276,465.524288528779,468.8431396484375,22585600,17.14,35.7,2024-09-01,2024-09-13
2024-09-17,553.4537083801224,554.9032473896473,549.2325364902464,551.465576171875,49321000,471.86482380417743,473.1626502462189,466.5942443806272,469.0908203125,30084400,17.61,35.7,2024-09-01,2024-09-13
2024-09-18,552.1217580784818,556.969754476821,549.2717571625421,549.8300170898438,59044900,470.2895966560615,474.38119962315574,466.4555272479723,467.0598754882813,39909200,18.23,35.7,2024-09-01,2024-09-13
2024-09-19,559.2418737919741,561.0733295553275,556.3722663136862,559.2124633789062,75315500,478.12607832269657,481.7124704668982,476.0257799819862,478.8691101074219,52782500,16.33,35.7,2024-09-01,2024-09-13
2024-09-20,557.843155111916,559.2872468563713,555.2201175162944,558.2459106445312,77503100,478.0071649568301,479.196027823639,473.8560919217068,477.9576416015625,34577700,16.15,35.7,2024-09-01,2024-09-13
2024-09-23,559.3167220049795,560.2892833331648,558.0985019985221,559.640869140625,44116900,479.1352933813507,480.3158962480575,477.7959506872309,479.2245788574219,24843000,15.89,35.7,2024-09-01,2024-09-13
2024-09-24,560.4365555490466,561.3010677532865,557.6072537825559,561.2421264648438,46805700,480.6333475885268,482.4885720219182,476.3772551624619,481.5361633300781,25952600,15.39,35.7,2024-09-01,2024-09-13
2024-09-25,561.0849426444706,561.8217386948093,558.8941616149112,560.0042724609375,38428600,480.91114919551086,483.93707616737726,480.732578237264,481.9826354980469,26549900,15.41,35.7,2024-09-01,2024-09-13
2024-09-26,564.2679463720303,564.5921534543987,559.8668367278948,562.2245483398438,48336000,489.473009785825,489.80042016717226,481.9627957360104,485.6038208007813,32020200,15.37,35.7,2024-09-01,2024-09-13
2024-09-27,563.2952985697877,564.1106429805404,560.377555197848,561.4090576171875,42100900,486.625622295268,486.76453099134613,481.7246401093568,482.9052429199219,22851100,16.96,35.7,2024-09-01,2024-09-13
2024-09-30,560.3775886747461,564.2678934162012,558.078818569817,563.6588134765625,63557400,481.9429538811356,484.55218506630086,479.10555878077656,484.2148742675781,30281100,16.73,35.7,2024-09-01,2024-09-13
2024-10-01,563.3051897855821,563.9535439565005,556.035444442894,558.6093139648438,72668800,483.8478010651969,484.1454193353246,473.62913982724353,477.4685668945313,42735400,19.26,35.7,2024-09-01,2024-09-13
2024-10-02,557.7154356390834,559.8668828892402,555.3183896615599,558.8451538085938,38097800,476.5657209152366,480.05793653831387,473.9465894744548,478.1431884765625,23744000,18.9,35.7,2024-09-01,2024-09-13
2024-10-03,557.3715020969081,559.7685478192003,555.5344286086627,557.8234252929688,40846500,475.95064787695753,480.72265250634194,475.2065719333754,477.7860412597656,25337200,20.49,35.7,2024-09-01,2024-09-13
2024-10-04,562.273664576873,563.2658929623027,558.09848649286,562.892578125,42939100,483.5997421604296,484.0263384101603,478.57971250941176,483.47076416015625,30686600,19.21,35.7,2024-09-01,2024-09-13
2024-10-07,561.2421538745174,561.8905680396737,556.6543868115797,557.8037719726562,49964700,481.55604432247213,482.72671654095666,477.0717272577596,478.2920227050781,24975100,22.64,35.7,2024-09-01,2024-09-13
2024-10-08,560.3775771285751,563.6784689445017,559.5032914013763,563.0791625976562,37398700,480.8317856664436,486.11967189958807,480.0281860924304,485.43511962890625,28272000,21.42,35.7,2024-09-01,2024-09-13
2024-10-09,563.0693978961492,567.5393423690588,562.4701514366566,566.9793701171875,37912200,485.1374857909003,489.8301353566888,484.09579164367744,489.2546997070313,24995000,20.86,35.7,2024-09-01,2024-09-13
2024-10-10,565.6334738441669,567.4116060358193,564.3759797176003,565.9871215820312,44138100,486.972911204982,490.5643129343177,485.663330270901,488.69915771484375,25750400,20.93,35.7,2024-09-01,2024-09-13
2024-10-11,565.9085213296812,570.1131999200273,565.7709716649979,569.3764038085938,42268000,486.86371250603634,490.4849059533432,486.2982378562307,489.4630126953125,20644500,20.46,35.7,2024-09-01,2024-09-13
2024-10-14,570.9874990099419,574.966246072679,570.5061351329805,574.032958984375,36217200,491.8539970558773,494.8898242812603,491.3480460359973,493.5703430175781,26060100,19.7,35.7,2024-09-01,2024-09-13
2024-10-15,574.2981309420833,574.6026708937048,568.3545951743074,569.5728149414062,54203600,493.8977476785361,494.5624688319381,484.82002737514097,486.972900390625,34784500,20.64,36.59,2024-10-01,2024-10-15
2024-10-16,569.5728070987392,572.5690988319416,568.7672362789522,572.0484008789062,30725400,487.3002966300499,487.8062779684171,483.7188255626652,487.0324401855469,22996800,19.58,36.59,2024-10-01,2024-10-15
2024-10-17,575.5949797580469,575.8013042765577,571.9109988172407,572.09765625,34393700,492.5187281720624,492.5683211220585,487.31019680837863,487.3697204589844,27210700,19.11,36.59,2024-10-01,2024-10-15
2024-10-18,573.787292295603,575.0840605235142,572.3235337539761,574.2981567382812,37416800,490.15753539620334,491.6556179545978,489.4035287665701,490.5643005371094,25335000,18.03,36.59,2024-10-01,2024-10-15
2024-10-21,573.5711395635755,574.5535342943244,570.378356688641,573.3550415039062,36439000,489.35393242594535,492.3104049952959,487.4292536147581,491.5068054199219,30336500,18.37,36.59,2024-10-01,2024-10-15
2024-10-22,570.8204817447413,574.2097557683464,570.1622940232531,573.050537109375,34183800,488.83807375200354,493.5207929965994,488.08406709201313,492.04254150390625,26685800,18.2,36.59,2024-10-01,2024-10-15
2024-10-23,571.0267810694698,571.4688706983893,564.3071746074978,567.8143310546875,49314600,489.6912640374047,490.34605451121007,481.2187106828383,484.5025634765625,39346600,19.24,36.59,2024-10-01,2024-10-15
2024-10-24,569.7693209618997,569.8479293354313,566.4193810527883,569.0423583984375,34979900,488.2229113611023,489.1058959697234,485.5740180882913,488.4312744140625,22024900,19.08,36.59,2024-10-01,2024-10-15
2024-10-25,571.2723100723214,574.1703862188206,567.9027036914881,568.8457641601562,47268200,491.2289913103662,496.3283756163309,490.5245776756012,491.4075622558594,38762100,20.33,36.59,2024-10-01,2024-10-15
2024-10-28,572.3235609618828,572.4512770786239,570.299830137409,570.6043701171875,30174700,494.5227964946088,494.58232014940006,491.1893507201843,491.4869689941406,20477800,19.8,36.59,2024-10-01,2024-10-15
2024-10-29,569.641651710168,572.64777766843,568.2466677584584,571.5278930664062,42899700,491.8044187402905,497.38995346166206,489.94919430030234,496.2093505859375,28014100,19.34,36.59,2024-10-01,2024-10-15
2024-10-30,571.0562011429839,573.0504911915006,569.0914117169528,569.7987670898438,41435800,495.4454629981242,496.39787173074626,491.9731085864843,492.459228515625,29756000,20.35,36.59,2024-10-01,2024-10-15
2024-10-31,565.4271839715354,565.4959588071013,558.4325373559277,558.6290283203125,60182500,488.4907896798999,488.54038262888133,479.9289515501208,480.0281677246094,41245200,23.16,36.59,2024-10-01,2024-10-15
2024-11-01,561.2617936558026,565.4173043933644,560.5741053167588,560.9866943359375,45667500,481.6651773097424,486.8737090932154,481.3675590327268,483.5799255371094,33655800,21.88,36.59,2024-10-01,2024-10-15
2024-11-04,561.1241962515347,562.4209644478059,557.892139281839,559.7783203125,38217000,482.97468103891873,485.51445751835746,480.42497385965817,482.1710815429687,23291600,21.98,36.59,2024-10-01,2024-10-15
2024-11-05,560.6920242782184,566.5863933486033,560.4759261934032,566.547119140625,39478300,483.7585020212901,488.98689526722075,483.669216537167,488.3221740722656,24353600,20.49,36.59,2024-10-01,2024-10-15
2024-11-06,578.8269488778815,581.5088671271764,575.0840276009245,580.634521484375,68182000,496.6062405794872,502.4100394299814,495.6538317777052,501.5865783691406,43082200,16.27,36.59,2024-10-01,2024-10-15
2024-11-07,582.6387178727699,586.145874462509,582.5601095007273,585.1241455078125,47233200,504.3842278003702,510.26741073728783,504.3247041524069,509.4836120605469,32853100,15.2,36.59,2024-10-01,2024-10-15
2024-11-08,585.6742957423695,589.0832369047557,585.6742957423695,587.6587524414062,46444900,508.9876317248382,510.8527870225075,508.3626030584352,510.0789794921875,22924500,14.94,36.59,2024-10-01,2024-10-15
2024-11-11,589.2501914582232,589.6038391769904,586.4896646144927,588.2186889648438,37586800,511.29919439483575,511.5075574474809,506.8843621879825,509.78131103515625,24167500,14.97,36.59,2024-10-01,2024-10-15
2024-11-12,588.1401110548398,588.7393574916656,583.9059918696842,586.3914794921875,43006100,509.711895702093,510.59481982391384,505.80298394720904,508.858642578125,25835300,14.71,36.59,2024-10-01,2024-10-15
2024-11-13,586.8531544283672,588.6803942959151,584.4856094336134,586.6763305664062,47388600,508.3526968282859,510.9122744153452,505.9220366929146,508.203857421875,24567400,14.02,36.59,2024-10-01,2024-10-15
2024-11-14,586.804069200042,587.2854330583992,582.2163022724781,582.9039306640625,38904100,507.8665643683169,508.739588052962,503.75925058094214,504.6719970703125,28679500,14.31,36.59,2024-10-01,2024-10-15
2024-11-15,579.3377611991996,579.8093514182389,573.580942771995,575.4376831054688,75988800,498.9674158501514,499.3543196021951,490.58414799637626,492.6477355957031,51461100,16.14,37.36,2024-11-01,2024-11-15
2024-11-18,575.8993966406199,579.1118465214918,575.0349444617987,577.7954711914062,37001700,494.1953790330812,498.1737145612043,492.8064433987384,496.0704345703125,27080800,15.58,37.36,2024-11-01,2024-11-15
2024-11-19,574.4161003090796,580.6346163861505,573.7480790226593,579.9076538085938,49412000,493.4910368934805,499.9694571048066,493.1536958116036,499.4833068847656,24523000,16.35,37.36,2024-11-01,2024-11-15
2024-11-20,579.9861823753545,580.3889378159292,574.3374129030207,580.1040649414062,50032600,499.1856564574556,499.5031361161102,492.6377823112046,499.1955871582031,29565500,17.16,37.36,2024-11-01,2024-11-15
2024-11-21,582.9531169226577,584.6428072515256,577.1078556838472,583.2183227539062,46750300,502.2413294830983,502.95564359753246,493.6298978588017,500.9913024902344,34526700,16.87,37.36,2024-11-01,2024-11-15
2024-11-22,583.208534421257,585.6547481079318,582.7075633853434,585.0260009765625,38226400,500.4357175118036,502.5290365817057,498.8086569561695,501.7948913574219,23826600,15.24,37.36,2024-11-01,2024-11-15
2024-11-25,588.9653319760873,590.281707390563,584.7213793724078,587.0103759765625,42441400,505.87241468402135,507.41018976726633,500.2769794512125,502.5885620117187,26375200,14.6,37.36,2024-11-01,2024-11-15
2024-11-26,588.2579731618996,590.7434606979054,587.5408441710033,590.075439453125,45621300,504.0668138796034,506.110570406728,503.2235519980058,505.287109375,26557100,14.1,37.36,2024-11-01,2024-11-15
2024-11-27,589.8887226529953,590.2718110026187,586.7647148108081,588.2874145507812,34000200,504.1560716487183,504.2254957213914,497.9653396767726,501.3087158203125,24957400,14.1,37.36,2024-11-01,2024-11-15
2024-11-29,589.1028202958577,592.7278593888155,588.8277809402925,591.9419555664062,30177400,501.9337807222535,506.3089508903919,501.31868278834094,505.7136840820313,15334000,13.51,37.36,2024-11-01,2024-11-15
2024-12-02,592.354515594293,593.6807844427898,591.8633182342458,593.0029296875,31746000,506.9736563624461,512.1821877904773,506.58672235220234,511.2198181152344,25147200,13.34,37.36,2024-11-01,2024-11-15
2024-12-03,592.7672106157903,593.5236138358292,591.73570807165,593.2780151367188,26906600,509.8904955940288,513.065231991336,509.3150598622085,512.7874145507812,18597900,13.3,37.36,2024-11-01,2024-11-15
2024-12-04,594.9676840777096,597.2075127280552,594.2996629026728,596.9619140625,42787600,516.2100513998007,519.3847870290656,515.4957071205193,519.1268310546875,26086200,13.45,37.36,2024-11-01,2024-11-15
2024-12-05,596.961947940629,597.7675188046404,595.6259055147337,595.9795532226562,28762200,519.1764451670765,519.9006596223231,517.3013594796879,517.6882934570312,18169600,13.54,37.36,2024-11-01,2024-11-15
2024-12-06,596.7458327264936,598.3471408675985,596.3332437457798,597.1093139648438,31241500,518.3530064032137,522.5595057281002,518.2240284052577,522.3214111328125,23762600,12.77,37.36,2024-11-01,2024-11-15
2024-12-09,596.9914414878755,597.1584317989794,593.445010988573,594.034423828125,34742700,521.398850563676,522.1925195302961,517.1030347782992,518.25390625,20674400,14.19,37.36,2024-11-01,2024-11-15
2024-12-10,594.7123228135097,595.134745373381,591.529373321926,592.1875610351562,37234500,519.4840189672058,521.2301267457367,515.0592258717493,516.4878540039062,24350000,14.18,37.36,2024-11-01,2024-11-15
2024-12-11,595.1150870375847,597.7183970026139,594.8399877419274,596.7655029296875,28677700,520.853192430636,526.4188662970179,520.4464575332266,525.7343139648438,32168600,13.58,37.36,2024-11-01,2024-11-15
2024-12-12,595.9010621562538,596.4708079758578,593.690673828125,593.690673828125,31543800,523.5120419753823,524.7819607903772,521.8651803498141,522.3413696289062,23577500,13.92,37.36,2024-11-01,2024-11-15
2024-12-13,595.7242008087076,596.4413297893211,592.1973772710232,593.57275390625,35904700,526.2700231888497,528.958578680959,523.1349494940644,526.3394775390625,28780400,13.81,37.72,2024-12-01,2024-12-13
2024-12-16,595.331290479334,597.0799821268581,594.5552201188243,596.1073608398438,43695200,528.8693063591745,534.8913677012594,528.7899213110657,533.9190673828125,31979900,14.69,37.72,2024-12-01,2024-12-13
2024-12-17,593.553151685944,594.5158794594372,592.2760503625989,593.6513671875,55773500,532.1233843076452,533.234532805748,529.911018011913,531.5678100585938,28579100,15.87,37.72,2024-12-01,2024-12-13
2024-12-18,593.3467116570313,595.7339235020439,575.5752257128447,575.9583740234375,108248700,530.9230075449514,532.6393233284896,510.942073860317,512.3905029296875,54703200,27.62,37.72,2024-12-01,2024-12-13
2024-12-19,580.948961299734,582.5601031255708,575.5359564813775,575.7815551757812,85919500,517.0732740500031,517.6387790519901,509.7714230842023,510.1087036132813,46441800,24.09,37.72,2024-12-01,2024-12-13
2024-12-20,573.4513839180992,587.231466902458,572.6036351958548,582.697265625,125716700,506.40812875240454,520.6745485653607,505.2672184506846,514.5631713867188,60530000,18.36,37.72,2024-12-01,2024-12-13
2024-12-23,582.4409930028329,586.7879087972127,579.2571372355378,586.1866455078125,57635800,516.2773215508976,519.9540272324169,512.8788812504641,519.576416015625,29672800,16.78,37.72,2024-12-01,2024-12-13
2024-12-24,587.5370230202848,592.7415539521577,586.9554328723399,592.7020874023438,33160100,521.5240745288673,526.7111642557666,520.8880913793857,526.6217651367188,17558200,14.27,37.72,2024-12-01,2024-12-13
2024-12-26,590.9279213446937,593.8652919269226,589.5282423631364,592.7416381835938,41219100,524.9921323134935,527.8937223215758,522.994783551006,526.2640380859375,19090500,14.73,37.72,2024-12-01,2024-12-13
2024-12-27,588.9959292183847,589.2325480652515,582.3129057333863,586.5021362304688,64969300,522.6966520264838,523.1338828752066,514.5979649367405,519.2683715820312,33839600,15.95,37.72,2024-12-01,2024-12-13
2024-12-30,579.4839049805771,583.278830614674,576.0536238226567,579.8091430664062,56578800,512.262836772703,516.0885615458353,508.6059938701245,512.3621826171875,34584000,17.4,37.72,2024-12-01,2024-12-13
2024-12-31,581.4749602926895,582.194563069081,576.0634704063194,577.6997680664062,57052700,513.644094410772,514.3992562583705,507.0459049159329,508.0097961425781,29117000,17.35,37.72,2024-12-01,2024-12-13
2025-01-02,580.9624149327,582.6775253068124,572.1995172748154,576.2803344726562,50204000,511.06042287109295,513.3857099460889,502.52453474139946,507.0160827636719,36389800,17.93,37.72,2024-12-01,2024-12-13
2025-01-03,579.129057366777,584.1265095290074,578.0447499447286,583.48583984375,37888500,510.1163791404504,516.3767439002675,509.3015977009679,515.3134765625,29059500,16.13,37.72,2024-12-01,2024-12-13
2025-01-06,587.7440676720806,591.1250155334773,585.1122021784661,586.8470458984375,47679400,520.719278575862,524.5946765405293,518.7418230577623,521.2359619140625,36109700,16.04,37.72,2024-12-01,2024-12-13
2025-01-07,588.8776099950986,589.2029082453815,578.3897946667151,580.2133178710938,60393100,522.2793368947259,522.67678090554,510.0468799728483,511.9348754882813,36690300,17.82,37.72,2024-12-01,2024-12-13
2025-01-08,580.282291853868,582.1354148697908,576.8323377526707,581.0609741210938,47304700,511.8354863915311,513.6638621182858,507.3538855422856,512.0242919921875,30777800,17.7,37.72,2024-12-01,2024-12-13
2025-01-10,577.5026413332764,577.5716476388544,570.2774344732991,572.189697265625,73105000,508.2582252642564,508.3575711092296,500.74584773317105,503.9952392578125,40532500,19.54,37.72,2024-12-01,2024-12-13
2025-01-13,567.5372676970464,573.4317423327336,567.1232298261107,573.076904296875,47910100,498.04296636403393,502.8325822621149,496.5524148250259,502.37548828125,31694200,19.19,37.72,2024-12-01,2024-12-13
2025-01-14,576.0043111010004,576.6351742776535,570.0802375478183,573.8653564453125,48420600,505.5354171737264,506.9464858814396,498.4304613679452,501.8984680175781,33737200,18.71,37.72,2024-12-01,2024-12-13
2025-01-15,581.8889752343268,585.4473419377294,580.7751281246863,584.303955078125,56900200,509.79844685715614,514.5880322454942,508.2382987029594,513.4453125,34957600,16.12,37.14,2025-01-01,2025-01-15
2025-01-16,585.6740294157521,585.8514484014332,582.4803673486446,583.1802368164062,43319700,515.7109751217133,515.7904881915479,509.7189890543602,509.8481750488281,28229000,16.6,37.14,2025-01-01,2025-01-15
2025-01-17,588.4242094250709,590.7898562052613,587.0934767089387,589.0353393554688,58070600,519.5565458046289,520.768892568159,509.8779077274795,518.4535522460938,51837900,15.97,37.14,2025-01-01,2025-01-15
2025-01-21,592.0811502463223,594.4369906618805,590.1097477554644,594.4271240234375,42532900,521.1762101053723,522.6568146896532,516.7840692656267,521.4942016601562,23628000,15.06,37.14,2025-01-01,2025-01-15
2025-01-22,597.2560318658977,599.1288881406504,596.7040416210903,597.7686157226562,48196000,526.2342659003573,530.4574953112844,525.926221004647,528.1620483398438,33593000,15.1,37.14,2025-01-01,2025-01-15
2025-01-23,597.1377792345874,601.0313110351562,596.8618141810588,601.0313110351562,41152100,525.7074915171922,529.4040903277174,525.121241962605,529.2848510742188,23096600,15.02,37.14,2025-01-01,2025-01-15
2025-01-24,601.0903888692611,602.0465502262632,598.1234189150732,599.2766723632812,34604700,529.6624839179889,530.4275923841087,524.8231652884439,526.2938232421875,19878300,14.85,37.14,2025-01-01,2025-01-15
2025-01-27,586.3049484329972,591.1151752666312,586.1373960687419,590.7997436523438,70361100,507.7812366132107,514.7271972494635,506.9365846555357,510.9710388183594,60771700,17.9,37.14,2025-01-01,2025-01-15
2025-01-28,592.0318399526346,596.7139205737208,588.7100317776161,595.8760986328125,44433300,511.9745555822676,519.7055778022501,508.55625233887065,518.5230712890625,33194200,16.41,37.14,2025-01-01,2025-01-15
2025-01-29,595.0874967960807,595.4916679771449,590.6518414168764,593.204833984375,37177400,519.1690539120722,519.2982398960235,513.6440786970315,517.54931640625,26649000,16.56,37.14,2025-01-01,2025-01-15
2025-01-30,595.3240968992558,597.9263022497843,592.130374590218,596.3886108398438,39281300,520.4111255886488,522.7860246698378,514.9457705817763,519.7552490234375,27431300,15.84,37.14,2025-01-01,2025-01-15
2025-01-31,598.8134974486875,601.2383441338676,592.4557124803268,593.2147216796875,66566900,523.6008398308838,528.1719001743444,517.9069533149807,519.0,38755200,16.43,37.14,2025-01-01,2025-01-15
2025-02-03,584.1954832564219,591.7065212004032,582.0466619706364,589.2225952148438,65857200,510.2356481268789,517.5691667149378,507.8309085723365,514.846435546875,40580800,18.62,37.14,2025-01-01,2025-01-15
2025-02-04,589.2818218573458,593.6878777666973,588.7396981777459,593.1753540039062,33457800,515.363080720596,521.8022428707668,514.9655761172106,521.166259765625,26046800,17.21,37.14,2025-01-01,2025-01-15
2025-02-05,592.0515554519985,595.7282015036632,590.021013481686,595.580322265625,30653100,518.533087344952,523.6903982021383,517.3406339590531,523.5313720703125,21134100,15.77,37.14,2025-01-01,2025-01-15
2025-02-06,597.3250313642651,597.778475552574,594.013089933138,597.6503295898438,35771500,524.0381574961376,526.4727371352427,522.4283666892038,526.2640380859375,19434500,15.5,37.14,2025-01-01,2025-01-15
2025-02-07,598.2122352633725,599.4344951653416,591.4700123634921,592.1797485351562,50788500,526.8006512350846,528.748266336267,518.9007163268166,519.6260986328125,29605500,16.54,37.14,2025-01-01,2025-01-15
2025-02-10,595.3930719758379,596.8420237335293,594.1214790365186,596.2012939453125,26048700,523.8990176021349,527.0192533310259,523.432007239571,525.916259765625,20852800,15.81,37.14,2025-01-01,2025-01-15
2025-02-11,593.9341794878935,597.1968476878733,593.8159001701387,596.6547241210938,30056700,522.6470030660466,526.5820202342347,522.5178170831823,524.6641845703125,19325500,16.02,37.14,2025-01-01,2025-01-15
2025-02-12,590.6321754646003,595.9056528588447,589.9520392250456,594.732666015625,45076100,519.0100833136883,525.8566985928285,518.662312181656,524.9722900390625,25009400,15.89,37.14,2025-01-01,2025-01-15
2025-02-13,595.8366651794477,601.2186155981716,594.5749988790903,601.0115966796875,40921300,526.6415998490472,532.8422839525621,525.856597948036,532.5243530273438,28714800,15.1,37.14,2025-01-01,2025-01-15
2025-02-14,601.2185532755497,602.2535274358258,600.360998100256,600.9819946289062,26910400,532.6337190649526,535.445910069072,532.2958340155867,534.76025390625,17862600,14.77,37.19,2025-02-01,2025-02-14
2025-02-18,602.1450746766837,602.746337890625,599.6808220007749,602.746337890625,26749000,536.3302520039847,536.5985706975572,532.6634926781901,535.9725341796875,20565000,15.35,37.19,2025-02-01,2025-02-14
2025-02-19,601.3565473981581,604.4614697835945,600.8439635712302,604.165771484375,31011100,535.177614880373,537.4034956659445,533.0809200913482,536.1216430664062,19666900,15.27,37.19,2025-02-01,2025-02-14
2025-02-20,602.7956084451664,602.9336210334332,598.3402805357981,601.6522216796875,36554000,535.3365599110106,535.7042244561445,529.1060954227281,533.8460083007812,26550800,15.66,37.19,2025-02-01,2025-02-14
2025-02-21,601.435409514207,601.5734221193063,590.8982614234848,591.361572265625,76519800,534.9887454346671,535.0086388627485,522.3985708362279,522.7662353515625,47093800,18.21,37.19,2025-02-01,2025-02-14
2025-02-24,593.4118748152965,594.4074426853949,587.960918125522,588.670654296875,50737200,524.5548916727963,525.7373982954535,516.2575125365582,516.5953369140625,39268400,18.98,37.19,2025-02-01,2025-02-14
2025-02-25,588.6114660308307,589.3408752561445,581.129967827771,585.7430419921875,58266500,515.9692710044544,516.0487840625606,506.23101383534026,510.0865783691406,48940000,19.43,37.19,2025-02-01,2025-02-14
2025-02-26,587.4088964020577,591.0067297705009,583.3970853838995,586.0387573242188,43321600,512.2827081341442,516.3866374854662,508.1488779896471,511.31878662109375,34457600,19.1,37.19,2025-02-01,2025-02-14
2025-02-27,588.3157098294636,589.4690234968429,576.290203877955,576.6844482421875,74196700,514.866321152696,515.8004025498751,496.90018949133594,497.1188049316406,52448000,21.13,37.19,2025-02-01,2025-02-14
2025-02-28,577.1871598716435,586.2161558854355,574.1117771132394,585.6838989257812,88744100,496.9796905709141,505.5751982352111,493.7998352114138,504.9690551757813,47654000,19.63,37.19,2025-02-01,2025-02-14
2025-03-03,587.6553155599406,588.798762606637,571.6081318173137,575.4227905273438,74249200,508.2979219919685,509.80833658708485,490.4709237175102,493.9190673828125,44587200,22.78,37.19,2025-02-01,2025-02-14
2025-03-04,571.4208567458912,577.0196322682823,564.0675042327628,568.611572265625,109648200,491.0671622880661,500.5669416036149,484.6677252997208,492.4285278320313,67875400,23.51,37.19,2025-02-01,2025-02-14
2025-03-05,568.4440493526719,576.5169448984452,564.8856823224501,574.7229614257812,71230500,493.0744089154246,500.45759947715374,488.16552394179666,498.8478088378906,46323700,21.93,37.19,2025-02-01,2025-02-14
2025-03-06,567.2513477016495,571.874289065213,561.9680033325571,564.52099609375,80094900,490.58025627763743,495.439438469392,483.1374453830968,485.1248474121094,57574300,24.87,37.19,2025-02-01,2025-02-14
2025-03-07,562.7368791286215,569.1340707451673,557.5422141835529,567.68505859375,81158800,484.0913896771833,490.172835031535,477.5031471015196,488.6922302246094,54714700,23.37,37.19,2025-02-01,2025-02-14
2025-03-10,559.4741670846696,561.3962362827218,547.6457527585567,552.5643920898438,99326600,480.4047648459635,480.92147845342646,465.7079184343633,469.7522888183594,76668000,27.86,37.19,2025-02-01,2025-02-14
2025-03-11,551.4012894751355,555.9552243228402,544.1268096197261,547.9710083007812,88102100,469.37467027626616,475.7939702022416,464.0683106107926,468.62939453125,68760800,26.92,37.19,2025-02-01,2025-02-14
2025-03-12,554.1315858671662,555.0581473332891,545.7728595599632,550.8787841796875,69588200,476.1418047481612,478.02983070184774,468.8182327695673,473.9159240722656,46971100,24.23,37.19,2025-02-01,2025-02-14
2025-03-13,550.5042540653316,551.1153839968962,541.8202288918889,543.5353393554688,74079400,473.25013268441506,473.2799425033811,463.4919809381716,465.3899536132813,46563300,24.66,37.19,2025-02-01,2025-02-14
2025-03-14,548.1582415612112,555.7678855775432,543.6043071486545,554.762451171875,62660300,470.7460316472692,477.5329967973217,470.13985820885455,476.638671875,43563000,21.77,34.79,2025-03-01,2025-03-14
2025-03-17,554.742702735982,561.5637976935186,554.3089918436672,559.0404052734375,49008700,476.5889355359567,482.77970385821135,474.7903391011045,479.7290344238281,41744400,20.51,34.79,2025-03-01,2025-03-14
2025-03-18,556.7240271713574,556.9409127203818,551.0661118946721,552.9981079101562,66041400,476.3902225670012,476.5889445811857,469.4343152382102,471.5509033203125,39072300,21.7,34.79,2025-03-01,2025-03-14
2025-03-19,554.7821880592443,562.7860764826731,553.5993346617712,559.0206909179688,66556000,473.80658371122826,482.27290553437547,471.8788012950444,477.86090087890625,40430300,19.9,34.79,2025-03-01,2025-03-14
2025-03-20,555.274965031054,562.4114306946201,554.5553623856155,557.404052734375,62958200,473.8761366755608,481.4978063463737,473.1805338469725,476.24114990234375,36780500,19.8,34.79,2025-03-01,2025-03-14
2025-03-21,552.9412687324211,558.4876717065504,551.7054359658114,557.5879516601562,83763000,471.0937592442753,478.5763266010879,469.93114605028205,477.8111877441406,42234900,19.28,34.79,2025-03-01,2025-03-14
2025-03-24,564.3307537296456,568.6314886589248,563.7375780431137,567.5736083984375,58766800,485.39050030859886,489.1423592971704,482.0665930507614,488.29644775390625,34567200,17.48,34.79,2025-03-01,2025-03-14
2025-03-25,568.7797678649376,569.8771730865459,567.1880294433175,568.93798828125,38355700,489.022941249908,491.2421796862816,488.05761261924056,491.08294677734375,26035200,17.15,34.79,2025-03-01,2025-03-14
2025-03-26,568.6710483477373,569.7981425644431,560.7617168790538,562.1458740234375,51848300,489.9285233558148,490.7843964317407,480.4942090197157,482.0466918945313,34627100,18.33,34.79,2025-03-01,2025-03-14
2025-03-27,560.7517355574175,564.4296055114135,558.5371327368356,560.6528930664062,42164200,480.08616022723464,484.236055686186,477.9365616361051,479.2999572753906,33469800,18.69,34.79,2025-03-01,2025-03-14
2025-03-28,559.120558969836,559.8521624781242,548.7790863172526,549.3623657226562,71662700,477.49872503017417,478.2052964153207,465.7953639122296,466.68109130859375,46363800,21.65,34.79,2025-03-01,2025-03-14
2025-03-31,543.5984015371023,554.3550955683165,540.6719276036363,553.050048828125,95328200,459.6949133234896,467.5966378628316,455.1269969393962,466.66119384765625,53000300,22.28,34.79,2025-03-01,2025-03-14
2025-04-01,551.1320571376683,556.559825628618,547.4047657676659,554.6121215820312,54609600,465.0489314542302,471.34845587241415,462.1828303710836,470.4229431152344,41156200,21.77,34.79,2025-03-01,2025-03-14
2025-04-02,548.7592465118332,560.9890444564371,548.52197624234,558.1219482421875,76014500,463.87464014945493,477.24990051464846,463.6158828815237,473.8563232421875,49894500,21.51,34.79,2025-03-01,2025-03-14
2025-04-03,538.9319060881811,541.7594774009829,530.6172485351562,530.6172485351562,125986000,454.24129177123984,457.85381060895133,447.9716515602276,448.4891357421875,70456300,30.02,34.79,2025-03-01,2025-03-14
2025-04-04,517.7349036725598,519.9099817661254,499.3358369172059,499.5533447265625,217965100,436.0294213013578,438.2486595831719,420.6339416503906,420.6339416503906,117088400,45.31,34.79,2025-03-01,2025-03-14
2025-04-07,483.64569927250346,517.2405628900261,476.33944038650816,498.6635437011719,256611400,406.69142055496206,441.0053356019918,400.4516351196774,421.6490173339844,161557000,46.98,34.79,2025-03-01,2025-03-14
2025-04-08,515.9454474877983,519.0300819148135,483.6160734043612,490.8531188964844,165816600,436.0493338288811,441.0053554988176,407.8160004160076,414.0557861328125,101248100,52.33,34.79,2025-03-01,2025-03-14
2025-04-09,487.84755542038147,542.4021606445312,487.46196103833506,542.4021606445312,241867300,413.56815354318593,465.5763897991723,413.4288133631856,463.7552185058594,142876900,33.62,34.79,2025-03-01,2025-03-14
2025-04-10,526.1385259148457,527.4534689848499,503.5475251856576,518.6345825195312,162331200,451.3751553721857,453.3953754518723,430.5459844866977,444.03070068359375,108384100,40.72,34.79,2025-03-01,2025-03-14
2025-04-11,517.0824330937988,530.3503195313269,514.1757514102393,527.8885498046875,97866300,442.50805710466096,453.5944088551687,439.2040426870755,452.2110900878906,52483800,37.56,34.79,2025-03-01,2025-03-14
2025-04-14,537.8839447885014,538.111379094838,527.8094317224818,533.0098266601562,68034000,462.2226327115798,462.8097869672901,450.4496325846052,455.2762756347656,43941200,30.89,34.79,2025-03-01,2025-03-14
2025-04-15,533.5536182929557,537.0732685211545,530.726046664157,531.5169677734375,56892900,456.3311517478731,460.152650240748,453.9526501626425,455.7837829589844,35404200,30.12,32.63,2025-04-01,2025-04-15
2025-04-16,525.6541223320015,531.7937621429162,514.3931980244283,519.7023315429688,83484800,446.8669566467618,450.43965945558847,435.6512567922465,442.0403137207031,48980600,32.64,32.63,2025-04-01,2025-04-15
2025-04-17,521.6599483491107,525.1499093262158,517.9721816819745,520.44384765625,79868100,445.0159426129849,445.5931353213715,439.2339021288606,441.9607238769531,44837000,29.65,32.63,2025-04-01,2025-04-15
2025-04-21,515.2533065114334,515.7872249375157,502.6972625032136,508.0558471679687,69368100,436.1190130809314,436.96489424924215,425.86861099139634,431.0236511230469,44149300,33.82,32.63,2025-04-01,2025-04-15
2025-04-22,514.2448892796023,523.3010457814191,513.3056442523776,521.2742919921875,75948100,436.7061890853483,445.42397106891866,435.5119573980011,442.33892822265625,52304400,30.57,32.63,2025-04-01,2025-04-15
2025-04-23,534.3049739114415,539.2483058984949,527.8292210770832,529.3517456054688,90590700,455.9629568263105,461.14785116525866,450.6984308488603,452.3703308105469,55801100,28.45,32.63,2025-04-01,2025-04-15
2025-04-24,530.6369834977514,541.2256220112762,529.3814182452572,540.4940185546875,64150400,454.2810913346691,465.4072286279397,453.6341981671536,465.0987243652344,45956100,26.47,32.63,2025-04-01,2025-04-15
2025-04-25,540.454522631326,544.804618673288,537.5280483044934,544.3992919921875,61119600,464.7205615859109,470.81107609503925,463.1481859616907,470.28363037109375,38697100,24.84,32.63,2025-04-01,2025-04-15
2025-04-28,545.1407910444296,547.2762839575454,538.8429907853031,544.6068725585938,47613800,470.7513468926074,472.5227711679886,463.785066874951,470.13433837890625,33550800,25.15,32.63,2025-04-01,2025-04-15
2025-04-29,542.6888783318544,549.1547955800734,542.3329728897722,548.03759765625,47775100,467.9051531308386,474.1250461983433,467.3279300466541,473.23931884765625,30613100,24.17,32.63,2025-04-01,2025-04-15
2025-04-30,541.3640295279456,550.2126052496137,535.382610300473,548.2550048828125,93101500,464.87977453427817,474.90127322951986,460.2024029412006,473.1795959472656,46810600,24.7,32.63,2025-04-01,2025-04-15
2025-05-01,554.0189320097116,557.6770094036193,551.5373699314374,552.1404418945312,63186100,481.0813881109655,484.8332168570004,478.4242363012003,479.3597106933594,43316500,24.6,32.63,2025-04-01,2025-04-15
2025-05-02,558.3294653880318,561.9381212948161,556.0061238656243,560.3364868164062,60717300,484.19630323903306,488.54524771174533,482.49451859013254,486.4752502441406,39218100,22.68,32.63,2025-04-01,2025-04-15
2025-05-05,556.194064255589,560.2278400664005,555.3339293144951,557.1234130859375,38659200,482.26562303187217,486.6742758401759,481.768031598775,483.5892028808594,28309500,23.64,32.63,2025-04-01,2025-04-15
2025-05-06,551.6066618961361,556.9652171268149,550.64768441023,552.466796875,48264700,477.24987857899583,482.7134226320738,475.88648295246287,479.0909729003906,32786300,24.76,32.63,2025-04-01,2025-04-15
2025-05-07,553.8014947566288,557.4298834610689,549.738030089525,554.7901611328125,55588000,479.7577689327616,483.4598506116992,474.4833116025476,480.9718933105469,38006300,23.55,32.63,2025-04-01,2025-04-15
2025-05-08,558.8337754612519,563.8463212534109,555.333918196641,558.6558227539062,65130800,486.1767003880921,490.32662643958486,481.8377175267332,485.9378662109375,39577600,22.48,32.63,2025-04-01,2025-04-15
2025-05-09,560.0596697605964,561.068128702691,556.381860066797,557.9439697265625,37603400,487.8485846688506,489.172194889319,483.8579220246552,485.619384765625,27767400,21.9,32.63,2025-04-01,2025-04-15
2025-05-12,574.8798371188,576.3925257137258,570.5000520977247,576.3826293945312,78993600,504.5477828951714,505.4434718267355,499.0643456144565,505.4036560058594,45090600,18.39,32.63,2025-04-01,2025-04-15
2025-05-13,576.7977862928067,582.403567726764,576.2342995973956,580.18896484375,67947200,506.707335072133,514.8977013705513,505.97090943590337,513.1063842773438,53269600,18.22,32.63,2025-04-01,2025-04-15
2025-05-14,581.1479585868793,582.3046813078995,578.9036666864055,580.9304809570312,66283500,514.2806849131285,516.7287959644325,513.2655789214306,516.1814575195312,47014500,18.62,32.63,2025-04-01,2025-04-15
2025-05-15,578.9234551699535,584.2721134769878,578.4686469334371,583.7679443359375,71268100,514.0318883953613,519.4158011315517,512.6883550423395,516.7487182617188,50153300,17.83,35.08,2025-05-01,2025-05-15
2025-05-16,584.5489982766968,587.7621640177526,582.6013544692614,587.465576171875,76052100,518.1519218274547,519.1869509574169,514.6090729974479,518.9978637695312,48394600,17.24,35.08,2025-05-01,2025-05-15
2025-05-19,581.4346564328234,588.7903364922698,581.4346564328234,588.108154296875,68168500,511.7628921130437,520.0129979914711,511.7628921130437,519.4954833984375,52536200,18.14,35.08,2025-05-01,2025-05-15
2025-05-20,586.3681289429425,587.317209981726,582.917632829089,586.1307983398438,60614500,516.96766002425,518.4206490040874,514.171198352801,517.7638549804688,42517600,18.09,35.08,2025-05-01,2025-05-15
2025-05-21,581.7708648204313,585.8639582409971,575.2258980125081,576.2540893554688,95197700,513.7830548162376,520.480615769375,508.7772560671449,510.5685729980469,71292800,20.87,35.08,2025-05-01,2025-05-15
2025-05-22,576.0563267018498,579.971467292194,574.8204937262445,576.4815063476562,70860400,511.1856284174264,515.2161678084017,509.8321942334835,511.5240173339844,55607200,20.28,35.08,2025-05-01,2025-05-15
2025-05-23,569.4519785383726,575.215919785119,569.0762805285291,572.5465087890625,76029000,503.7416387150606,509.3743771897922,503.1445229416255,506.7868957519531,58368100,22.29,35.08,2025-05-01,2025-05-15
2025-05-27,579.4276923460704,584.6082943415249,571.8742669840636,584.4501342773438,72588500,513.6637044067394,519.1969191841325,512.1112214329714,518.709228515625,47226300,18.96,35.08,2025-05-01,2025-05-15
2025-05-28,584.8555180607121,586.051826179252,580.3373051792158,581.0689086914062,68445500,519.6645455027536,521.1573196978349,515.8928245699911,516.4102783203125,46637200,19.31,35.08,2025-05-01,2025-05-15
2025-05-29,586.3385054465637,586.4769332279744,579.4277368161022,583.3626098632812,69973300,523.7946714004786,523.9439124018006,514.8280630915039,517.4254760742188,58513300,19.18,35.08,2025-05-01,2025-05-15
2025-05-30,582.2553357440712,584.4304140423015,576.6298211275496,582.7101440429688,90601200,516.937802360934,518.1718194248762,509.46396914496165,516.609375,67662800,18.57,35.08,2025-05-01,2025-05-15
2025-06-02,581.0985213264464,586.0714814983527,578.4291102147669,585.992431640625,61630500,514.7483630828904,520.9284703937832,513.4844614373544,520.6896362304688,44762800,18.36,35.08,2025-05-01,2025-05-15
2025-06-03,585.6266685650614,590.3129375391912,585.1421713516531,589.3341674804688,63606200,521.0379136751978,526.192953382638,520.172109482974,524.7598876953125,44070300,17.69,35.08,2025-05-01,2025-05-15
2025-06-04,590.1943197189499,591.1730898063917,588.7409487228937,589.1759643554688,57314200,525.4665516408473,527.2877534208493,523.4363395775185,526.222900390625,41359300,17.61,35.08,2025-05-01,2025-05-15
2025-06-05,590.8566609128592,592.2111289512687,584.3512195951713,586.3285522460938,92278700,527.6260744548405,530.4822445825432,520.1422794419956,522.2620239257812,61031200,18.48,35.08,2025-05-01,2025-05-15
2025-06-06,591.8749474768216,594.0203968199735,590.0953601848463,592.3495483398438,66588700,527.4469412104685,529.2382582965394,525.6655856720602,527.3673095703125,42467000,16.77,35.08,2025-05-01,2025-05-15
2025-06-09,592.9229477814916,594.4356362447949,591.7069074945726,592.8834228515625,53016400,527.5862547168781,529.7855699578893,526.4616932284755,528.1435546875,33688700,17.16,35.08,2025-05-01,2025-05-15
2025-06-10,593.4173023897237,596.6304681071312,592.3001649023746,596.2449340820312,66247000,528.6112629449328,532.3233363181573,526.342277608641,531.6366577148438,40664800,16.95,35.08,2025-05-01,2025-05-15
2025-06-11,597.3423151819753,598.2024500657004,592.4780937113569,594.5443725585938,73658200,533.039834702878,534.1942808270467,527.5563674659288,529.8452758789062,53701000,17.26,35.08,2025-05-01,2025-05-15
2025-06-12,593.2097458920864,596.9073486328125,592.725309003214,596.9073486328125,64129000,528.5316670205602,532.0645538594068,528.282871317245,531.0892333984375,34104900,18.02,35.08,2025-05-01,2025-05-15
2025-06-13,591.7168252456129,595.0288334634262,588.731033484191,590.2338256835938,89506000,525.1381334298933,529.3079524332428,523.197514523019,524.421630859375,55814400,20.82,36.12,2025-06-01,2025-06-13
2025-06-16,593.5952983788304,597.5993850121447,593.4172853343232,595.8494262695312,79984100,527.9445262501218,532.7910620936354,527.8947792535579,531.7162475585938,37622100,19.11,36.12,2025-06-01,2025-06-13
2025-06-17,593.4074922933922,594.9300168530282,589.9965810836336,590.7578735351562,82209400,529.1487078886557,530.7608992855103,525.366964373918,526.5313720703125,42180900,21.6,36.12,2025-06-01,2025-06-13
2025-06-18,591.6574895866379,594.4059506456396,589.7097855095001,590.6688232421875,76605000,527.5463496966778,529.9845595741693,524.8594048736611,526.4417114257812,43983500,20.14,36.12,2025-06-01,2025-06-13
2025-06-20,593.3471074282096,594.4180406328666,587.8735160730708,589.2816162109375,94051400,529.6960723110417,530.989797962704,522.3516174800588,524.292236328125,61643500,20.62,36.12,2025-06-01,2025-06-13
2025-06-23,590.0351674928282,595.4889076465048,586.9116980815279,595.1022338867188,87426000,524.8611059770333,530.2012624901581,521.7128229011945,529.6832275390625,50666100,19.83,36.12,2025-06-01,2025-06-13
2025-06-24,599.2471080685161,602.7374608387837,598.3348024442159,601.676513671875,67735300,534.9038188952696,538.6997215726698,534.2861174166954,537.7831420898438,45442000,17.48,36.12,2025-06-01,2025-06-13
2025-06-25,602.7969444947229,603.4910690166892,600.4468830082857,602.0136108398438,62114800,540.0546537700266,541.3000294115662,537.3845756916884,539.157958984375,44804200,16.76,36.12,2025-06-01,2025-06-13
2025-06-26,603.8678512919777,607.1599344481853,603.2530708764845,606.7236328125,78548400,541.3398412384469,544.6475661276676,539.5166551436107,544.19921875,43811400,16.59,36.12,2025-06-01,2025-06-13
2025-06-27,607.7252035075089,611.2056913389495,605.692457719191,609.7380981445312,86258400,545.2354924154549,547.95537367592,542.5255230814219,546.0624389648438,57577100,16.32,36.12,2025-06-01,2025-06-13
2025-06-30,612.1873634601734,614.0118537505704,609.867018033134,612.6533813476562,92502500,549.2206440950201,550.7549250315776,546.9789678853869,549.5992431640625,45548700,16.73,36.12,2025-06-01,2025-06-13
2025-07-01,611.1758893553448,613.625146088841,610.3429883405835,612.455078125,70030100,547.6963457952282,548.6727617985166,542.6450941202479,544.9664916992188,56166700,16.83,36.12,2025-06-01,2025-06-13
2025-07-02,612.0484833566157,615.2711481262035,611.4237773441516,615.2315063476562,66510400,544.139419448452,548.9615403155057,544.0995893223733,548.7622680664062,36538300,16.64,36.12,2025-06-01,2025-06-13
2025-07-03,617.214676143094,621.0124795190609,617.194824993195,620.0803833007812,51065800,551.1335605372531,555.1387084222483,551.1335605372531,554.1622924804688,26443500,16.38,36.12,2025-06-01,2025-06-13
2025-07-07,618.1169852960921,618.7813935886118,612.6731706581298,615.4595336914062,74814500,551.4723321808171,552.2893059767699,547.5469053516296,549.9878540039062,45349300,17.79,36.12,2025-06-01,2025-06-13
2025-07-08,616.1238907210633,616.8775081543645,614.3093261623386,615.1224365234375,59024600,551.3328226115977,551.9604968449189,549.0612280892235,550.2966918945312,36153300,16.81,36.12,2025-06-01,2025-06-13
2025-07-09,617.5319680301938,619.4655183729625,615.6875662931247,618.8110961914062,66113300,552.4287282148103,555.5670993773455,551.0538285444961,554.1921997070312,43045500,15.94,36.12,2025-06-01,2025-06-13
2025-07-10,618.9499658515675,621.5974919629854,617.7699723301522,620.5563354492188,57529000,554.8298779906593,555.2383344969288,550.7051787469096,553.3952026367188,34710900,15.78,36.12,2025-06-01,2025-06-13
2025-07-11,617.5022136064131,619.6043777491163,616.3024294765994,618.3748168945312,63670200,551.2530854493318,553.733864104168,550.0077097543851,552.1497802734375,39618600,16.4,36.12,2025-06-01,2025-06-13
2025-07-14,617.9186632768227,619.9018415613931,616.5701165685465,619.5548095703125,51898500,551.9405857278426,554.8896575344722,549.5893307950605,554.1524047851562,36453300,17.2,36.12,2025-06-01,2025-06-13
2025-07-15,622.2420420602726,622.5791484786782,616.8279435196437,616.9072875976562,74317300,558.177370440617,558.7253235687808,554.6006247913591,554.660400390625,43277700,17.38,37.48,2025-07-01,2025-07-15
2025-07-16,618.4937831556223,619.4754466932056,612.8516386863737,618.9697265625,88987500,555.2184205935204,558.1375740177878,549.519549612121,555.2283325195312,52314700,17.16,37.48,2025-07-01,2025-07-15
2025-07-17,619.1482908768893,623.1146474859103,618.9301097920578,622.7576293945312,68885700,555.9556949409956,560.2298027364059,555.1486938660757,559.7216796875,40423800,16.52,37.48,2025-07-01,2025-07-15
2025-07-18,624.0069566966004,624.1755098834977,621.190877778705,622.3014526367188,65621600,561.0367592084838,562.6407884950407,557.9083608963978,559.1836547851562,50484700,16.41,37.48,2025-07-01,2025-07-15
2025-07-21,623.4815063476562,626.2281670376054,623.0551302914085,623.4815063476562,63375000,560.0106243017523,563.9659084478778,559.9807060956166,562.0828857421875,39595200,16.65,37.48,2025-07-01,2025-07-15
2025-07-22,623.8087114591411,624.4334174667899,620.9232136557434,623.5707397460938,60046300,562.2123493250268,562.262152187211,556.5433971551718,559.1736450195312,43270600,16.5,37.48,2025-07-01,2025-07-15
2025-07-23,626.2381323551606,628.8757934570312,624.4334327911965,628.8757934570312,70511000,560.2597104593184,561.7640732969975,557.5099110527195,561.7242431640625,40215300,15.37,37.48,2025-07-01,2025-07-15
2025-07-24,629.2624021105368,630.7994135925716,628.6575473006669,629.0839233398438,71307100,563.0393510094046,564.145230057719,561.2061311881392,562.9197998046875,42275500,15.39,37.48,2025-07-01,2025-07-15
2025-07-25,629.748350781943,632.2173979677802,629.5004535059064,631.7413940429688,56865400,562.8401049406639,565.599877131678,562.1825732841013,564.2747802734375,30630800,14.93,37.48,2025-07-01,2025-07-15
2025-07-28,632.1182610848412,632.6735486135409,630.1945756243812,631.5828247070312,54917100,565.6396024726357,566.934780883673,564.7728259539763,566.0381469726562,31498700,15.03,37.48,2025-07-01,2025-07-15
2025-07-29,632.9809077241022,633.2982235137306,629.0046860832861,629.9169311523438,60556300,568.648489779181,569.9934711462136,564.4341580737452,565.1614379882812,45463300,15.98,37.48,2025-07-01,2025-07-15
2025-07-30,630.5713386132512,632.3165451544952,626.2281734095909,629.1236572265625,80418900,566.078082515952,568.5090584763351,562.9596566910935,565.918701171875,43433800,15.48,37.48,2025-07-01,2025-07-15
2025-07-31,634.0816044685715,634.4682782312485,625.4646925404661,626.763671875,103385200,572.414512700583,572.5042065088016,561.784002550513,562.9197998046875,64613600,16.72,37.48,2025-07-01,2025-07-15
2025-08-01,621.0322789916852,621.0719812920488,614.0812292944926,616.4907836914062,140103600,556.7626938955674,556.951993446216,549.6391201209816,551.8309936523438,69400800,20.38,37.48,2025-07-01,2025-07-15
2025-08-04,620.4075271113948,625.9108344398344,620.3183179857707,625.8612670898438,73218000,556.9817563948841,562.2322792440823,556.8821506732708,562.0130615234375,47669800,17.52,37.48,2025-07-01,2025-07-15
2025-08-05,626.476110377079,627.2892207726588,621.7660617410078,622.688232421875,68051400,563.2983805936119,564.4640352064246,557.6592854470431,558.1973266601562,48666600,17.85,37.48,2025-07-01,2025-07-15
2025-08-06,623.7590952688204,628.1121858315174,622.8468502662965,627.457763671875,64357500,559.0342039471559,565.6596271290572,558.5559991276681,565.2212524414062,41823700,16.77,37.48,2025-07-01,2025-07-15
2025-08-07,630.8886206499576,631.6223868787783,623.8185857342208,626.9321899414062,74205800,569.5551584832303,571.1990788301907,563.0194288475504,567.1341552734375,44463000,16.57,37.48,2025-07-01,2025-07-15
2025-08-08,628.727047311219,632.2868791777582,628.4097315038053,631.82080078125,64051600,568.3396307619837,572.6436562068012,568.0407527747095,572.4244384765625,35255500,15.15,37.48,2025-07-01,2025-07-15
2025-08-11,632.0984361099556,633.5758942477272,629.3219380955197,630.5713500976562,58742300,572.5639325532171,574.6661119984625,569.4554798808987,570.730712890625,33112900,16.25,37.48,2025-07-01,2025-07-15
2025-08-12,632.9214074238032,637.4430514601922,631.4340237207567,637.284423828125,64730800,573.0321895540377,578.2029917684722,570.372084149425,577.9041137695312,42143300,14.73,37.48,2025-07-01,2025-07-15
2025-08-13,639.4856719739724,640.7549350171026,637.2744477443421,639.4658813476562,60092800,580.604084362888,581.1620102059526,576.7982091868794,578.1930541992188,41209300,14.49,37.48,2025-07-01,2025-07-15
2025-08-14,637.3835851461316,640.1897994624859,636.9374184340268,639.5254516601562,59327500,576.1407216563158,579.7273793774012,575.7720345015408,577.7447509765625,45425000,14.83,37.48,2025-07-01,2025-07-15
2025-08-15,640.5566774831647,640.6558727131268,637.11589211782,638.0281372070312,68592500,577.6550842269212,577.6949751695009,573.4407520858407,575.2042236328125,49480200,15.09,37.85,2025-08-01,2025-08-15
2025-08-18,637.4529805837014,638.5834067295413,636.7787072305159,637.8892822265625,43804900,574.3074712675442,575.6325679790418,573.1118984877381,574.9749755859375,29831000,14.99,37.85,2025-08-01,2025-08-15
2025-08-19,637.7108075589789,638.6924711313014,633.1098193903536,634.4286499023438,69750700,574.2576936083949,574.4270476767487,566.1477924665415,567.1740112304688,53752600,15.57,37.85,2025-08-01,2025-08-15
2025-08-20,634.0221697813646,634.2799321395609,627.626407225106,632.7429809570312,88890300,566.2274603525832,566.347011543646,556.772578668353,563.8064575195312,76781100,15.69,37.85,2025-08-01,2025-08-15
2025-08-21,630.9283690027011,632.604096553562,628.4791123479844,630.2044677734375,54805800,562.2622161511607,564.3943140175195,558.9046880126308,561.1962280273438,46436900,16.6,37.85,2025-08-01,2025-08-15
2025-08-22,632.3958390332336,641.0623176031913,631.8901189367884,639.88232421875,84083200,562.5810219572568,571.8665505027725,561.186237654488,569.85400390625,51502100,14.22,37.85,2025-08-01,2025-08-15
2025-08-25,638.6230864860744,639.8625729858918,636.9472983174492,637.0662841796875,51274300,568.2898040708618,571.1690661717927,567.0543404263368,568.2100830078125,34044700,14.79,37.85,2025-08-01,2025-08-15
2025-08-26,636.798516612414,640.0806740325912,636.1738106528877,639.7335815429688,51581600,567.7219543005008,570.8004889189272,566.6957355547859,570.4916381835938,34103000,14.62,37.85,2025-08-01,2025-08-15
2025-08-27,639.148612992103,641.9250504526357,638.9998504138363,641.1912841796875,48341100,569.4754735923461,572.2849877073902,568.2599552674767,571.368408203125,36927100,14.85,37.85,2025-08-01,2025-08-15
2025-08-28,641.7961126896905,644.0172625669782,639.9121297324674,643.4619750976562,61519500,571.9860851866184,575.8617088595212,570.3422257905413,574.9451293945312,46787900,14.43,37.85,2025-08-01,2025-08-15
2025-08-29,642.0242015644989,642.3911452321481,637.7306640961879,639.6245727539062,74522200,572.5341066955731,572.9027938819278,566.4367515618461,568.2899169921875,56030400,15.36,37.85,2025-08-01,2025-08-15
2025-09-02,632.13804448044,635.1028861742022,629.5797276837342,634.884765625,81983500,559.2334132357979,563.8761466603551,557.469941948523,563.5274658203125,65876800,17.17,37.85,2025-08-01,2025-08-15
2025-09-03,637.2645539172183,638.7916398746721,635.0731807265284,638.3255615234375,70820900,567.1242013007502,569.5850955347586,564.6334496680194,567.9611206054688,54230200,16.35,37.85,2025-08-01,2025-08-15
2025-09-04,638.999797688006,643.6900550422279,638.09747828346,643.6602783203125,65219200,568.6285491052419,573.4705550386212,566.9249141338813,573.1019287109375,47526300,15.3,37.85,2025-08-01,2025-08-15
2025-09-05,646.0004708304714,646.7243720544352,637.9190556866993,641.796142578125,85178900,578.3424981949754,578.9701724080204,569.4156841594208,573.9288940429688,68342500,15.18,37.85,2025-08-01,2025-08-15
2025-09-08,643.1644862104067,644.3742563254497,641.7861629025881,643.3727416992188,63133100,576.2303043493281,578.6911981583403,575.6325483844515,576.7284545898438,46371400,15.11,37.85,2025-08-01,2025-08-15
2025-09-09,643.5115612591451,645.3856792185645,641.7762803015634,644.8601684570312,66133900,577.5255685086003,578.7908897662577,574.9052929899314,578.3624877929688,44007600,15.04,37.85,2025-08-01,2025-08-15
2025-09-10,648.122479271532,649.0446498954948,645.1576374702139,646.724365234375,78034500,581.5804896782814,581.6104078841153,576.4096872460331,578.5517578125,49308000,15.35,37.85,2025-08-01,2025-08-15
2025-09-11,648.6778210448584,652.7929404681626,648.092817304151,652.0988159179688,69934400,581.0823312583443,582.7162787776647,579.4683292093007,581.9192504882812,44745800,14.71,37.85,2025-08-01,2025-08-15
2025-09-12,652.0689585463732,653.5662677492645,651.3748946038203,651.8805541992188,72780100,582.875622079706,585.6851967841828,581.9390971782137,584.4896240234375,50745900,14.76,37.85,2025-08-01,2025-08-15
2025-09-15,654.0918582328915,655.4800466805781,653.7943936028013,655.3511352539062,63772400,586.2631455882268,589.6007283774782,586.1136761698691,589.4911499023438,44360300,15.69,38.59,2025-09-01,2025-09-15
2025-09-16,655.9064595692537,656.213910313041,653.6655188822047,654.4488525390625,61169000,590.417622334017,590.6666974580144,588.3054701472681,588.992919921875,36942100,16.36,38.59,2025-09-01,2025-09-15
2025-09-17,654.4587170331596,656.1542956225366,648.7967216101163,653.6356811523438,101952200,588.9132280535239,589.560847731768,582.2081448420756,587.8173217773438,69384800,15.72,38.59,2025-09-01,2025-09-15
2025-09-18,656.3229972048737,659.2977648370164,654.7166275252608,656.6898803710938,90459200,592.7091584852494,595.9272507480725,590.7664209781601,593.11767578125,61069300,15.7,38.59,2025-09-01,2025-09-15
2025-09-19,658.5800832029405,660.7874850308027,656.6311583459587,659.9423217773438,97945600,595.1202047360832,597.83011295333,593.6456386208329,597.1326904296875,58196100,15.45,38.59,2025-09-01,2025-09-15
2025-09-22,658.4508309420254,663.5119788762895,658.4209716621773,663.0645751953125,69452200,596.2190510860968,601.3360027595129,596.1990824942005,600.667724609375,57154800,16.1,38.59,2025-09-01,2025-09-15
2025-09-23,662.9452156846509,663.5617612775759,658.2320617574377,659.4551391601562,81708900,600.8372900448078,601.0367933292055,595.4609900615409,596.6779174804688,64635500,16.64,38.59,2025-09-01,2025-09-15
2025-09-24,660.7477220570149,660.8471316064555,655.9350982101993,657.3569946289062,68082200,598.0544387994095,598.3736318933126,591.8502333814113,594.583251953125,49850300,16.18,38.59,2025-09-01,2025-09-15
2025-09-25,654.2149171420698,655.6765652531099,650.7048739536411,654.3242797851562,89622100,590.6932034651784,593.6057566967052,587.0026056631178,592.0198364257812,70920200,16.74,38.59,2025-09-01,2025-09-15
2025-09-26,655.7760789419195,658.619871988132,654.1553026157394,658.072998046875,69179200,592.8376791327265,594.7827296224774,589.5560723046866,594.4535522460938,54337400,15.29,38.59,2025-09-01,2025-09-15
2025-09-29,660.5985670660314,661.5134019828115,658.112721358766,659.9224243164062,73499000,597.5855809487724,600.5181027058711,595.8898943349653,597.20654296875,48332900,16.12,38.59,2025-09-01,2025-09-15
2025-09-30,659.1766647693167,662.8756347075731,657.8641309647478,662.4082641601562,86288000,596.9073409482912,599.1815689140329,594.5832523790604,598.8424072265625,46533800,16.28,38.59,2025-09-01,2025-09-15
2025-10-01,659.4152702620313,665.5801794564833,659.3059076216911,664.6654052734375,72545400,595.6504804045827,602.2536309055715,594.8226361779185,601.7150268554688,46899600,16.29,38.59,2025-09-01,2025-09-15
2025-10-02,666.6540464714482,666.7733621981591,663.004842335434,665.4309692382812,56896000,605.5153536087707,605.6150748101588,601.3958573858611,604.188720703125,43765400,16.63,38.59,2025-09-01,2025-09-15
2025-10-03,666.1966948783695,668.8714672806448,664.377038831869,665.421142578125,70494400,604.9668078782124,605.7847287787447,599.859840058186,601.645263671875,46482100,16.65,38.59,2025-09-01,2025-09-15
2025-10-06,667.8174482099862,668.7024238148077,665.669704301124,667.8074951171875,54623300,606.9018036091138,607.8094613156995,604.4280726015548,606.1636962890625,41962100,16.37,38.59,2025-09-01,2025-09-15
2025-10-07,668.7322238208072,669.1796881705657,663.8898014056139,665.3316040039062,72020100,607.4703970532165,608.1586438162234,601.4956480641417,602.9718627929688,58209500,17.24,38.59,2025-09-01,2025-09-15
2025-10-08,666.4552183740389,669.398481470165,665.6299006256374,669.2990112304688,60702200,603.8695906281247,610.1934861561377,603.7200088104369,609.88427734375,50629800,16.3,38.59,2025-09-01,2025-09-15
2025-10-09,669.7166839203261,670.1243359074817,665.4211353124821,667.3600463867188,66501900,609.9241018375851,610.0537759298148,605.9342796270852,609.1461181640625,45551000,16.43,38.59,2025-09-01,2025-09-15
2025-10-10,668.324542434099,670.1342452495495,649.14378031214,649.32275390625,159422600,609.8443624637231,611.6198017284072,587.5511938507611,588.0000610351562,97614800,21.66,38.59,2025-09-01,2025-09-15
2025-10-13,656.9095884512618,661.3642043859337,656.0345659370097,659.2860107421875,79560500,598.1541220292103,601.415821078074,595.7103438165695,600.4782104492188,65872600,19.03,38.59,2025-09-01,2025-09-15
2025-10-14,653.4492417720955,662.0602448848334,649.4718888267987,658.4805908203125,88779600,593.7952358040048,601.1564623206032,588.6284235801336,596.4783935546875,69203200,20.81,38.59,2025-09-01,2025-09-15
2025-10-15,663.0446129876665,666.4352795829697,655.1992699391986,661.4039306640625,81702600,602.4731063786636,605.1562641092269,594.4136488911962,600.6876220703125,62805500,20.64,39.31,2025-10-01,2025-10-15
2025-10-16,663.0445999065358,664.9239136533134,653.3895542222015,656.8995971679688,110563300,603.5702851791965,606.7621549667239,593.9847524006545,598.4633178710938,70982000,25.31,39.31,2025-10-01,2025-10-15
2025-10-17,655.7660892614911,661.9906565438909,654.4138037793879,660.62841796875,96500900,596.4285459627954,603.9693073296388,594.8525491800316,602.393310546875,72024900,20.78,39.31,2025-10-01,2025-10-15
2025-10-20,663.5418206897375,668.4041493887289,663.4921159142255,667.499267578125,60493400,605.5951192469275,611.2406903321764,605.5252900595317,609.98388671875,45761700,18.23,39.31,2025-10-01,2025-10-15
2025-10-21,667.638493864759,669.1797060532549,666.1867381348511,667.4893188476562,56249000,610.0837500489531,611.1609582497778,607.7696457807522,609.8244018554688,44538200,17.87,39.31,2025-10-01,2025-10-15
2025-10-22,668.1953369980629,668.1953369980629,659.5445816579371,664.0191040039062,80564000,609.2657958565487,609.8542605281881,598.2139715066553,603.9493408203125,61478800,18.6,39.31,2025-10-01,2025-10-15
2025-10-23,664.3372592841532,668.9012985038863,664.019063764971,667.9566650390625,65604500,603.3708114071275,609.8143961922938,602.9818500103868,609.0264282226562,42844300,17.3,39.31,2025-10-01,2025-10-15
2025-10-24,672.6300829996666,674.628651928334,671.8246714345047,673.4155883789062,74356500,614.4226241256162,616.8464337655934,613.5648269782704,615.52978515625,47632500,16.37,39.31,2025-10-01,2025-10-15
2025-10-27,678.8645527756448,681.658640907831,678.2580209918731,681.3603515625,63339800,622.930958710038,626.9506729134798,622.4422152319877,626.4918823242188,54098600,15.79,39.31,2025-10-01,2025-10-15
2025-10-28,683.1600908523567,685.0095454543999,680.9526890414517,683.1700439453125,61738100,628.7560864561588,633.0651018787079,627.648925370604,631.3095703125,61195700,16.42,39.31,2025-10-01,2025-10-15
2025-10-29,684.8206562449755,685.795149064121,679.0038013689816,683.4982299804688,85657100,633.9728090539653,635.3891789092543,628.6463695521778,634.15234375,67422800,16.92,39.31,2025-10-01,2025-10-15
2025-10-30,680.0279821977349,682.0564104652303,675.9810180664062,675.9810180664062,76335800,630.5614543099158,631.8880872300178,624.3473257513068,624.45703125,61628600,16.91,39.31,2025-10-01,2025-10-15
2025-10-31,681.1614116072222,681.2012239761448,675.3942622450203,678.1983032226562,87164100,632.5563592252307,632.5863121135939,625.0954113092228,627.4693603515625,66305100,17.44,39.31,2025-10-01,2025-10-15
2025-11-03,681.7878948104295,681.9171636388411,676.0903560257897,679.4711303710938,57315000,633.4939381480045,634.2021534587442,628.2473125587718,630.4716796875,37154300,17.17,39.31,2025-10-01,2025-10-15
2025-11-04,672.2820616639051,676.1103005794487,670.7607556049009,671.4169921875,78427000,621.6941527131348,625.354797701833,616.8864094378021,617.6743774414062,63830800,19.0,39.31,2025-10-01,2025-10-15
2025-11-05,671.1583975728993,677.0051112074705,670.3529860359731,673.7437133789062,74402400,616.9163015661201,625.0056518350635,615.6395900613109,621.6941528320312,48688500,18.01,39.31,2025-10-01,2025-10-15
2025-11-06,672.6399897028363,673.5448715272548,664.9338680034818,666.514892578125,85035300,620.2078932237561,620.4572571227977,608.7471381645778,610.1136474609375,72115100,19.5,39.31,2025-10-01,2025-10-15
2025-11-07,664.1284090392404,667.2805048704689,657.4663915648358,667.1710815429688,100592400,606.7621834660789,608.3980251800011,597.1466973484642,608.1885375976562,81835400,19.08,39.31,2025-10-01,2025-10-15
2025-11-10,673.4056154266486,678.3176487268574,671.2081667723378,677.5818481445312,75842900,617.3451949289606,622.7214951546598,615.3203917446493,621.6442260742188,55919900,17.6,39.31,2025-10-01,2025-10-15
2025-11-11,676.1002762110339,679.6997756663966,674.8871520395073,679.1329956054688,58953400,618.9910087880348,621.1355017301039,615.9487814833327,619.9884643554688,44868800,17.28,39.31,2025-10-01,2025-10-15
2025-11-12,680.9129156193362,681.0819968300743,677.0946904605516,679.5109252929688,62312500,623.2501373408774,623.2700450530867,616.2379957742788,619.4996948242188,47444400,17.51,39.31,2025-10-01,2025-10-15
2025-11-13,676.6472315164618,677.0051787486752,666.7237544337754,668.235107421875,103457800,615.9686873362173,616.5472286099415,604.5378855310528,606.8519897460938,71333600,20.0,39.31,2025-10-01,2025-10-15
2025-11-14,661.612768198211,671.8345335183507,659.5147291242073,668.1256713867188,96846700,598.0244819828539,611.7893568378086,595.6505328274214,607.310791015625,80087300,19.83,39.28,2025-11-01,2025-11-14
2025-11-17,665.9083353081996,669.8956413839408,658.4209391867944,661.901123046875,90456100,604.7573208445992,610.9215891749508,598.3436886131177,602.1240234375,63850400,22.38,39.28,2025-11-01,2025-11-14
2025-11-18,658.3512953245886,661.354216097308,652.146634691611,656.3427734375,114467500,598.0943000892208,600.7774579901122,589.8353996813287,594.792724609375,83327300,24.69,39.28,2025-11-01,2025-11-14
2025-11-19,657.0388554539629,663.5617119214406,655.0203196831769,658.8783569335938,94703000,595.5508254465173,604.6176628042144,593.077155027408,598.3436889648438,73111500,23.66,39.28,2025-11-01,2025-11-14
2025-11-20,669.1001291109939,671.7351497651099,648.1991802397498,648.8355712890625,165293500,610.0637948039835,612.4676969147798,583.262167456246,584.1798095703125,117743200,26.42,39.28,2025-11-01,2025-11-14
2025-11-21,651.3412595795126,660.7874729698119,647.1650267848305,655.2987670898438,123956200,585.9751825584982,595.4609945768989,579.2623261905873,588.568603515625,103344200,23.43,39.28,2025-11-01,2025-11-14
2025-11-24,658.9380055466532,666.2662734630499,657.8442577670318,664.9437866210938,80437900,593.7653733267485,605.1363301511908,593.6456226504143,603.6201782226562,60168100,20.52,39.28,2025-11-01,2025-11-14
2025-11-25,664.8444060411854,672.3815071629971,660.717877921785,671.1982421875,81077100,601.9743827443708,608.7072074163303,595.8001307211132,607.3406982421875,57560900,18.56,39.28,2025-11-01,2025-11-14
2025-11-26,673.7934667684052,677.8404309302599,672.8885849296569,675.8318481445312,71879600,610.9514997668095,614.6221288317284,608.8368989020178,612.70703125,42393600,17.19,39.28,2025-11-01,2025-11-14
2025-11-28,677.0051081523229,679.7991961322198,676.6471609574353,679.5208129882812,49212000,614.5423522607352,617.7442066386661,613.8541054647261,617.6743774414062,23034400,16.35,39.28,2025-11-01,2025-11-14
2025-12-01,674.9667014318244,679.1230277654502,674.8970904760725,676.41845703125,61201200,612.0686387329198,617.8638528985133,610.961477711232,615.599609375,40957600,17.24,39.28,2025-11-01,2025-11-14
2025-12-02,678.0591325179204,679.9483994968172,675.4838303983408,677.67138671875,62953800,617.8838431924653,622.1629056286581,616.018606165418,620.4173583984375,54541800,16.59,39.28,2025-11-01,2025-11-14
2025-12-03,676.7167950740063,681.0321891246488,675.8417725523884,680.0180053710938,57238500,618.0434315384043,622.6317029281745,616.4575112334458,621.9335327148438,47841600,16.08,39.28,2025-11-01,2025-11-14
2025-12-04,681.4199577792665,681.4895687361658,677.4824173401821,680.51513671875,61970300,623.339907329069,623.3498916256304,617.9636071501104,621.35498046875,47067800,15.78,39.28,2025-11-01,2025-11-14
2025-12-05,681.5890143183475,684.4925257185774,680.7040993957534,681.8078002929688,79241000,622.7913119974152,627.3197383563271,622.1230338136666,623.8884887695312,53614200,15.41,39.28,2025-11-01,2025-11-14
2025-12-08,682.7027235077143,682.7524282821314,677.7111260885928,679.7594604492188,55231500,625.6141268554061,627.2399842967836,620.10815265492,622.6915893554688,43462400,16.66,39.28,2025-11-01,2025-11-14
2025-12-09,679.2822138612034,681.5095218770947,678.7253868572307,679.1727905273438,58310100,621.4248072711308,624.2775156033157,619.4199118254116,623.4595947265625,37156000,16.93,39.28,2025-11-01,2025-11-14
2025-12-10,678.6955405173951,685.0692222502689,677.4526176554032,683.6771850585938,85671300,622.2626189242517,627.6090269272694,619.4099106697121,626.0130615234375,55031400,15.77,39.28,2025-11-01,2025-11-14
2025-12-11,681.2609148661827,685.3476304583654,678.3076987410943,685.26806640625,86173700,622.2327496814814,624.1877845427603,616.148234091509,623.98828125,58272800,14.85,39.28,2025-11-01,2025-11-14
2025-12-12,684.2737672143002,684.9797692517327,675.3247225627367,677.9000854492188,113160300,620.4972123256402,621.953458575216,609.8044563667469,612.0587158203125,75158700,15.74,39.28,2025-11-01,2025-11-14
2025-12-15,681.8574988128718,681.8774049984522,675.4042533093998,676.8758544921875,90811000,616.7966055109866,616.8464661142882,607.7696446385382,608.9865112304688,49538200,16.5,39.84,2025-12-01,2025-12-15
2025-12-16,675.3843754405706,677.2239376857725,671.1584377196804,675.0264282226562,122030600,606.7123103516171,611.9489518835392,605.3657088583533,610.1934204101562,55152800,16.48,39.84,2025-12-01,2025-12-15
2025-12-17,676.0406154817738,676.5874893555698,667.3998140691156,667.5986938476562,110625200,611.5001003103562,612.0886258751325,598.7526499708691,598.8822631835938,70654300,17.62,39.84,2025-12-01,2025-12-15
2025-12-18,673.7635606688432,676.8857972779194,671.0788959983324,672.6399536132812,108650100,608.2484274799762,611.3704684542074,605.3757504118026,607.5601806640625,78875800,16.87,39.84,2025-12-01,2025-12-15
2025-12-19,674.747283458469,679.2350273728672,674.6275542880097,678.7363891601562,103599500,610.392920608793,616.0484763883416,610.3131071204459,615.4799194335938,60369800,14.91,39.84,2025-12-01,2025-12-15
2025-12-22,682.0772531068674,683.4933686131409,678.7364013691785,682.96484375,69556700,620.5674955378034,620.8671665076671,616.9920478025754,618.4302368164062,43703100,14.08,39.84,2025-12-01,2025-12-15
2025-12-23,682.0572680421344,686.325640311278,682.0074163952171,686.0863037109375,64840000,617.42148892244,621.6261480926279,617.0020349130734,621.3265380859375,41120400,14.0,39.84,2025-12-01,2025-12-15
2025-12-24,686.0763204450832,688.9484813838191,685.9267046355759,688.4996948242188,39445600,621.2067276835874,623.4938829346665,620.9370481838333,623.144287109375,18468700,13.47,39.84,2025-12-01,2025-12-15
2025-12-26,688.758988861415,689.7761694005526,687.392725060237,688.4298706054688,41613300,623.873297918951,624.7322611929134,622.3552536061636,623.1043090820312,28959800,13.6,39.84,2025-12-01,2025-12-15
2025-12-29,685.6674092439482,687.322922191004,684.2014421207446,685.9765625,62559500,619.3190849184411,621.995763643064,617.9508150333834,620.088134765625,32458300,14.2,39.84,2025-12-01,2025-12-15
2025-12-30,685.5777200962995,686.6846823672308,684.7100944386586,685.138916015625,47160700,619.0594201394988,621.3964390816567,618.4401448660525,618.64990234375,31226800,14.33,39.84,2025-12-01,2025-12-15
2025-12-31,685.2685588951464,685.4879304984822,679.8533550408816,680.062744140625,74144800,618.8696789386981,619.1792861072609,613.2766946262738,613.536376953125,40746500,14.95,39.84,2025-12-01,2025-12-15
2026-01-02,683.842447277036,684.999261161205,677.9684744567207,681.309326171875,89377200,619.2791633693975,622.0656280105537,609.381669736326,612.347900390625,61859200,14.51,39.84,2025-12-01,2025-12-15
2026-01-05,684.6701449336617,687.5522884526621,684.5106074856512,685.846923828125,71927200,618.5400731036631,620.0281869343077,615.9433108116908,617.2117309570312,46828400,14.9,39.84,2025-12-01,2025-12-15
2026-01-06,686.0563439630641,690.4344019511112,685.9067890249802,689.92578125,69273800,618.4501618747352,623.2341686687002,617.7610283782293,622.6348876953125,43137500,14.75,39.84,2025-12-01,2025-12-15
2026-01-07,690.3047811958188,692.0699799720542,687.4426026835383,687.701904296875,75588300,622.2553845556755,627.1492383750701,621.7760085257346,623.2341918945312,44880300,15.38,39.84,2025-12-01,2025-12-15
2026-01-08,686.9439569075789,688.7390423054183,685.6175622141362,687.632080078125,64019200,622.2454332860368,622.6348958217857,617.0219780933957,619.6885986328125,50435900,15.45,39.84,2025-12-01,2025-12-15
2026-01-09,688.7489932725086,693.4162394407576,687.3029303433501,692.1796264648438,80125500,620.6273877403378,627.0992684709724,618.280371644388,625.86083984375,49688700,14.49,39.84,2025-12-01,2025-12-15
2026-01-12,688.7988836287034,694.1941832506386,688.7490319805348,693.2666625976562,63976000,621.5263228144307,628.0580650499223,621.4763979710708,626.3801879882812,37388700,15.12,39.84,2025-12-01,2025-12-15
2026-01-13,693.595779418591,694.194181802135,689.467040360938,691.8804931640625,78309700,626.4800871429724,628.6772678768714,622.9145755930199,625.4513549804688,44481400,15.98,39.84,2025-12-01,2025-12-15
2026-01-14,689.1180078469732,689.8360176539858,684.1714948792828,688.479736328125,94676700,621.4563902550666,622.6648884214621,613.7860691564842,618.769775390625,72598700,16.75,39.84,2025-12-01,2025-12-15
2026-01-15,692.678285342935,693.5558934557131,689.3673203481677,690.3546142578125,77862000,625.8108857116995,629.206628407055,619.9682771169513,620.9970092773438,53934900,15.84,40.03,2026-01-01,2026-01-15
2026-01-16,691.7707369284135,692.359156800422,688.22043529661,689.7761840820312,79289200,624.7123119754499,625.2915986535979,618.1006533744517,620.4776611328125,61058100,15.86,40.03,2026-01-01,2026-01-15
2026-01-20,679.6338820353151,682.9049778344743,674.7272992054969,675.7345581054688,111623300,609.7611716460692,614.2854351912486,606.2855126563834,607.2942504882812,81988900,20.09,40.03,2026-01-01,2026-01-15
2026-01-21,677.7989248999835,686.8641332264262,676.2830453044572,683.5332641601562,127844500,608.7024240227943,619.6386461402016,607.0944662344775,615.50390625,79837900,16.9,40.03,2026-01-01,2026-01-15
2026-01-22,687.9711412752974,689.2476843606095,685.0491285530771,687.103515625,77112200,621.5662350217955,621.6761428244047,617.0020437780021,619.978271484375,42254800,15.64,40.03,2026-01-01,2026-01-15
2026-01-23,686.2757685331861,689.0781127396581,685.2884137823622,687.352783203125,63059600,618.949566020391,624.612469784726,617.8709699342951,621.935791015625,43645800,16.09,40.03,2026-01-01,2026-01-15
2026-01-26,688.609372319757,692.2394730275811,688.0409174669724,690.84326171875,60473800,622.425196766994,626.81961915323,621.3365426117721,624.67236328125,35983000,16.15,40.03,2026-01-01,2026-01-15
2026-01-27,692.2893344912051,694.6329705879123,691.6810104865692,693.5957641601562,55506100,628.1179690883873,631.2440322678261,626.5499998769385,630.335205078125,38997200,16.35,40.03,2026-01-01,2026-01-15
2026-01-28,695.1515053497095,695.9393926651097,692.0499903412962,693.5259399414062,61172200,634.6597767228699,635.7982947738302,631.014348844542,632.4225463867188,50691700,16.35,40.03,2026-01-01,2026-01-15
2026-01-29,694.4933553961189,695.1615135683285,682.9648421722587,692.1497192382812,97486200,631.8533057393616,632.8719797654484,617.4914101080947,628.6373291015625,79944000,16.88,40.03,2026-01-01,2026-01-15
2026-01-30,689.9058246991844,692.3192774332931,685.2485609149509,690.0853271484375,101835100,624.9220440060533,627.4688205124429,618.5200822009824,621.0868530273438,65650700,17.44,40.03,2026-01-01,2026-01-15
2026-02-02,687.7019133171445,695.0318708971434,687.5423149981101,693.5159912109375,79286500,617.9208683974972,627.6985176699922,617.8808797571519,625.3515014648438,49020300,16.34,40.03,2026-01-01,2026-01-15
2026-02-03,694.3138377504575,695.0617950648859,682.1670182684101,687.6520385742188,107904600,627.5087242048245,629.1866011443993,610.1905958568021,615.7435913085938,81234000,18.0,40.03,2026-01-01,2026-01-15
2026-02-04,688.4697490630058,689.5667896413613,679.9031787408285,684.3211059570312,105204600,614.2455284678144,614.3253838343164,599.7138024298947,604.9871826171875,81850700,18.64,40.03,2026-01-01,2026-01-15
2026-02-05,679.0854402743204,681.8279505601881,673.9494421186707,675.7744750976562,113610800,599.4541864003901,604.0483693053457,594.0110373128413,596.2781982421875,89354500,21.77,40.03,2026-01-01,2026-01-15
2026-02-06,679.6039887472712,690.4244132010324,678.995603890688,688.739013671875,89127600,599.434154665902,610.6399955270392,598.0159600076653,608.8822631835938,78019300,17.76,40.03,2026-01-01,2026-01-15
2026-02-09,687.5423060693106,693.9747512796714,686.4652913399738,692.0599975585938,73885200,606.7748955946631,615.6837064208919,604.3080353554789,613.54638671875,56797600,17.36,40.03,2026-01-01,2026-01-15
2026-02-10,693.0572335194393,694.64286887948,689.7761552680904,690.2349243164062,65185700,614.5351423104305,616.2430108652889,610.2405694597212,610.699951171875,53938900,17.79,40.03,2026-01-01,2026-01-15
2026-02-11,694.4933668556342,695.2413241987686,687.3029816841566,690.075439453125,76353900,615.6037921922693,616.7423712103644,606.9247331463698,612.337890625,58575100,17.65,40.03,2026-01-01,2026-01-15
2026-02-12,692.3491972008484,693.4561594586687,678.5169776231163,679.41455078125,118829000,613.9358943887876,615.0344847338599,598.8149461335121,599.8836059570312,81378900,20.82,40.03,2026-01-01,2026-01-15
2026-02-13,679.833354327075,684.410879804094,675.6747287653898,679.8931884765625,96267500,599.673873409497,605.7162424752422,595.6689134343201,601.1619873046875,69237500,20.6,39.53,2026-02-01,2026-02-13
2026-02-17,678.287593220413,683.074507822494,673.9394826742099,680.9901733398438,81354700,597.626419057608,603.1894116444834,592.5927882610704,600.542724609375,69013800,20.29,39.53,2026-02-01,2026-02-13
2026-02-18,682.157061237011,687.2730943282486,680.9702998190471,684.4208374023438,73570300,601.3517411914925,609.0021290003773,599.9634770047899,605.027099609375,64250700,19.62,39.53,2026-02-01,2026-02-13
2026-02-19,681.9775120282383,684.311104689823,679.6937101433548,682.61572265625,58649400,602.0508799312083,605.0570991965415,599.993476524114,602.7100219726562,60960800,20.23,39.53,2026-02-01,2026-02-13
2026-02-20,680.4616860592505,688.1805961724377,679.8732661615737,687.5523071289062,100034000,599.3642756707148,609.581373723881,598.4753818004266,608.0433349609375,74127300,19.09,39.53,2026-02-01,2026-02-13
2026-02-23,685.9566804858357,688.1207533479937,678.5169762252317,680.531494140625,90558100,605.8460514657053,607.2443127599432,598.2955745850619,600.652587890625,63859100,21.01,39.53,2026-02-01,2026-02-13
2026-02-24,680.0427976196477,686.4751816677359,678.1479481229125,685.4779052734375,73798700,601.6414099286677,608.2230768722754,598.9747284234804,607.1044921875,55023700,19.55,39.53,2026-02-01,2026-02-13
2026-02-25,688.3002642742074,691.7907319065998,688.2204651135966,691.26220703125,56369500,610.3004608891118,616.053216829597,610.2305417280922,615.9033813476562,55710700,17.93,39.53,2026-02-01,2026-02-13
2026-02-26,691.391808867856,691.4117130049051,682.486077089091,687.422607421875,71671000,614.8148183820397,614.8148183820397,603.2193924504018,608.4727783203125,96178900,18.63,39.53,2026-02-01,2026-02-13
2026-02-27,681.2295779636313,684.9892686841309,679.7835149777827,684.1216430664062,83308900,602.2206376135266,607.5539396831472,601.4316544188312,606.5252075195312,68125200,19.86,39.53,2026-02-01,2026-02-13
2026-03-02,676.8515442239554,686.744509644098,676.1734035367807,684.5106201171875,87477200,598.1058012495889,609.1518702196468,597.2369017749593,607.32421875,75264600,21.44,39.53,2026-02-01,2026-02-13
2026-03-03,673.221445388408,680.7508704958498,667.8361281509542,678.4771118164062,105003100,595.5790600436336,603.1994564784976,591.1246545665933,600.8224487304688,97015500,23.57,39.53,2026-02-01,2026-02-13
2026-03-04,679.7735096903759,685.2186606854194,677.7689744100875,683.2639770507812,79182200,603.3991678160902,612.108218610738,602.6701065956436,609.9808959960938,70943900,21.15,39.53,2026-02-01,2026-02-13
2026-03-05,680.2223290726917,683.6629449535216,673.7699188745959,679.4544067382812,106606500,606.6350803018902,611.9883154244911,601.5015388569162,608.1431274414062,89602400,23.75,39.53,2026-02-01,2026-02-13
2026-03-06,671.5758690877306,674.2685275228549,667.9358467743081,670.5487060546875,100687000,599.5539822531658,605.2368188486739,597.5764953219963,598.9946899414062,86302300,29.49,39.53,2026-02-01,2026-02-13
2026-03-09,664.5750801817165,678.0681991431876,660.5859743093405,676.4227294921875,102667700,593.4816386137257,608.5027370453225,590.5853272955466,606.99462890625,93068200,25.5,39.53,2026-02-01,2026-02-13
2026-03-10,675.87413967305,681.4987932365287,672.9222404542279,675.3356323242188,81505300,607.0146358319374,612.5176457382476,604.65756151405,607.004638671875,64078900,24.93,39.53,2026-02-01,2026-02-13
2026-03-11,675.7345715953234,678.2277626375325,671.5061293267642,674.4879760742188,68441700,608.1831666985171,611.6587648578186,604.2681201890963,606.9247436523438,60114800,24.23,39.53,2026-02-01,2026-02-13
2026-03-12,669.3319958917509,669.8207124533001,664.0564256954588,664.2459106445312,108882200,602.0009473234562,603.3792143506387,596.2981160455262,596.5078735351562,71836600,27.29,39.53,2026-02-01,2026-02-13
2026-03-13,667.4472371497842,670.5088831921612,659.5587462493693,660.4862060546875,97200200,598.9747313072235,602.8398528802119,591.8237748266745,592.9722900390625,63145500,27.19,37.66,2026-03-01,2026-03-13
2026-03-16,666.5596317087426,670.239584206393,665.3030536555561,667.2078857421875,82023100,599.2843027330098,603.099499235842,598.3554812666724,599.6239013671875,49077200,23.51,37.66,2026-03-01,2026-03-13
2026-03-17,670.5586914524959,672.60309589337,667.8760155087483,668.9630126953125,87128000,602.3804630878033,605.1369970937805,601.1120429286618,602.5502319335938,47106600,22.37,37.66,2026-03-01,2026-03-13
2026-03-18,666.5396583763402,667.8959397089973,659.3892034355257,659.6285400390625,82062600,600.7325461165636,602.400426051188,593.8112802396884,594.15087890625,56128000,25.09,37.66,2026-03-01,2026-03-13
2026-03-19,655.1806813207687,661.1743225351036,653.3855958813168,658.0029907226562,111272500,588.7676039624899,595.0496606380132,586.3406715242521,592.273193359375,75597600,24.06,37.66,2026-03-01,2026-03-13
2026-03-20,656.510009765625,656.6900024414062,644.719970703125,648.5700073242188,163617500,590.3156309505814,590.4254777892629,577.8113788279011,581.3269653320312,91964700,26.78,37.66,2026-03-01,2026-03-13
2026-03-23,658.0700073242188,662.6199951171875,653.9400024414062,655.3800048828125,134802700,590.52001953125,595.0800170898438,585.9600219726562,588.0,89936100,26.15,37.66,2026-03-01,2026-03-13
2026-03-24,651.3200073242188,657.030029296875,649.8800048828125,653.1799926757812,96457500,584.8099975585938,587.9299926757812,581.9299926757812,583.97998046875,57750900,26.95,37.66,2026-03-01,2026-03-13
2026-03-25,658.6699829101562,660.8900146484375,654.239990234375,656.8200073242188,90653800,589.1400146484375,591.3699951171875,585.6900024414062,587.8200073242188,60475500,25.33,37.66,2026-03-01,2026-03-13
2026-03-26,652.0599975585938,654.8499755859375,644.8200073242188,645.0900268554688,96494400,582.5999755859375,584.6300048828125,573.4299926757812,573.7899780273438,81492100,27.44,37.66,2026-03-01,2026-03-13
2026-03-27,642.5,642.6599731445312,633.1099853515625,634.0900268554688,103649400,570.8099975585938,571.02001953125,561.5700073242188,562.5800170898438,82702200,31.05,37.66,2026-03-01,2026-03-13
2026-03-30,640.1099853515625,640.3699951171875,629.280029296875,631.969970703125,99275900,567.3800048828125,568.0499877929688,555.5999755859375,558.280029296875,70602600,30.61,37.66,2026-03-01,2026-03-13
2026-03-31,638.9400024414062,651.5399780273438,637.97998046875,650.3400268554688,152534100,564.2899780273438,578.6400146484375,564.2100219726562,577.1799926757812,95878000,25.25,37.66,2026-03-01,2026-03-13
2026-04-01,653.9000244140625,658.52001953125,653.0,655.239990234375,97841500,581.47998046875,587.739990234375,580.4199829101562,584.3099975585938,79435100,24.54,37.66,2026-03-01,2026-03-13
2026-04-02,646.4199829101562,658.2000122070312,645.1099853515625,655.8300170898438,68358700,573.969970703125,586.0499877929688,571.9199829101562,584.97998046875,50941700,23.87,37.66,2026-03-01,2026-03-13
2026-04-06,655.8599853515625,659.719970703125,655.52001953125,658.9299926757812,39105800,586.22998046875,590.6099853515625,584.6900024414062,588.5,35108500,24.17,37.66,2026-03-01,2026-03-13
2026-04-07,656.6500244140625,659.6099853515625,651.0599975585938,659.219970703125,69980400,585.6400146484375,588.97998046875,578.4000244140625,588.5900268554688,49948200,25.78,37.66,2026-03-01,2026-03-13
2026-04-08,676.3900146484375,677.0800170898438,671.4600219726562,676.010009765625,93606100,608.7100219726562,609.9000244140625,602.1199951171875,606.0900268554688,63086000,21.04,37.66,2026-03-01,2026-03-13
2026-04-09,674.8400268554688,681.1599731445312,673.77001953125,679.9099731445312,57134400,605.9299926757812,610.5,603.030029296875,610.1900024414062,37837500,19.49,37.66,2026-03-01,2026-03-13
2026-04-10,681.3200073242188,682.030029296875,678.4500122070312,679.4600219726562,42253500,611.8400268554688,613.6699829101562,609.5800170898438,611.0700073242188,34038500,19.23,37.66,2026-03-01,2026-03-13
2026-04-13,677.4099731445312,686.2999877929688,676.5800170898438,686.0999755859375,54185800,609.47998046875,626.739990234375,608.1099853515625,617.3900146484375,32972100,19.12,37.66,2026-03-01,2026-03-13
2026-04-14,687.6900024414062,694.5800170898438,687.6599731445312,694.4600219726562,63480500,620.219970703125,628.5999755859375,620.0999755859375,628.5999755859375,49921100,18.36,37.66,2026-03-01,2026-03-13
2026-04-15,695.260009765625,700.280029296875,694.2000122070312,699.9400024414062,58240400,629.0800170898438,637.8300170898438,628.2000122070312,637.4000244140625,50102400,18.17,38.93,2026-04-01,2026-04-15
2026-04-16,701.0599975585938,702.780029296875,698.530029296875,701.6599731445312,49972400,639.2100219726562,642.1799926757812,635.260009765625,640.469970703125,42320600,17.94,38.93,2026-04-01,2026-04-15
2026-04-17,706.1400146484375,712.3900146484375,705.760009765625,710.1400146484375,70661900,645.5900268554688,650.0,644.0700073242188,648.8499755859375,53488900,17.48,38.93,2026-04-01,2026-04-15
2026-04-20,708.780029296875,709.9099731445312,706.1400146484375,708.719970703125,43546800,648.0399780273438,648.760009765625,642.52001953125,646.7899780273438,37138500,18.87,38.93,2026-04-01,2026-04-15
2026-04-21,710.280029296875,711.280029296875,702.6400146484375,704.0800170898438,58941400,648.4099731445312,650.2000122070312,642.2100219726562,644.3300170898438,39580500,19.5,38.93,2026-04-01,2026-04-15
2026-04-22,709.1500244140625,711.4500122070312,708.219970703125,711.2100219726562,42518500,650.1500244140625,655.3300170898438,648.52001953125,655.1099853515625,37368400,18.92,38.93,2026-04-01,2026-04-15
2026-04-23,709.5,712.3599853515625,702.280029296875,708.4500122070312,56174000,653.5499877929688,656.9199829101562,645.52001953125,651.4199829101562,40099800,19.31,38.93,2026-04-01,2026-04-15
2026-04-24,710.75,714.469970703125,709.010009765625,713.9400024414062,45182000,658.510009765625,664.510009765625,656.530029296875,663.8800048828125,45563100,18.71,38.93,2026-04-01,2026-04-15
2026-04-27,713.1699829101562,715.6300048828125,712.2999877929688,715.1699829101562,33135900,663.4000244140625,664.4299926757812,660.6900024414062,664.22998046875,32717000,18.02,38.93,2026-04-01,2026-04-15
2026-04-28,711.8200073242188,712.8800048828125,709.25,711.6900024414062,43117400,657.4099731445312,659.6400146484375,653.8099975585938,657.5499877929688,34147900,17.83,38.93,2026-04-01,2026-04-15
2026-04-29,711.0,712.2000122070312,708.3699951171875,711.5800170898438,41859200,658.6300048828125,661.719970703125,656.5900268554688,661.5700073242188,31724900,18.81,38.93,2026-04-01,2026-04-15
2026-04-30,714.6300048828125,719.7899780273438,710.4500122070312,718.6599731445312,67240900,665.3499755859375,668.9000244140625,657.5599975585938,667.739990234375,40622200,16.89,38.93,2026-04-01,2026-04-15
2026-05-01,721.25,724.8699951171875,720.469970703125,720.6500244140625,43049800,669.1599731445312,675.969970703125,668.7999877929688,674.1500244140625,39172600,16.99,38.93,2026-04-01,2026-04-15
2026-05-04,720.0700073242188,722.1199951171875,714.989990234375,718.010009765625,51950600,674.6599731445312,676.72998046875,668.9000244140625,672.8800048828125,34542000,18.29,38.93,2026-04-01,2026-04-15
2026-05-05,721.77001953125,725.0399780273438,721.489990234375,723.77001953125,36933200,677.9600219726562,682.77001953125,677.510009765625,681.6099853515625,37101100,17.38,38.93,2026-04-01,2026-04-15
2026-05-06,728.1599731445312,734.5900268554688,727.8200073242188,733.8300170898438,53288900,687.780029296875,695.9299926757812,686.47998046875,695.77001953125,38778500,17.39,38.93,2026-04-01,2026-04-15
2026-05-07,735.0499877929688,736.1300048828125,729.75,731.5800170898438,51724600,696.5800170898438,701.239990234375,691.77001953125,694.9400024414062,43779100,17.08,38.93,2026-04-01,2026-04-15
2026-05-08,734.9299926757812,738.0800170898438,734.5700073242188,737.6199951171875,47227100,699.9199829101562,711.22998046875,699.5,711.22998046875,44320400,17.19,38.93,2026-04-01,2026-04-15
2026-05-11,736.4500122070312,740.7899780273438,736.4500122070312,739.2999877929688,44024000,710.3599853515625,714.5900268554688,708.9099731445312,713.2899780273438,36019100,18.38,38.93,2026-04-01,2026-04-15
2026-05-12,736.8900146484375,738.8400268554688,731.8300170898438,738.1799926757812,54185300,708.219970703125,710.1799926757812,696.6400146484375,707.239990234375,45873000,17.99,38.93,2026-04-01,2026-04-15
2026-05-13,738.469970703125,743.9099731445312,735.469970703125,742.3099975585938,44200200,709.9600219726562,716.6500244140625,704.8300170898438,714.7100219726562,40012500,17.87,38.93,2026-04-01,2026-04-15
2026-05-14,743.6500244140625,749.530029296875,743.5599975585938,748.1699829101562,45307600,714.6199951171875,722.030029296875,714.219970703125,719.7899780273438,33327500,17.26,38.93,2026-04-01,2026-04-15
2026-05-15,741.7899780273438,743.4600219726562,737.9600219726562,739.1699829101562,60410800,710.1400146484375,715.1300048828125,705.5499877929688,708.9299926757812,51792700,18.43,41.04,2026-05-01,2026-05-15
2026-05-18,739.8300170898438,741.4199829101562,733.3900146484375,738.6500244140625,47843900,711.5399780273438,712.0700073242188,698.8499755859375,705.8800048828125,49834500,17.82,41.04,2026-05-01,2026-05-15
2026-05-19,734.780029296875,737.6500244140625,731.530029296875,733.72998046875,54255900,699.8099975585938,706.489990234375,695.25,701.530029296875,46827500,18.06,41.04,2026-05-01,2026-05-15
2026-05-20,735.7100219726562,741.8699951171875,733.8900146484375,741.25,45768000,705.2899780273438,713.1500244140625,703.7899780273438,713.1500244140625,36779200,17.44,41.04,2026-05-01,2026-05-15
2026-05-21,738.6400146484375,744.8699951171875,737.030029296875,742.719970703125,43332200,708.989990234375,717.1199951171875,706.77001953125,714.510009765625,36415400,16.76,41.04,2026-05-01,2026-05-15
2026-05-22,746.239990234375,748.9400024414062,744.47998046875,745.6400146484375,41762000,718.0700073242188,722.1199951171875,715.9500122070312,717.5399780273438,33118600,16.7,41.04,2026-05-01,2026-05-15
2026-05-26,750.010009765625,752.1300048828125,748.3699951171875,750.5900268554688,41123600,725.9600219726562,731.1699829101562,724.1599731445312,730.280029296875,34254700,17.01,41.04,2026-05-01,2026-05-15
2026-05-27,750.8800048828125,751.3800048828125,748.219970703125,750.4600219726562,42106300,732.9600219726562,733.3200073242188,725.4400024414062,729.4500122070312,35148700,16.29,41.04,2026-05-01,2026-05-15
2026-05-28,750.25,755.1500244140625,749.22998046875,754.5999755859375,41562600,729.72998046875,736.5999755859375,726.4099731445312,735.5999755859375,32840000,15.74,41.04,2026-05-01,2026-05-15
2026-05-29,755.9000244140625,758.0800170898438,754.6900024414062,756.47998046875,54976100,737.8400268554688,741.6300048828125,735.25,738.3099975585938,37477400,15.32,41.04,2026-05-01,2026-05-15
